# This file uses centimeters as units for non-parametric coordinates.

mtllib Sarcofag.mtl
g default
v -10.859385 0.222416 24.908234
v -10.859385 21.941193 24.908236
v 10.859385 0.222416 24.908234
v -10.859385 0.222418 -21.269621
v 10.859385 21.941193 24.908236
v -10.859385 21.941193 -21.269621
v -9.361531 21.941193 22.744753
v 10.859385 0.222418 -21.269621
v 9.361531 21.941193 22.744753
v 10.859385 21.941193 -21.269621
v -9.361531 21.941193 -19.106140
v -9.361531 9.576069 22.744755
v 9.361531 21.941193 -19.106140
v 9.361531 9.576069 22.744755
v -9.361531 9.576071 -19.106140
v 9.361531 9.576071 -19.106140
vt 0.281141 0.141077
vt 0.718859 0.141077
vt 0.718859 0.141077
vt 0.281141 0.141077
vt 0.281141 0.542704
vt 0.281141 0.542704
vt 0.718859 0.542704
vt 0.688671 0.159894
vt 0.311329 0.159894
vt 0.311329 0.523887
vt 0.718859 0.542704
vt 0.688671 0.523887
vt 0.688671 0.159894
vt 0.311329 0.159894
vt 0.311329 0.523887
vt 0.688671 0.523887
vt 0.980348 0.398536
vt 0.980348 0.038759
vt 0.882784 0.038759
vt 0.882784 0.398536
vt 0.959381 1.000000
vt 0.959381 0.000000
vt 0.989588 0.000000
vt 0.989588 1.000000
vt 0.007923 0.000000
vt 0.007923 1.000000
vt 0.043108 1.000000
vt 0.043108 0.000000
vt 0.273371 0.015137
vt 0.273371 0.015137
vt 0.769547 0.027220
vt 0.769547 0.027220
vt 0.897171 0.713220
vt 0.897171 0.713220
vt 0.897171 0.503755
vt 0.897171 0.503755
vn 0.000000 -0.000000 1.000000
vn 0.000000 -0.000000 1.000000
vn 0.000000 -0.000000 1.000000
vn 0.000000 -0.000000 1.000000
vn -1.000000 0.000000 0.000000
vn -1.000000 0.000000 0.000000
vn -1.000000 0.000000 0.000000
vn -1.000000 0.000000 0.000000
vn 0.000000 -1.000000 -0.000000
vn 0.000000 -1.000000 -0.000000
vn 0.000000 -1.000000 -0.000000
vn 0.000000 -1.000000 -0.000000
vn 0.000000 1.000000 0.000000
vn 0.000000 1.000000 0.000000
vn 0.000000 1.000000 0.000000
vn 0.000000 1.000000 0.000000
vn 0.000000 1.000000 0.000000
vn 0.000000 1.000000 0.000000
vn 0.000000 1.000000 0.000000
vn 0.000000 1.000000 0.000000
vn 1.000000 0.000000 0.000000
vn 1.000000 0.000000 0.000000
vn 1.000000 0.000000 0.000000
vn 1.000000 0.000000 0.000000
vn 0.000000 0.000000 -1.000000
vn 0.000000 0.000000 -1.000000
vn 0.000000 0.000000 -1.000000
vn 0.000000 0.000000 -1.000000
vn 0.000000 1.000000 0.000000
vn 0.000000 1.000000 0.000000
vn 0.000000 1.000000 0.000000
vn 0.000000 1.000000 0.000000
vn 0.000000 1.000000 -0.000000
vn 0.000000 1.000000 -0.000000
vn 0.000000 1.000000 -0.000000
vn 0.000000 1.000000 -0.000000
vn 0.000000 -0.000000 -1.000000
vn 0.000000 -0.000000 -1.000000
vn 0.000000 -0.000000 -1.000000
vn 0.000000 -0.000000 -1.000000
vn 1.000000 0.000000 0.000000
vn 1.000000 0.000000 0.000000
vn 1.000000 0.000000 0.000000
vn 1.000000 0.000000 0.000000
vn -1.000000 -0.000000 0.000000
vn -1.000000 -0.000000 0.000000
vn -1.000000 -0.000000 0.000000
vn -1.000000 -0.000000 0.000000
vn 0.000000 0.000000 1.000000
vn 0.000000 0.000000 1.000000
vn 0.000000 0.000000 1.000000
vn 0.000000 0.000000 1.000000
vn 0.000000 1.000000 0.000000
vn 0.000000 1.000000 0.000000
vn 0.000000 1.000000 0.000000
vn 0.000000 1.000000 0.000000
s off
g sarc1
usemtl lambert2SG
f 1/17/1 3/18/2 5/19/3 2/20/4
f 1/25/5 2/26/6 6/27/7 4/28/8
f 4/6/9 8/7/10 3/2/11 1/1/12
f 2/4/13 5/3/14 9/8/15 7/9/16
f 6/5/17 2/4/18 7/9/19 11/10/20
f 5/21/21 3/22/22 8/23/23 10/24/24
f 6/5/25 10/11/26 8/7/27 4/6/28
f 5/3/29 10/11/30 13/12/31 9/8/32
f 10/11/33 6/5/34 11/10/35 13/12/36
f 7/9/37 9/8/38 14/13/39 12/14/40
f 11/10/41 7/9/42 12/14/43 15/15/44
f 9/8/45 13/12/46 16/16/47 14/13/48
f 13/33/49 11/34/50 15/35/51 16/36/52
f 12/29/53 14/30/54 16/31/55 15/32/56
g default
v -6.442396 36.762066 21.905199
v -6.514475 37.144497 21.707012
v -6.250140 37.206219 21.973217
v -6.591051 35.442062 22.044926
v -6.256210 37.737808 21.709692
v -6.645017 35.434834 21.759096
v -6.516279 37.153961 19.885252
v -6.342789 35.475315 22.094051
v -5.252257 37.418251 21.969259
v -6.442397 34.161880 21.905190
v -5.271286 37.975185 21.708567
v -6.264668 37.747005 19.889477
v -6.657848 35.433117 19.825359
v -6.514464 33.760208 21.706982
v -6.442396 36.762070 19.058233
v -5.306365 35.614120 22.068624
v -6.249580 33.770298 21.973022
v -2.942472 37.989872 21.969639
v -5.292670 37.979343 19.898693
v -2.950015 38.625328 21.708191
v -6.249752 37.205578 18.796114
v -6.516118 33.751087 19.885464
v -6.531640 35.450020 18.734344
v -6.251837 33.241947 21.707455
v -5.252258 33.824490 21.969248
v -3.040434 35.958046 22.089607
v 0.000000 38.361874 21.969250
v -2.955377 38.632698 19.899557
v -5.252257 37.418247 18.810900
v 0.000000 39.035954 21.703707
v -6.277575 35.484047 18.408783
v -6.442397 34.161884 19.058214
v -6.257899 33.233727 19.891487
v -5.263063 33.266258 21.706242
v -2.941993 33.892857 21.969490
v 0.000000 36.212070 22.090172
v 2.942472 37.989868 21.969635
v -2.942568 37.990097 18.809309
v 0.000000 39.040512 19.901215
v -5.281282 35.617481 18.441296
v 2.950015 38.625328 21.708191
v -6.249433 33.770580 18.796488
v -5.275492 33.260509 19.899927
v -2.949956 33.259117 21.708153
v 0.000000 33.937031 21.969250
v 3.040434 35.958046 22.089607
v 5.252257 37.418251 21.969259
v 0.000000 38.361870 18.810890
v -2.977023 35.946930 18.417339
v 2.955377 38.632702 19.899561
v -5.252257 33.824493 18.810888
v 5.271285 37.975189 21.708563
v -2.957897 33.250992 19.899183
v 0.000000 33.256752 21.707336
v 2.941993 33.892857 21.969490
v 5.306365 35.614124 22.068628
v 6.250140 37.206219 21.973217
v 0.000000 36.176888 18.407810
v 2.942569 37.990097 18.809309
v -2.941826 33.893200 18.810139
v 5.292670 37.979340 19.898697
v 6.256211 37.737808 21.709692
v 0.000000 33.248180 19.899441
v 2.949956 33.259117 21.708153
v 5.252257 33.824490 21.969248
v 6.342789 35.475315 22.094049
v 6.442396 36.762066 21.905207
v 2.977023 35.946930 18.417336
v 0.000000 33.937027 18.810888
v 5.252257 37.418247 18.810900
v 6.264667 37.747005 19.889477
v 6.514474 37.144493 21.707016
v 2.957897 33.250992 19.899183
v 5.263063 33.266258 21.706242
v 6.249580 33.770298 21.973022
v 6.591053 35.442062 22.044930
v 2.941826 33.893200 18.810139
v 5.281282 35.617485 18.441292
v 6.249753 37.205578 18.796114
v 6.516279 37.153961 19.885252
v 6.645017 35.434837 21.759092
v 5.275492 33.260509 19.899927
v 6.251838 33.241947 21.707455
v 6.442397 34.161880 21.905190
v 5.252257 33.824493 18.810888
v 6.277576 35.484047 18.408783
v 6.442396 36.762070 19.058226
v 6.657849 35.433117 19.825357
v 6.514464 33.760208 21.706982
v 6.257900 33.233727 19.891485
v 6.249433 33.770580 18.796488
v 6.531641 35.450020 18.734344
v 6.516118 33.751091 19.885460
v 6.442396 34.161884 19.058214
v -1.292087 26.410788 -15.115588
v -0.962474 27.117018 -14.045488
v -1.374362 27.231827 -14.150841
v -0.835998 26.394070 -15.016068
v -0.905783 27.120436 -14.031425
v -0.901598 27.170712 -14.031466
v -0.801771 26.791428 -15.018518
v -0.742419 27.271259 -14.869387
v -0.777018 27.920816 -14.017142
v -5.792588 35.106724 -9.659363
v -5.435601 35.584194 -8.978471
v -5.282599 35.922913 -8.492854
v -6.657717 35.201107 -9.694608
v -5.830723 35.110912 -9.659412
v -6.072444 36.018345 -8.506039
v -4.911204 37.049786 -7.231775
v -4.398646 36.817127 -7.208406
v -4.072383 37.151119 -6.980259
v -4.053037 37.157913 -6.972431
v -5.158570 36.419369 -9.664192
v -5.176230 35.918037 -8.485383
v -5.131986 36.773613 -8.514539
v -4.549799 36.894382 -9.668605
v -4.239854 37.257683 -8.522037
v -4.019246 37.171906 -9.672445
v -7.172040 34.359318 -10.941111
v -7.358088 33.714344 -12.161006
v -7.096926 34.359818 -10.941606
v -6.920143 34.365559 -10.935575
v -7.142544 33.929459 -12.170715
v -6.373204 34.261105 -10.990216
v -6.357896 34.291336 -10.910829
v -6.474412 34.061501 -11.514842
v -6.699013 33.710251 -12.149730
v -6.223780 34.848305 -12.169147
v -6.959724 34.573734 -10.944524
v -6.879992 34.624466 -10.945654
v -5.814196 35.091400 -12.168061
v -5.494034 35.354992 -12.167248
v -7.676374 32.677055 -14.204838
v -7.678398 32.604301 -14.546472
v -7.443090 31.431231 -14.458861
v -6.893906 31.633821 -14.457404
v -6.704736 32.030968 -14.391890
v -6.704735 32.598839 -14.192379
v -7.603202 32.777584 -14.555474
v -7.352787 32.883076 -14.553520
v -7.541334 33.099178 -13.347540
v -6.704735 33.056782 -13.337887
v -7.157127 33.477642 -13.365438
v -7.352237 32.883312 -14.553546
v -6.549001 33.647209 -14.623611
v -6.704737 31.668980 -14.463566
v -5.422467 35.219761 -13.472357
v -6.202261 33.982132 -14.636093
v -4.989516 35.559612 -14.103076
v -4.003606 36.942059 -11.029831
v -3.996760 36.943600 -11.637547
v -4.315753 36.603733 -12.142951
v -4.961204 35.671753 -13.458640
v -2.597490 37.953026 -6.152386
v -4.211656 37.433678 -7.225574
v -2.775532 37.327042 -6.488836
v -2.381320 37.942055 -7.149637
v -2.225172 37.298847 -6.130909
v -2.109460 38.046101 -8.442350
v -1.861670 38.256844 -9.538750
v -0.355453 37.251411 -5.748382
v -0.842905 37.706207 -7.136399
v 0.000000 37.725204 -5.640452
v 0.000000 37.311058 -5.633575
v 0.000000 37.713593 -7.135671
v -0.831520 38.270885 -9.535314
v 0.000000 38.017296 -8.436511
v 0.000000 38.311783 -9.543527
v -3.859333 37.081184 -11.013859
v -3.578502 37.481400 -12.090571
v -3.691871 37.352875 -12.099292
v -3.125877 37.931870 -12.030977
v -1.543856 38.474472 -10.833479
v -1.287519 38.460892 -12.017020
v -2.986108 38.055767 -13.362438
v -2.389596 38.336475 -13.377138
v -2.603494 37.714863 -14.581459
v -2.594418 37.698887 -14.615925
v -2.547884 37.714722 -14.619358
v -1.948211 37.828247 -14.680768
v -0.788262 38.434273 -12.026319
v 0.000000 38.629150 -10.845480
v 0.000000 38.524940 -12.025944
v -1.030882 38.156982 -13.524184
v -0.858755 37.760113 -14.777755
v 0.000000 38.059307 -13.567199
v -0.824665 37.755989 -14.778767
v 0.000000 37.813309 -14.779442
v -4.459203 27.607706 -15.987859
v -5.419869 28.330793 -15.109491
v -6.318944 28.566454 -16.328835
v -4.218177 27.503006 -15.910397
v -4.436573 27.967932 -14.888406
v -5.645565 28.161104 -17.423454
v -4.995100 27.800337 -18.396835
v -5.193791 27.879349 -17.352451
v -4.452618 27.426128 -18.289524
v -5.693730 29.050457 -18.635138
v -3.972255 27.149933 -17.070801
v -7.049889 29.454807 -16.530811
v -7.042003 29.203081 -15.385895
v -7.085619 29.411390 -15.426511
v -7.274464 30.352779 -15.526093
v -6.932644 29.308830 -16.491550
v -6.809406 28.956400 -15.326218
v -7.673663 32.383411 -15.686846
v -7.099065 29.982027 -16.651443
v -7.443018 32.183456 -16.822758
v -6.754648 29.736744 -17.725313
v -6.773409 30.268242 -17.771593
v -6.257073 30.011469 -18.871178
v -6.573931 29.503700 -17.699097
v -6.253992 30.040356 -18.877247
v -6.364705 31.794064 -18.997168
v -6.986370 31.992735 -17.893282
v -4.570908 28.042917 -19.625742
v -3.917591 28.085594 -20.605145
v -4.305412 27.408392 -19.486586
v -4.338340 29.172848 -20.816334
v -3.794694 27.629541 -20.459448
v -3.842919 27.087263 -19.365000
v -3.464783 27.461967 -20.324501
v -4.191695 30.849361 -22.309277
v -3.009719 30.162916 -22.818390
v -3.850883 30.475958 -22.197590
v -3.069492 30.976027 -22.968231
v -4.724487 31.520805 -23.345673
v -3.433215 29.417564 -21.904263
v -5.279939 29.635914 -19.912579
v -5.667867 30.240593 -19.972624
v -4.894506 30.265062 -21.107185
v -5.695360 30.277058 -19.974312
v -5.736740 31.603737 -20.054724
v -5.160788 30.580357 -21.124001
v -5.165031 31.414783 -21.175198
v -3.997567 31.475290 -23.232712
v -4.809190 31.128922 -22.297148
v -4.588890 31.030977 -22.312134
v -3.650062 32.365421 -23.445148
v -4.808034 31.457321 -22.311380
v -3.579338 32.704460 -23.488710
v -2.831530 26.975716 -15.464256
v -3.476924 27.706972 -14.666492
v -3.539807 27.611809 -14.870041
v -3.821947 27.334932 -15.782910
v -1.723814 25.963875 -16.517941
v -3.326480 26.709255 -17.892815
v -2.055978 25.990923 -17.598078
v -2.442474 26.256865 -18.996021
v -2.662318 27.140427 -20.132866
v -1.387239 26.081444 -18.789061
v -0.674609 25.692442 -17.296337
v -1.221006 25.877611 -16.419849
v -0.736544 27.174417 -15.014084
v -0.744959 25.805746 -16.301346
v -0.652495 26.450052 -16.671806
v -0.678181 26.542976 -16.303833
v -0.608639 26.391630 -17.300720
v -0.653456 26.961716 -19.699724
v -0.584137 25.858067 -18.584049
v -3.298570 29.028219 -21.802792
v -2.860272 29.119986 -21.722336
v -2.806666 31.294811 -22.996532
v -2.394864 31.634439 -22.883072
v -1.462015 30.191681 -21.623247
v -1.569230 32.065468 -22.643154
v -0.361685 31.377377 -22.168076
v -0.634135 27.878180 -20.240772
v -0.585429 30.089083 -21.407114
v -0.518178 26.641785 -18.593952
v -0.377479 29.593958 -20.653620
v -0.712394 32.152931 -22.386425
v -0.282141 31.911879 -22.139004
v -7.332983 33.138718 -15.753206
v -7.074990 32.958416 -16.875532
v -6.818376 33.529236 -16.937668
v -6.805306 33.351818 -15.775491
v -6.642889 33.418110 -15.784439
v -6.401133 33.689957 -16.962172
v -6.149912 33.744003 -16.638065
v -5.918441 33.879078 -16.979946
v -5.851392 32.814053 -19.064920
v -6.289367 33.465450 -18.026651
v -5.452860 33.932018 -19.170940
v -6.114408 33.921635 -18.083342
v -5.289384 34.605019 -19.198380
v -5.047983 34.370083 -18.161028
v -4.876211 34.503967 -18.374098
v -4.310559 35.251293 -19.227753
v -4.112761 35.351215 -19.244350
v -4.510351 32.766541 -21.254396
v -4.797183 33.909286 -20.195366
v -4.082688 34.522728 -21.342201
v -4.458896 35.507450 -20.266094
v -4.418166 35.814133 -20.278721
v -3.929254 36.301346 -21.407349
v -3.810970 33.573349 -23.493370
v -3.872560 33.805435 -22.512241
v -3.812014 33.582451 -23.400932
v -3.797606 35.049080 -22.642649
v -3.941926 35.828957 -23.735588
v -3.808411 33.593697 -23.495087
v -3.152570 35.020447 -23.691177
v -3.184865 36.826771 -21.472473
v -3.268865 36.819477 -20.361916
v -3.128167 36.935440 -20.381626
v -2.750084 37.069000 -21.556164
v -3.873670 35.900444 -22.745350
v -2.526654 36.514954 -23.031635
v -1.594937 34.578682 -23.885361
v -2.252937 36.277397 -16.488377
v -2.344903 36.558746 -16.057901
v -1.502840 37.081474 -16.110474
v -1.690454 36.354382 -17.220139
v -2.261349 36.203949 -16.628498
v -2.270204 35.974842 -17.211718
v -0.988064 37.060986 -17.222223
v -0.611836 37.586773 -16.134953
v -0.398394 37.531845 -17.217766
v 0.000000 37.699409 -16.137035
v 0.000000 37.643410 -17.217056
v -2.091810 36.051685 -18.477179
v 0.000000 38.031193 -18.956863
v -1.740303 36.907909 -19.208031
v -1.446514 37.414837 -19.486012
v -0.407542 37.512295 -18.481220
v -0.233377 37.669807 -18.485889
v -0.095464 37.748619 -18.489311
v 0.000000 37.764328 -18.490116
v -1.739901 34.429298 -23.851171
v -1.604063 34.464676 -23.866451
v -1.562091 34.531563 -23.866337
v -1.558649 34.533512 -23.866615
v -0.433523 35.142845 -23.914959
v -0.860601 36.829365 -23.883434
v -2.012782 36.845024 -23.070290
v 0.000000 37.635414 -23.901941
v -0.486893 36.954632 -23.895950
v -1.501898 37.329010 -19.483379
v 0.000000 38.384048 -19.541721
v -0.833741 38.000580 -20.749058
v -0.233093 38.014221 -21.893204
v -0.752341 37.916782 -21.062555
v -0.628990 38.302536 -20.775488
v 0.000000 38.683193 -20.812637
v 0.000000 38.178444 -21.899277
v -0.657259 36.659515 -23.887264
v -1.674222 37.473572 -21.759989
v -0.344644 37.860241 -21.884985
v 0.000000 37.108143 -23.898394
v 0.000000 37.619339 -23.182045
v 0.835998 26.394070 -15.016068
v 0.905783 27.120436 -14.031425
v 0.901598 27.170712 -14.031466
v 0.962474 27.117018 -14.045488
v 0.801771 26.791428 -15.018518
v 0.777018 27.920816 -14.017142
v 0.742419 27.271259 -14.869387
v 1.292087 26.410788 -15.115588
v 2.831530 26.975716 -15.464256
v 1.374362 27.231827 -14.150841
v 3.539807 27.611809 -14.870041
v 3.476924 27.706972 -14.666492
v 0.355453 37.251411 -5.748382
v 2.597490 37.953026 -6.152386
v 0.842905 37.706207 -7.136399
v 2.225172 37.298847 -6.130909
v 2.381320 37.942055 -7.149637
v 0.831520 38.270885 -9.535314
v 1.861670 38.256844 -9.538750
v 2.109460 38.046101 -8.442350
v 2.775532 37.327042 -6.488837
v 4.053037 37.157913 -6.972431
v 4.211656 37.433678 -7.225574
v 4.911205 37.049786 -7.231775
v 4.019246 37.171906 -9.672445
v 4.239854 37.257683 -8.522037
v 0.788262 38.434273 -12.026319
v 1.543856 38.474472 -10.833479
v 1.287519 38.460892 -12.017020
v 0.824665 37.755989 -14.778767
v 1.030882 38.156982 -13.524184
v 0.858755 37.760113 -14.777755
v 2.389596 38.336475 -13.377138
v 1.948211 37.828247 -14.680768
v 3.859333 37.081184 -11.013859
v 4.003606 36.942059 -11.029831
v 3.691873 37.352875 -12.099292
v 3.578501 37.481400 -12.090571
v 3.125878 37.931870 -12.030977
v 3.996758 36.943604 -11.637551
v 2.986109 38.055767 -13.362438
v 2.603495 37.714863 -14.581459
v 2.547886 37.714722 -14.619358
v 5.435601 35.584194 -8.978471
v 5.830724 35.110912 -9.659412
v 6.072445 36.018345 -8.506039
v 5.792588 35.106724 -9.659363
v 6.657718 35.201107 -9.694608
v 4.398646 36.817127 -7.208406
v 4.072382 37.151115 -6.980258
v 4.549800 36.894379 -9.668605
v 5.131987 36.773613 -8.514539
v 5.158570 36.419369 -9.664192
v 5.282599 35.922913 -8.492854
v 5.176230 35.918037 -8.485383
v 5.422468 35.219761 -13.472357
v 6.202260 33.982136 -14.636093
v 4.989515 35.559616 -14.103078
v 6.357897 34.291336 -10.910828
v 6.373205 34.261105 -10.990216
v 6.920144 34.365559 -10.935575
v 6.474413 34.061497 -11.514842
v 6.699014 33.710251 -12.149730
v 7.096926 34.359818 -10.941606
v 5.814197 35.091400 -12.168061
v 6.879993 34.624466 -10.945655
v 6.223781 34.848305 -12.169147
v 6.959725 34.573734 -10.944524
v 7.142545 33.929459 -12.170715
v 7.172040 34.359318 -10.941111
v 7.358089 33.714344 -12.161006
v 6.704737 32.030968 -14.391890
v 6.704738 31.668980 -14.463566
v 6.893907 31.633821 -14.457404
v 6.704736 33.056782 -13.337887
v 6.704736 32.598839 -14.192379
v 7.541335 33.099178 -13.347540
v 7.676375 32.677055 -14.204838
v 7.443091 31.431231 -14.458861
v 7.678399 32.604301 -14.546472
v 6.549001 33.647209 -14.623611
v 7.157128 33.477642 -13.365438
v 7.352788 32.883076 -14.553520
v 7.352238 32.883312 -14.553546
v 7.603203 32.777584 -14.555474
v 5.494035 35.354992 -12.167248
v 4.315749 36.603741 -12.142951
v 4.961203 35.671757 -13.458640
v 0.736544 27.174417 -15.014084
v 0.744959 25.805746 -16.301346
v 0.608639 26.391630 -17.300720
v 0.674609 25.692442 -17.296337
v 1.221006 25.877611 -16.419849
v 0.678181 26.542976 -16.303833
v 0.652495 26.450052 -16.671806
v 1.723814 25.963875 -16.517941
v 0.584137 25.858067 -18.584049
v 0.653456 26.961716 -19.699724
v 1.387239 26.081444 -18.789061
v 0.518178 26.641785 -18.593952
v 0.377479 29.593958 -20.653620
v 2.055978 25.990923 -17.598078
v 3.821947 27.334930 -15.782911
v 3.972255 27.149933 -17.070801
v 2.662318 27.140427 -20.132866
v 2.442474 26.256865 -18.996021
v 3.326480 26.709255 -17.892815
v 0.361685 31.377377 -22.168076
v 0.585429 30.089083 -21.407114
v 0.634135 27.878180 -20.240772
v 1.462015 30.191681 -21.623247
v 0.282141 31.911879 -22.139004
v 0.712394 32.152931 -22.386425
v 3.009719 30.162916 -22.818390
v 1.569230 32.065468 -22.643154
v 3.842919 27.087263 -19.365000
v 3.464782 27.461967 -20.324501
v 2.860272 29.119986 -21.722336
v 2.394864 31.634439 -22.883072
v 2.806666 31.294811 -22.996532
v 3.298570 29.028219 -21.802792
v 3.433215 29.417564 -21.904263
v 3.069492 30.976027 -22.968231
v 4.218177 27.503006 -15.910397
v 4.459202 27.607706 -15.987859
v 4.436574 27.967932 -14.888406
v 5.419871 28.330793 -15.109491
v 6.318944 28.566454 -16.328835
v 5.193791 27.879349 -17.352451
v 4.452618 27.426128 -18.289524
v 4.995100 27.800337 -18.396835
v 5.645565 28.161104 -17.423454
v 5.693729 29.050455 -18.635138
v 6.809406 28.956400 -15.326218
v 6.932644 29.308830 -16.491550
v 7.042003 29.203081 -15.385895
v 7.049889 29.454807 -16.530811
v 7.085619 29.411390 -15.426511
v 7.274465 30.352781 -15.526093
v 7.099065 29.982027 -16.651443
v 7.443018 32.183456 -16.822758
v 7.673664 32.383411 -15.686846
v 6.573932 29.503700 -17.699097
v 6.257074 30.011469 -18.871178
v 6.754649 29.736744 -17.725313
v 6.773410 30.268242 -17.771593
v 6.253994 30.040356 -18.877247
v 6.364707 31.794064 -18.997168
v 6.986371 31.992735 -17.893282
v 3.794694 27.629541 -20.459448
v 4.305412 27.408392 -19.486586
v 3.917591 28.085594 -20.605145
v 4.570908 28.042915 -19.625742
v 4.338340 29.172844 -20.816334
v 3.850883 30.475954 -22.197586
v 4.191696 30.849361 -22.309277
v 4.724489 31.520803 -23.345673
v 5.279941 29.635914 -19.912579
v 4.894507 30.265062 -21.107185
v 5.667868 30.240593 -19.972624
v 5.695362 30.277058 -19.974310
v 5.160789 30.580357 -21.124001
v 5.736742 31.603737 -20.054724
v 5.165032 31.414783 -21.175198
v 3.997568 31.475290 -23.232712
v 4.588891 31.030977 -22.312134
v 3.650063 32.365421 -23.445148
v 4.809192 31.128922 -22.297146
v 3.579339 32.704460 -23.488712
v 4.808036 31.457321 -22.311380
v 0.398394 37.531845 -17.217766
v 0.611836 37.586773 -16.134953
v 0.988064 37.060986 -17.222223
v 1.502840 37.081474 -16.110474
v 1.690455 36.354382 -17.220139
v 2.252938 36.277393 -16.488377
v 2.261350 36.203949 -16.628498
v 2.270205 35.974842 -17.211718
v 2.344903 36.558746 -16.057901
v 0.233377 37.669807 -18.485889
v 0.407542 37.512295 -18.481220
v 0.095464 37.748619 -18.489311
v 1.740304 36.907909 -19.208031
v 2.091811 36.051685 -18.477179
v 1.446514 37.414837 -19.486012
v 2.594419 37.698887 -14.615925
v 1.594937 34.578682 -23.885361
v 0.476790 35.120308 -23.914862
v 0.433523 35.142845 -23.914959
v 0.449655 35.255348 -23.908669
v 1.342405 34.654690 -23.882956
v 1.562091 34.531563 -23.866337
v 1.604063 34.464676 -23.866451
v 1.739901 34.429298 -23.851171
v 2.544792 34.722923 -23.739557
v 0.628990 38.302536 -20.775488
v 0.752341 37.916786 -21.062555
v 0.344644 37.860241 -21.884985
v 0.233093 38.014221 -21.893204
v 1.501898 37.329010 -19.483379
v 0.833742 38.000580 -20.749058
v 0.584420 36.181690 -23.882069
v 0.649465 36.609489 -23.886417
v 0.657259 36.659515 -23.887264
v 0.860601 36.829365 -23.883434
v 0.486893 36.954632 -23.895950
v 1.674223 37.473572 -21.759987
v 3.941926 35.828957 -23.735588
v 2.526654 36.514954 -23.031635
v 2.012782 36.845024 -23.070290
v 4.876211 34.503967 -18.374098
v 4.310560 35.251293 -19.227753
v 4.112760 35.351215 -19.244350
v 5.289385 34.605019 -19.198380
v 7.074992 32.958416 -16.875532
v 7.332984 33.138718 -15.753206
v 6.818377 33.529236 -16.937668
v 5.918441 33.879078 -16.979946
v 6.149913 33.744003 -16.638065
v 6.401134 33.689957 -16.962172
v 6.642890 33.418110 -15.784439
v 6.805307 33.351818 -15.775491
v 5.851394 32.814053 -19.064920
v 6.289368 33.465450 -18.026651
v 6.114409 33.921635 -18.083342
v 5.452861 33.932018 -19.170940
v 5.047983 34.370083 -18.161028
v 3.152570 35.020447 -23.691177
v 3.808412 33.593697 -23.495087
v 4.510352 32.766541 -21.254396
v 4.797184 33.909286 -20.195366
v 4.082689 34.522728 -21.342201
v 4.458896 35.507450 -20.266094
v 3.929255 36.301346 -21.407349
v 4.418167 35.814133 -20.278721
v 3.810972 33.573349 -23.493370
v 3.812015 33.582451 -23.400938
v 3.872562 33.805435 -22.512243
v 3.797607 35.049080 -22.642649
v 3.128165 36.935436 -20.381626
v 3.268863 36.819481 -20.361914
v 3.184865 36.826775 -21.472473
v 2.750083 37.069000 -21.556164
v 3.873671 35.900444 -22.745350
v -4.756931 26.988956 -20.581055
v -5.470665 29.591774 -22.202032
v -4.147822 27.579449 -21.750433
v -5.861194 29.993547 -21.111525
v -5.135859 34.020542 -22.501003
v -0.712236 26.271540 -19.666996
v -0.650916 29.340435 -21.362309
v -5.267790 34.761078 -21.372032
v -3.344467 37.251480 -23.059643
v -3.152457 38.151012 -21.754826
v -2.617183 37.428497 -21.622169
v -2.148171 37.459061 -21.711357
v -1.813012 37.471970 -21.745808
v 0.000000 38.550381 -21.907032
v 0.000000 38.032646 -23.180183
v 0.712236 26.271540 -19.666996
v 0.650916 29.340435 -21.362309
v 4.756933 26.988956 -20.581055
v 4.147820 27.579451 -21.750433
v 5.470666 29.591774 -22.202032
v 5.861196 29.993546 -21.111525
v 5.135861 34.020542 -22.501003
v 1.813012 37.471970 -21.745808
v 3.344466 37.251480 -23.059643
v 2.148171 37.459061 -21.711357
v 3.152457 38.151012 -21.754826
v 2.617182 37.428497 -21.622169
v 5.267790 34.761078 -21.372032
v -4.928998 30.184570 -6.492272
v -7.773776 30.649534 -7.230728
v -7.498044 30.279003 -8.334629
v -4.283360 30.421108 -7.556086
v -4.749917 31.500076 -6.531683
v -4.165938 31.454372 -6.381307
v -4.072173 31.443272 -6.348001
v -2.978622 31.944042 -6.041516
v -5.792148 31.469011 -8.104495
v -4.072173 31.441923 -7.561854
v -6.566000 31.655243 -7.124222
v -6.704739 31.681065 -7.142164
v -6.704738 32.430798 -7.166144
v -7.853119 34.272041 -7.346481
v -6.196228 31.500257 -8.217433
v -6.704739 31.584967 -8.300690
v -7.981290 33.894814 -8.509371
v -6.704736 33.170368 -8.395963
v -0.041781 31.237541 -5.329476
v -3.564194 31.726402 -7.425306
v -3.177273 31.924599 -7.314328
v 0.000000 31.654694 -6.539239
v -2.891512 32.057377 -7.232988
v -0.972971 32.267086 -5.448364
v 0.000000 31.594492 -6.222034
v 0.000000 32.238304 -5.200805
v 0.000000 32.269611 -5.197194
v -0.963553 32.460335 -5.423722
v -0.411596 32.426937 -5.423973
v 0.000000 32.378983 -5.429325
v 0.000000 32.460033 -6.430574
v -6.704734 34.241226 -7.268993
v -6.704734 34.332458 -7.274371
v -6.693888 34.344990 -7.274419
v -5.913671 35.219456 -7.241263
v -6.704735 34.021988 -8.431519
v -6.704734 34.257225 -8.448019
v -4.719557 37.655067 -8.556271
v -4.627866 37.775753 -7.258533
v 0.000000 38.025192 -7.148845
v 0.000000 38.342098 -8.453463
v 0.041781 31.237541 -5.329476
v 0.972971 32.267086 -5.448364
v 0.112425 32.395912 -5.427187
v 0.294392 32.417191 -5.424808
v 0.411596 32.426937 -5.423973
v 0.827717 32.458332 -5.422670
v 0.963553 32.460335 -5.423722
v 2.891511 32.057377 -7.232988
v 4.283360 30.421108 -7.556086
v 2.978621 31.944042 -6.041516
v 4.928998 30.184570 -6.492272
v 3.177272 31.924599 -7.314328
v 3.564193 31.726402 -7.425306
v 4.072173 31.441923 -7.561854
v 4.072173 31.443272 -6.348001
v 4.165937 31.454372 -6.381307
v 4.749918 31.500074 -6.531684
v 7.498045 30.279003 -8.334630
v 7.773777 30.649534 -7.230728
v 5.792149 31.469007 -8.104496
v 6.566001 31.655243 -7.124222
v 6.704740 31.681065 -7.142164
v 6.704739 32.430798 -7.166144
v 7.853121 34.272038 -7.346482
v 6.196229 31.500257 -8.217433
v 6.704740 31.584963 -8.300690
v 6.704737 33.170364 -8.395963
v 7.981290 33.894814 -8.509371
v 4.719556 37.655067 -8.556271
v 4.627865 37.775753 -7.258533
v 6.704735 34.241226 -7.268993
v 5.913671 35.219452 -7.241263
v 6.693889 34.344990 -7.274419
v 6.704735 34.332458 -7.274371
v 6.704736 34.021988 -8.431519
v 6.704735 34.257225 -8.448019
v -5.192567 27.415302 -13.651308
v -7.632508 29.233866 -15.426062
v -4.565093 26.747437 -14.736141
v -4.339520 28.449802 -13.655275
v -7.881269 29.777338 -14.340643
v -4.840556 28.738089 -13.779613
v -4.072173 28.332483 -13.538840
v -4.072173 27.690159 -14.781527
v -3.843391 27.692978 -14.739468
v -6.704739 30.098845 -14.331819
v -6.704739 30.143850 -14.343014
v -6.704737 31.135891 -14.418420
v -0.321571 26.805487 -13.879487
v -1.227819 29.026312 -12.805148
v -2.238855 28.815157 -13.066206
v -0.287169 29.088423 -12.600544
v -0.377472 28.003763 -12.598528
v -0.271016 28.656147 -13.066038
v -0.249685 28.102762 -13.679739
v -0.240930 27.924978 -13.883709
v -7.742175 33.958496 -14.638944
v -4.373832 27.919088 -14.870037
v -7.882897 33.592667 -15.785129
v -4.795783 35.537971 -15.975443
v -4.383725 37.396923 -16.028347
v -4.115242 38.244602 -14.636307
v -5.822040 34.393543 -14.651932
v -3.900236 37.349545 -14.573049
v -3.788359 37.507164 -14.573666
v -4.018917 36.468643 -15.987245
v -3.326184 37.688202 -14.589441
v -3.679135 36.519909 -16.005411
v -2.622000 37.704395 -14.613976
v 0.000000 38.167274 -14.782977
v 0.000000 38.055866 -16.138124
v 0.377472 28.003763 -12.598528
v 0.287169 29.088423 -12.600544
v 0.271016 28.656147 -13.066038
v 0.249685 28.102762 -13.679739
v 0.321571 26.805487 -13.879487
v 1.227819 29.026312 -12.805148
v 0.240930 27.924978 -13.883709
v 5.192566 27.415302 -13.651308
v 2.238855 28.815157 -13.066206
v 4.565094 26.747437 -14.736141
v 4.072173 28.332483 -13.538840
v 3.843391 27.692978 -14.739468
v 4.072173 27.690159 -14.781527
v 4.339520 28.449802 -13.655275
v 4.840557 28.738087 -13.779613
v 7.632509 29.233866 -15.426062
v 7.881270 29.777338 -14.340643
v 6.704740 30.098845 -14.331819
v 6.704740 30.143850 -14.343014
v 6.704738 31.135891 -14.418420
v 7.742176 33.958496 -14.638944
v 4.373833 27.919088 -14.870037
v 7.882899 33.592667 -15.785129
v 4.383725 37.396923 -16.028347
v 4.115242 38.244602 -14.636307
v 3.679134 36.519909 -16.005411
v 2.622001 37.704395 -14.613976
v 3.326184 37.688202 -14.589441
v 4.795782 35.537971 -15.975443
v 3.788358 37.507164 -14.573666
v 3.900236 37.349545 -14.573049
v 5.822041 34.393543 -14.651932
v 4.018916 36.468639 -15.987244
v -4.471994 27.981638 -12.400342
v -7.589047 29.394148 -13.092701
v -6.192563 29.970148 -13.056712
v -5.105633 28.673262 -11.302038
v -4.810172 30.023527 -11.389715
v -7.846845 30.045061 -11.994329
v -4.152336 29.905464 -11.198954
v -4.282084 29.915516 -11.256844
v -4.072173 29.899374 -11.163252
v -4.072173 29.034267 -12.455626
v -3.749657 29.146862 -12.392709
v -5.854906 29.763433 -12.975430
v -6.683270 30.635279 -11.962920
v -6.704739 30.648424 -11.964957
v -6.704738 31.573547 -12.011934
v -7.780556 34.039608 -12.190689
v -6.704739 30.337381 -13.136215
v -6.308389 30.047022 -13.084613
v -7.920048 33.610378 -13.382875
v -6.704736 32.313335 -13.297295
v -1.178408 31.131756 -10.297651
v -2.990363 29.413160 -12.232378
v -0.209705 29.035938 -11.541752
v -0.265647 30.252378 -10.160021
v -0.147969 30.074974 -11.500307
v -0.194531 31.237022 -10.059601
v -0.159784 30.351048 -11.185323
v -0.157613 30.291586 -11.254284
v -6.704734 33.703903 -12.149422
v -4.301772 38.253506 -13.470614
v -4.777430 35.985569 -13.451397
v -4.316325 37.975689 -12.170321
v -3.922500 37.201180 -12.115812
v -3.768720 37.701767 -13.395441
v -3.487298 37.875164 -13.389095
v 0.000000 38.850933 -12.043995
v 0.000000 38.409721 -13.571468
v 0.265647 30.252378 -10.160021
v 0.194531 31.237022 -10.059601
v 0.159784 30.351048 -11.185323
v 0.157613 30.291586 -11.254284
v 0.209705 29.035938 -11.541752
v 1.178408 31.131756 -10.297651
v 0.147969 30.074974 -11.500307
v 5.105633 28.673262 -11.302038
v 2.990363 29.413160 -12.232378
v 4.471994 27.981638 -12.400342
v 4.072173 29.899374 -11.163252
v 3.749657 29.146862 -12.392709
v 4.152336 29.905464 -11.198954
v 4.282084 29.915516 -11.256844
v 4.072173 29.034267 -12.455626
v 4.810173 30.023527 -11.389715
v 7.589048 29.394148 -13.092701
v 7.846845 30.045061 -11.994329
v 5.854907 29.763435 -12.975430
v 6.192564 29.970148 -13.056712
v 6.683271 30.635279 -11.962920
v 6.704740 30.648424 -11.964957
v 6.704739 31.573547 -12.011934
v 7.780558 34.039608 -12.190689
v 6.308390 30.047022 -13.084613
v 6.704740 30.337381 -13.136215
v 6.704737 32.313335 -13.297295
v 7.920048 33.610378 -13.382875
v 4.316325 37.975689 -12.170321
v 4.301772 38.253506 -13.470614
v 3.487298 37.875164 -13.389095
v 6.704735 33.703899 -12.149423
v 4.777430 35.985569 -13.451397
v 3.922499 37.201180 -12.115811
v 3.768719 37.701767 -13.395441
v -5.017772 29.861685 -8.869009
v -7.811010 30.456722 -9.602327
v -7.544223 29.860800 -10.725349
v -4.378077 29.525547 -9.991987
v -4.779972 31.174435 -8.914169
v -4.224231 31.160715 -8.767401
v -4.072173 31.165833 -8.697748
v -4.072173 30.584248 -10.007058
v -3.656604 30.807041 -9.910664
v -6.624398 31.319502 -9.522319
v -6.704739 31.342960 -9.531763
v -5.908991 31.209854 -9.287344
v -6.704738 32.148365 -9.561821
v -7.817541 34.202763 -9.737556
v -5.823722 30.749846 -10.546504
v -6.252150 30.850483 -10.658947
v -6.704739 31.017012 -10.723612
v -7.951383 33.745174 -10.932631
v -6.704736 32.767929 -10.838788
v -1.129431 32.423752 -7.713800
v -0.097768 31.046825 -8.986932
v -2.939907 31.173676 -9.725060
v -0.153743 31.597733 -7.600854
v -1.050341 31.864029 -9.140331
v -0.101236 32.433331 -7.479714
v -0.064922 32.066631 -8.597582
v -0.054331 31.935354 -8.870357
v -6.704734 34.103035 -9.677542
v -6.634927 34.181660 -9.679049
v -5.883415 35.009472 -9.659576
v -4.535330 37.655731 -9.704837
v -6.704734 33.719166 -10.882172
v -6.704734 33.907932 -10.895554
v -4.622105 37.475311 -11.069667
v 0.000000 38.641827 -9.563070
v 0.000000 38.942898 -10.868267
v 0.153743 31.597733 -7.600854
v 0.101236 32.433331 -7.479714
v 0.064922 32.066631 -8.597582
v 1.129431 32.423752 -7.713800
v 0.097768 31.046825 -8.986932
v 0.054331 31.935354 -8.870357
v 1.050341 31.864029 -9.140331
v 5.017772 29.861685 -8.869009
v 2.939907 31.173676 -9.725060
v 3.656604 30.807041 -9.910664
v 4.378077 29.525547 -9.991987
v 4.072173 31.165836 -8.697748
v 4.224232 31.160715 -8.767401
v 4.779971 31.174435 -8.914170
v 4.072173 30.584248 -10.007058
v 7.544224 29.860800 -10.725349
v 7.811011 30.456722 -9.602327
v 5.908992 31.209854 -9.287344
v 6.624399 31.319502 -9.522319
v 6.704740 31.342957 -9.531763
v 7.817541 34.202763 -9.737556
v 6.704739 32.148365 -9.561821
v 5.823723 30.749842 -10.546505
v 6.252151 30.850483 -10.658947
v 6.704740 31.017012 -10.723612
v 6.704737 32.767929 -10.838788
v 7.951383 33.745174 -10.932631
v 4.622104 37.475311 -11.069667
v 4.535330 37.655731 -9.704837
v 5.883416 35.009472 -9.659576
v 6.704735 34.103031 -9.677542
v 6.634928 34.181660 -9.679049
v 6.704735 33.719166 -10.882172
v 6.704735 33.907932 -10.895554
v -4.072173 31.280582 -5.610406
v -6.704739 31.581367 -5.658673
v -6.704734 34.332756 -7.263313
v -6.704739 31.397800 -9.298966
v -6.704734 34.181023 -9.115900
v -6.704739 30.879318 -11.185071
v -4.072173 28.627420 -13.066399
v 0.000000 32.458836 -7.197214
v 0.000000 31.779284 -9.147166
v 0.000000 37.399673 -5.127012
v 0.000000 30.316313 -11.187805
v 0.000000 28.594343 -13.065841
v 0.000000 27.099369 -14.868719
v -6.704734 34.268032 -5.483304
v -4.072386 37.151222 -6.973804
v -4.072167 37.067406 -5.220098
v -6.704734 33.886753 -11.022071
v -3.787661 37.510910 -14.563920
v -4.072173 27.654291 -14.869724
v -4.072173 27.370289 -15.846884
v -3.048444 31.440969 -24.265202
v -4.002531 31.568504 -23.824697
v -3.823884 33.583908 -23.644527
v 0.000000 33.165024 -24.608957
v -0.379191 27.147404 -14.935837
v -0.341176 26.553537 -16.032688
v 0.000000 26.288542 -16.671528
v -0.333256 26.486174 -16.217802
v -0.470632 26.357754 -17.270456
v 0.000000 26.450747 -18.488634
v -0.432004 26.512503 -18.396038
v -0.427944 26.558609 -18.488813
v -0.424343 26.605013 -18.569248
v 0.000000 29.510170 -20.654793
v 0.000000 32.522041 -22.770424
v -5.524290 34.326466 -17.015408
v -4.091023 36.063061 -16.586536
v -4.342795 35.248154 -18.300900
v -4.098717 35.821373 -17.147144
v -3.359533 36.671524 -19.368267
v -3.866430 35.752434 -18.416340
v -3.872829 35.745346 -18.398380
v -3.098833 37.006927 -20.391016
v -2.701606 37.939777 -20.531425
v -3.625551 35.784466 -17.183121
v -3.017753 35.804623 -17.194950
v -3.649964 35.736355 -18.423107
v -2.828715 36.882824 -19.419498
v -3.508961 35.734558 -18.439013
v -2.346073 37.029758 -19.443363
v 0.000000 37.108143 -23.908213
v -2.290156 38.086548 -20.596699
v 4.072173 31.280582 -5.610406
v 6.704740 31.581367 -5.658673
v 4.072166 37.067406 -5.220098
v 6.704735 34.268032 -5.483304
v 4.072173 28.627420 -13.066399
v 6.704735 34.332756 -7.263314
v 6.704740 31.397800 -9.298966
v 6.704735 34.181023 -9.115901
v 6.704740 30.879318 -11.185072
v 6.704735 33.886753 -11.022071
v 3.787660 37.510910 -14.563920
v 4.072385 37.151222 -6.973804
v 0.341176 26.553537 -16.032688
v 0.379191 27.147404 -14.935837
v 0.333256 26.486174 -16.217802
v 0.470632 26.357754 -17.270456
v 0.432004 26.512503 -18.396038
v 0.427944 26.558609 -18.488813
v 0.424343 26.605013 -18.569248
v 4.072173 27.654291 -14.869724
v 4.072173 27.370291 -15.846884
v 3.048444 31.440969 -24.265202
v 4.002532 31.568504 -23.824697
v 3.823884 33.583908 -23.644527
v 4.091022 36.063061 -16.586536
v 3.017753 35.804623 -17.194950
v 3.625551 35.784466 -17.183121
v 4.098716 35.821369 -17.147144
v 3.866429 35.752434 -18.416340
v 2.346073 37.029755 -19.443363
v 3.508961 35.734558 -18.439013
v 3.649964 35.736355 -18.423107
v 2.828715 36.882824 -19.419498
v 3.872828 35.745346 -18.398380
v 3.359531 36.671524 -19.368267
v 2.290156 38.086548 -20.596699
v 2.701605 37.939777 -20.531425
v 5.524291 34.326462 -17.015408
v 4.342794 35.248154 -18.300900
v 3.098832 37.006927 -20.391018
v -5.214393 26.847242 -18.300884
v -6.317320 29.389915 -19.933601
v -4.492875 26.479555 -19.375929
v -6.969676 29.911951 -18.891283
v -5.988023 33.939434 -20.238047
v -0.545017 25.422249 -18.560595
v -0.600804 25.305937 -17.270452
v -6.497238 34.082397 -19.198875
v -3.371693 38.379028 -20.651924
v -3.762800 37.568031 -19.461472
v 0.000000 38.701530 -19.549587
v 0.000000 38.972969 -20.818687
v 0.600804 25.305937 -17.270452
v 0.545017 25.422249 -18.560595
v 5.214394 26.847242 -18.300884
v 4.492874 26.479555 -19.375929
v 6.317321 29.389915 -19.933601
v 6.969677 29.911951 -18.891283
v 5.988023 33.939434 -20.238047
v 3.371692 38.379028 -20.651924
v 3.762800 37.568031 -19.461472
v 6.497239 34.082401 -19.198875
v -5.278557 26.833687 -15.986734
v -4.655192 26.430576 -17.072390
v -7.306235 29.310982 -17.710558
v -7.814763 29.830671 -16.659445
v -7.229547 33.666664 -18.041782
v -0.433349 25.409391 -16.214846
v -0.489197 26.007387 -14.931436
v -7.506543 33.985676 -16.974960
v -4.326585 36.656193 -18.453217
v -4.347391 36.786674 -17.191650
v 0.000000 38.015942 -17.216980
v 0.000000 38.136597 -18.494411
v 0.489197 26.007387 -14.931436
v 0.433349 25.409391 -16.214846
v 5.278557 26.833687 -15.986734
v 4.655192 26.430576 -17.072390
v 7.306237 29.310982 -17.710558
v 7.814764 29.830669 -16.659445
v 7.229549 33.666664 -18.041782
v 4.326585 36.656193 -18.453217
v 4.347391 36.786674 -17.191650
v 7.506544 33.985676 -16.974960
v -4.109941 34.870373 -11.422814
v -4.323466 34.054138 -12.422446
v -4.250015 32.614159 -11.569294
v -3.897573 35.682186 -12.632204
v -2.899208 37.050255 -11.422814
v -2.775711 37.186058 -12.405677
v -3.865204 35.670002 -16.532415
v -2.889007 37.115562 -15.166084
v -2.204523 37.617508 -15.210788
v -1.950964 37.815208 -13.306189
v -1.793534 37.995548 -13.570786
v -1.852782 37.925148 -13.813091
v -1.979299 37.804039 -12.499271
v -1.500886 37.946796 -11.422812
v -1.703669 37.921959 -12.224622
v -1.892270 38.251198 -12.575896
v -1.904562 38.292488 -13.239325
v -1.809879 38.421329 -13.847555
v -1.881963 38.399593 -14.196798
v -2.405965 38.102303 -15.362676
v -3.100229 36.767063 -15.978685
v -2.908125 37.069218 -15.951177
v -2.219290 37.704758 -15.334175
v -2.555178 37.453167 -15.595554
v -2.366435 38.106739 -15.872440
v -1.730587 38.487122 -13.197659
v -1.513229 38.602425 -12.440075
v -1.435490 38.214359 -12.269803
v -1.077980 38.482071 -12.068755
v -0.651285 39.331524 -12.087639
v -0.601818 38.929466 -13.248411
v -0.035257 39.051498 -13.489336
v -1.310245 38.690964 -13.751759
v -1.182759 39.013355 -13.724987
v -1.442867 38.962910 -14.129477
v -1.265578 38.681629 -14.212097
v -1.498240 38.657558 -14.282064
v -1.215364 38.735855 -15.314228
v -1.310761 38.668682 -15.813115
v -1.497354 38.628983 -14.139324
v 0.000000 39.205956 -13.978557
v 0.000000 39.303726 -13.564285
v -0.533974 38.763294 -11.888966
v 0.000000 38.267490 -11.420572
v 0.054827 38.740208 -11.791150
v 0.376824 39.354843 -11.973261
v 0.355352 39.026020 -13.257291
v 1.232293 38.701588 -13.658520
v 1.182759 39.013355 -13.724987
v 1.443193 38.962791 -14.129106
v -0.823372 38.788574 -14.106421
v 0.140760 38.895157 -14.015333
v 0.867230 38.777359 -14.113075
v 1.497556 38.628899 -14.139911
v 1.388197 38.680340 -13.844996
v 1.504619 38.609062 -12.402828
v 0.547179 38.579193 -11.812296
v 0.661469 38.808861 -11.959630
v 1.182026 38.382950 -12.112738
v 1.541680 38.094913 -12.308464
v 1.894489 38.259560 -12.575656
v 1.855380 38.406487 -13.495649
v 1.791501 38.457756 -14.271152
v 1.498104 38.657600 -14.283092
v 0.885616 38.865597 -14.168879
v 0.000000 39.321369 -14.082619
v 1.421012 39.071804 -14.282391
v 1.172048 38.753952 -14.593713
v 1.840437 38.400986 -14.059136
v 2.333787 38.123318 -15.258087
v 2.198734 38.245995 -15.623779
v 1.326024 38.665180 -15.867286
v 1.793534 37.995548 -13.570786
v 1.851510 37.932545 -14.030121
v 1.905832 37.903587 -13.040991
v 1.965504 37.812756 -12.498106
v 1.988276 37.767838 -13.341666
v 2.674349 37.317749 -12.736109
v 2.112275 37.679886 -14.193502
v 2.152261 37.723221 -14.797016
v 2.445515 37.990398 -15.419458
v 2.216677 37.696644 -15.325407
v 2.946327 37.059814 -14.962786
v 3.898670 35.678978 -13.071237
v 1.703669 37.921951 -12.232925
v 1.500886 37.946796 -11.422812
v 2.899208 37.050255 -11.422814
v 4.109941 34.870373 -11.422814
v 4.323511 34.053970 -12.398239
v 4.320488 34.021309 -17.239443
v 3.872418 35.712589 -15.991774
v 3.104080 36.765472 -15.975249
v 2.949227 37.040962 -16.000822
v 2.940776 37.575085 -15.896807
v 3.891566 35.490341 -17.345207
v 4.217768 32.346344 -15.172699
v 4.250015 32.614155 -20.651047
v 4.250015 32.614159 -11.569294
v 3.289097 36.483517 -16.251020
v 3.388949 36.147743 -18.009184
v 3.532909 36.693565 -17.051876
v 3.458759 36.849545 -16.517538
v 2.917414 37.367794 -17.051876
v 3.278257 37.039490 -18.464851
v 3.349178 36.370522 -18.497128
v 3.886779 35.657528 -18.995573
v 3.408195 36.275444 -18.889179
v 2.948516 36.974365 -19.820848
v 3.046292 36.917286 -19.412910
v 3.521892 36.648048 -18.906773
v 3.116557 37.407749 -19.426437
v 2.929577 37.364204 -18.370132
v 3.061692 37.206200 -17.986973
v 3.241743 37.041878 -17.873875
v 3.192294 37.217918 -18.598625
v 3.140115 37.487122 -19.318325
v 2.571608 37.864960 -19.785885
v 2.360769 38.152546 -19.516001
v 3.087265 37.586922 -19.376625
v 2.540181 37.470985 -19.736191
v 1.498682 38.004700 -19.884754
v 2.314795 37.562965 -19.835876
v 0.750443 38.095009 -20.797527
v 2.899208 37.050255 -20.797527
v 3.896248 35.687256 -20.797527
v 4.323635 34.053490 -20.797527
v -0.025410 38.296200 -19.891163
v 1.320398 38.187489 -19.799713
v 2.359757 38.096825 -19.779854
v 2.177999 38.601807 -19.447624
v 3.230719 37.757339 -19.267155
v 3.340681 37.451332 -18.647236
v 3.198959 37.751129 -18.767487
v 2.346639 38.527905 -18.953140
v 1.825601 38.458252 -19.561687
v 0.789070 39.088821 -19.396812
v 1.739092 38.862297 -18.859825
v 1.515187 38.517143 -19.764015
v 1.027349 38.704880 -19.595928
v 0.010072 39.123714 -18.268900
v 0.646958 38.954697 -17.837517
v 0.000000 39.120613 -19.462650
v 0.541772 38.858562 -19.576439
v 0.906322 38.825024 -17.910494
v 1.090699 39.049927 -18.606586
v 2.170070 38.805908 -18.844460
v 3.160107 37.959957 -18.661289
v 3.547510 37.226170 -18.238894
v 3.377387 37.415062 -18.504141
v 3.120384 37.307964 -18.494152
v 2.913712 38.130226 -18.425470
v 2.766266 37.702950 -18.387989
v 1.278876 39.139523 -18.454224
v 0.934916 38.917564 -17.807404
v 1.362964 38.609364 -18.111267
v 1.882840 38.890072 -18.344112
v 2.558187 38.184319 -18.399487
v 2.493616 37.899559 -18.403976
v 2.698811 37.690914 -18.442883
v 2.813602 37.505440 -18.414799
v 2.613335 37.682365 -18.401562
v 2.316255 37.937359 -18.349632
v 2.396914 38.273285 -18.374046
v 1.873505 38.622341 -18.282816
v 1.234705 38.597733 -18.119347
v 1.429320 38.526176 -18.229021
v 1.809509 38.401672 -18.289433
v 0.825528 38.617142 -17.788136
v 0.984442 38.587151 -17.904898
v 1.180251 38.535934 -18.042141
v 1.401875 38.471489 -18.167564
v 1.686557 38.345150 -18.224874
v 2.005173 38.156452 -18.268354
v 2.147263 38.024815 -18.099907
v 2.301005 37.866165 -18.145699
v 2.717323 37.573914 -18.090792
v 2.821835 37.803490 -18.010384
v 2.283184 38.271263 -18.017639
v 1.972052 38.158237 -18.044106
v 1.747970 38.292908 -17.971310
v 1.334369 38.451977 -17.770620
v 1.582559 38.634602 -17.749260
v 1.898257 38.462360 -17.488735
v 2.649078 37.947781 -17.642038
v 3.263199 37.372833 -17.801384
v 3.342159 37.261185 -17.576046
v 2.382578 37.780266 -17.562233
v 2.822406 37.403774 -17.549067
v 1.820793 38.194550 -17.452389
v 2.031096 38.052277 -17.500114
v 1.195859 38.722652 -17.293762
v 1.424317 38.396240 -17.328304
v 1.639137 38.275616 -17.393440
v 1.101209 38.523453 -17.239162
v 0.924319 38.534084 -17.109264
v 1.543110 38.330845 -17.195269
v 1.576284 38.322636 -17.275749
v 1.662450 38.267059 -17.319263
v 1.824996 38.195953 -17.365974
v 1.982007 38.095337 -17.422462
v 2.071302 38.020149 -17.447701
v 2.339953 37.827038 -17.490269
v 2.523768 37.657524 -17.511517
v 2.662381 37.921795 -17.436632
v 2.145515 38.307186 -17.359852
v 1.749216 38.504414 -17.256809
v 1.825447 38.234993 -16.835220
v 2.048208 38.386932 -16.924843
v 2.525571 38.105690 -16.950882
v 2.912822 37.751587 -17.030916
v 3.127710 37.510010 -17.420120
v 2.824309 37.417397 -17.495302
v 2.798890 37.533329 -16.884335
v 2.942524 37.384644 -17.214922
v 3.038648 37.235134 -17.439177
v 2.662577 37.697151 -16.846170
v 2.423354 37.886414 -16.703995
v 2.194473 38.045841 -16.686243
v 3.295377 36.965328 -17.530357
v 1.297364 39.063000 -15.870233
v 1.094630 38.650261 -16.271606
v 1.072788 39.193798 -15.421494
v 0.600152 39.285988 -16.179815
v 0.891210 38.990505 -16.291969
v 0.864252 38.679417 -16.422438
v 0.723987 38.654675 -16.740868
v 0.756662 38.675652 -16.482746
v 0.778586 38.851578 -16.487185
v 0.455775 39.228432 -16.857937
v -0.000442 39.776806 -15.060022
v -0.005917 40.309486 -15.581973
v -0.034317 39.676090 -16.168011
v 0.313176 39.329529 -16.528080
v -0.038120 39.439163 -16.742214
v 0.993364 38.887184 -15.191093
v 1.216223 38.738747 -15.311385
v -1.072863 39.193542 -15.422068
v -0.993748 38.893108 -15.189159
v -0.514528 39.095646 -15.091536
v 0.038010 39.231499 -15.054374
v -0.659196 39.255352 -16.152977
v 0.507727 39.096478 -15.080605
v -0.411465 39.275249 -16.543438
v 0.627918 38.959309 -17.192760
v -0.479644 39.224003 -16.843962
v -0.629959 38.956097 -17.216599
v -0.649267 38.965019 -17.893820
v -1.303757 39.064560 -15.862754
v -0.905206 38.998314 -16.265022
v -0.757941 38.885452 -16.508602
v -0.721697 38.658772 -16.740673
v -0.757809 38.674328 -16.481995
v -0.622432 38.663284 -17.212044
v -0.659634 38.591366 -17.331537
v -0.654342 38.697338 -17.733564
v -0.859357 38.613258 -17.810349
v -0.903063 38.941799 -17.902056
v -0.906907 38.708214 -17.910620
v -0.770696 39.092510 -19.399857
v -0.913960 38.537659 -17.111507
v -0.863952 38.679649 -16.428253
v -1.080220 38.652843 -16.286819
v -1.039591 38.536266 -17.339396
v -1.164915 38.529491 -17.999531
v -1.341884 38.618858 -18.107704
v -0.940379 38.936779 -17.799976
v -1.315021 39.132603 -18.487545
v -1.507561 38.974430 -18.155411
v -1.661926 38.416142 -18.282326
v -1.325656 38.568588 -18.169767
v -1.759942 38.416363 -18.279518
v -1.404991 38.469765 -18.165337
v -1.354177 38.450184 -17.745216
v -1.585905 38.630772 -17.724861
v -1.200060 38.726601 -17.286726
v -1.083753 38.521339 -17.073263
v -1.817127 38.242680 -16.815369
v -1.579255 38.328014 -17.231094
v -1.441285 38.371483 -17.329746
v -1.910461 38.454201 -17.497160
v -2.268953 38.284081 -18.023087
v -1.891471 38.210022 -18.017536
v -1.626847 38.378593 -18.217657
v -1.747119 38.307781 -18.225275
v -2.378143 38.286545 -18.371616
v -1.918464 38.594715 -18.293680
v -2.324131 37.941879 -18.359236
v -1.989620 38.171375 -18.276932
v -2.600511 38.166607 -18.399017
v -2.642913 37.952957 -17.641743
v -2.817814 37.805187 -18.011396
v -2.141020 38.037941 -18.100891
v -2.297236 37.917244 -18.117786
v -2.624639 37.652477 -18.117464
v -2.661397 37.637062 -18.384462
v -2.490345 37.886787 -18.404150
v -2.759172 37.696568 -18.388100
v -2.900773 38.147671 -18.421421
v -2.148623 38.752277 -18.436184
v -2.201329 38.783123 -18.836836
v -3.169476 37.950340 -18.656422
v -3.544411 37.229969 -18.239258
v -3.144042 37.292431 -18.484524
v -2.712229 37.675407 -18.443497
v -2.900267 37.398815 -18.045673
v -3.280979 37.354855 -17.812355
v -3.339879 37.450172 -18.647240
v -3.050639 37.279175 -18.518764
v -3.377387 37.415077 -18.504141
v -3.198554 37.752850 -18.761864
v -2.639847 38.269730 -18.898483
v -1.410874 38.964012 -18.739113
v -2.207699 38.594753 -19.446606
v -3.225668 37.738365 -19.238676
v -3.193815 37.216465 -18.598614
v -3.279502 37.034592 -18.445812
v -3.116692 37.407211 -19.425014
v -2.892959 37.415146 -18.400732
v -3.236305 37.049221 -17.899284
v -3.492366 36.723206 -19.028046
v -3.140584 37.487064 -19.319609
v -2.594742 37.850948 -19.763126
v -2.543814 37.476494 -19.736176
v -2.391626 38.059559 -19.780209
v -2.510331 38.054802 -19.504169
v -2.311169 37.569252 -19.835037
v -2.082361 37.813305 -19.838037
v -2.920758 37.017345 -19.829266
v -3.351318 36.408897 -19.069572
v -3.399886 36.153675 -18.053953
v -3.885683 35.585873 -18.790596
v -3.896248 35.687256 -20.797527
v -4.323635 34.053490 -20.797527
v -2.899208 37.050255 -20.797527
v -1.540609 37.985027 -19.894932
v -1.500886 37.946789 -20.797527
v -1.301891 38.201328 -19.798775
v -1.566401 38.501804 -19.764042
v -1.764882 38.488892 -19.558853
v 0.113481 38.794483 -19.711241
v -0.337731 38.865837 -19.565523
v -0.236582 38.354301 -19.761784
v -4.250015 32.614155 -20.651047
v -4.217768 32.346344 -15.992987
v -4.321811 34.066845 -17.037361
v -3.301099 36.459946 -16.282532
v -3.386120 36.224304 -17.012009
v -3.518004 36.720993 -16.665220
v -2.919082 37.367554 -17.050558
v -3.277283 36.970261 -17.551165
v -3.041098 37.246880 -17.400286
v -3.128604 37.509418 -17.419109
v -2.797150 37.535191 -16.892508
v -2.145189 38.065685 -16.653290
v -2.537208 38.087032 -16.918972
v -2.044919 38.388680 -16.926582
v -2.915051 37.762844 -17.070845
v -2.689979 37.906670 -17.416435
v -2.984756 37.286079 -17.542706
v -3.339628 37.262947 -17.574886
v -2.527645 37.650345 -17.560486
v -2.931787 37.340805 -17.485302
v -2.153509 38.299244 -17.375439
v -2.400394 37.769863 -17.495579
v -1.749445 38.504299 -17.258114
v -1.825252 38.199463 -17.365692
v -2.023920 38.056858 -17.434546
v -1.662978 38.264904 -17.319630
v -2.044762 38.030285 -17.501240
v -1.855138 38.173206 -17.459286
v -1.310330 38.695358 -14.556482
v -0.894203 38.942852 -14.634443
v -1.425791 39.071156 -14.280888
v -0.417902 39.450027 -14.591830
v -0.836829 38.831863 -14.156565
v 0.055235 38.918888 -14.061134
v -0.604517 39.097473 -14.708899
v -0.199597 39.191853 -14.707010
v 0.000000 39.208374 -14.665569
v 0.253482 39.191067 -14.700466
v 0.715026 39.359116 -14.535877
v 0.629166 39.095612 -14.698176
v 0.652841 38.613808 -17.646713
v 0.651382 38.678169 -17.733850
v -7.433395 31.726048 23.395744
v -10.859385 26.642746 23.764891
v -7.433395 31.726048 20.171791
v -7.973278 33.520679 22.325375
v -0.027020 34.476521 23.395748
v -0.027020 34.411701 25.078419
v -10.859385 26.642746 25.078413
v -10.859385 26.642746 20.485804
v -10.859385 21.841991 23.764891
v -7.973278 33.520676 19.261253
v -6.436052 32.495316 17.592632
v -0.027020 36.216305 22.325371
v 7.379356 31.726048 23.395744
v -0.027020 21.842072 25.078417
v 10.805348 26.642746 25.078413
v -10.859385 21.841991 25.078413
v -10.859385 26.642746 17.903540
v -10.859385 21.841991 20.485804
v -6.877799 34.277050 16.809954
v -0.027020 36.216305 19.423817
v -5.933199 32.822655 13.465971
v 7.919240 33.520679 22.325375
v 10.805348 26.642746 23.764891
v 7.379356 31.726048 20.171791
v 10.805348 21.841991 25.078413
v -10.859385 21.841991 17.903540
v 10.805348 21.841991 17.903540
v 10.805348 21.841991 23.764891
v 10.805348 21.841991 20.485804
v -10.859384 26.642746 13.709133
v -0.027020 36.226547 15.785827
v -6.330916 34.598034 12.887877
v 7.919240 33.520676 19.261253
v -6.921360 32.142487 8.887959
v 10.805348 26.642746 20.485804
v 6.382013 32.495316 17.592632
v -10.859384 21.841991 13.709131
v 10.805347 21.841991 13.709131
v 10.805348 26.642746 17.903540
v -10.859385 26.642746 9.018885
v -0.027020 36.231323 12.459269
v 6.823760 34.277050 16.809954
v -7.408844 33.930492 8.536822
v -8.701098 30.450386 3.342760
v 5.879160 32.822655 13.465971
v -10.859385 21.841991 9.018885
v 10.805348 21.841991 9.018885
v 10.805347 26.642746 13.709133
v -10.859385 26.642744 3.362686
v 6.276877 34.598034 12.887877
v -0.027020 36.221710 8.426967
v -9.395799 32.259727 3.266527
v -9.497689 29.398518 -5.555352
v 6.867321 32.142487 8.887959
v -10.859385 21.841990 3.362686
v 10.805348 21.841990 3.362686
v 10.805348 26.642746 9.018885
v -10.859385 26.642744 -5.625651
v 7.354805 33.930492 8.536822
v -0.027020 36.201035 3.489980
v -10.317649 31.213299 -5.190449
v -9.361811 29.596386 -11.809822
v 8.647062 30.450386 3.342760
v -10.859385 21.841991 -5.625652
v 10.805348 21.841991 -5.625652
v 10.805348 26.642744 3.362686
v -10.859385 26.642746 -11.948659
v 9.341763 32.259727 3.266527
v -0.027020 36.189255 -5.361270
v -10.158242 31.410625 -11.134848
v -7.964055 31.239456 -17.097107
v 9.443653 29.398518 -5.555352
v -10.859385 21.841991 -11.948659
v 10.805348 21.841991 -11.948659
v 10.805348 26.642744 -5.625651
v -10.859385 26.642746 -17.925194
v 10.263613 31.213299 -5.190449
v -0.027020 36.191437 -11.134985
v -8.563714 33.040703 -16.160007
v -3.146511 34.066246 -19.676268
v -10.859385 26.642746 -21.329103
v -7.061372 32.033360 -21.350422
v 9.307775 29.596386 -11.809822
v 10.805348 21.841991 -17.925194
v -10.859385 21.841991 -17.925194
v 7.007333 21.842045 -21.350422
v -0.027020 21.842072 -21.465057
v -7.061372 21.842045 -21.350422
v 10.805348 26.642746 -11.948659
v 10.104206 31.410625 -11.134848
v 8.509678 33.040703 -16.160007
v -3.341945 35.812931 -18.611307
v -0.027020 36.254898 -18.709520
v 3.287906 35.812931 -18.611307
v -0.027020 34.518929 -19.779261
v -10.859385 21.841991 -21.329103
v -0.027020 34.480911 -21.465057
v 7.910016 31.239456 -17.097107
v 10.805348 26.642746 -17.925194
v 10.805348 21.841991 -21.329103
v 7.007333 32.033360 -21.350422
v 3.092472 34.066246 -19.676268
v 10.805348 26.642746 -21.329103
vt 0.203372 0.063864
vt 0.212224 0.062495
vt 0.211945 0.067798
vt 0.200053 0.067852
vt 0.194043 0.066804
vt 0.196527 0.061051
vt 0.207958 0.060063
vt 0.211555 0.104432
vt 0.199970 0.104517
vt 0.193452 0.105722
vt 0.257294 0.067821
vt 0.258170 0.062574
vt 0.255678 0.060574
vt 0.203372 0.063864
vt 0.200054 0.067853
vt 0.212250 0.062499
vt 0.256309 0.104246
vt 0.199978 0.104512
vt 0.212242 0.126437
vt 0.203372 0.121161
vt 0.199263 0.127680
vt 0.258170 0.062575
vt 0.360009 0.060152
vt 0.364519 0.062567
vt 0.364172 0.067829
vt 0.212146 0.067843
vt 0.363925 0.104229
vt 0.258170 0.126139
vt 0.203372 0.121162
vt 0.211867 0.104391
vt 0.210961 0.134232
vt 0.364541 0.062570
vt 0.257672 0.067868
vt 0.500000 0.060141
vt 0.500000 0.062575
vt 0.500000 0.067919
vt 0.364515 0.126171
vt 0.500000 0.104195
vt 0.256833 0.133578
vt 0.212257 0.126429
vt 0.257100 0.104221
vt 0.364175 0.067829
vt 0.500000 0.062575
vt 0.639991 0.060152
vt 0.635481 0.062567
vt 0.635828 0.067829
vt 0.500000 0.126139
vt 0.362929 0.134060
vt 0.636075 0.104229
vt 0.258170 0.126139
vt 0.363809 0.104236
vt 0.500000 0.067846
vt 0.635459 0.062570
vt 0.741830 0.062574
vt 0.744322 0.060574
vt 0.742706 0.067821
vt 0.500000 0.134251
vt 0.635485 0.126171
vt 0.364549 0.126154
vt 0.743691 0.104246
vt 0.500000 0.104231
vt 0.635825 0.067829
vt 0.741830 0.062575
vt 0.792042 0.060063
vt 0.787776 0.062495
vt 0.788055 0.067798
vt 0.637071 0.134060
vt 0.500000 0.126139
vt 0.741830 0.126139
vt 0.788445 0.104432
vt 0.636191 0.104236
vt 0.742328 0.067868
vt 0.787750 0.062499
vt 0.803473 0.061051
vt 0.796628 0.063863
vt 0.799947 0.067852
vt 0.635451 0.126154
vt 0.743167 0.133578
vt 0.787758 0.126437
vt 0.800030 0.104517
vt 0.742900 0.104221
vt 0.787854 0.067843
vt 0.796628 0.063864
vt 0.805957 0.066804
vt 0.741830 0.126139
vt 0.789039 0.134232
vt 0.796628 0.121161
vt 0.806548 0.105722
vt 0.788133 0.104391
vt 0.799946 0.067853
vt 0.787743 0.126429
vt 0.800737 0.127680
vt 0.800022 0.104513
vt 0.796628 0.121162
vt 0.440508 0.808938
vt 0.461508 0.806935
vt 0.455685 0.787401
vt 0.436720 0.789522
vt 0.458295 0.787118
vt 0.463084 0.806984
vt 0.458488 0.787119
vt 0.465817 0.803983
vt 0.464224 0.786831
vt 0.233291 0.699127
vt 0.249728 0.685423
vt 0.256773 0.675650
vt 0.231535 0.699128
vt 0.193458 0.699836
vt 0.220406 0.675915
vt 0.273873 0.650270
vt 0.297473 0.649799
vt 0.312495 0.645208
vt 0.262483 0.699224
vt 0.261670 0.675499
vt 0.263707 0.676086
vt 0.290513 0.699313
vt 0.304784 0.676237
vt 0.314941 0.699390
vt 0.169777 0.724923
vt 0.161211 0.749474
vt 0.173235 0.724933
vt 0.201898 0.736470
vt 0.181375 0.724812
vt 0.206558 0.725911
vt 0.207263 0.724314
vt 0.191557 0.749248
vt 0.213438 0.749638
vt 0.171135 0.749670
vt 0.179553 0.724992
vt 0.183224 0.725014
vt 0.232296 0.749616
vt 0.146556 0.790608
vt 0.157297 0.795721
vt 0.182583 0.795691
vt 0.191293 0.794373
vt 0.191293 0.790358
vt 0.149925 0.797665
vt 0.146463 0.797484
vt 0.161455 0.797626
vt 0.191293 0.773160
vt 0.152773 0.773354
vt 0.170464 0.773715
vt 0.161480 0.797626
vt 0.191293 0.795815
vt 0.250333 0.775867
vt 0.198464 0.799037
vt 0.270267 0.788560
vt 0.214429 0.799288
vt 0.315661 0.726709
vt 0.315977 0.738939
vt 0.247038 0.749600
vt 0.301289 0.749111
vt 0.271571 0.775590
vt 0.313386 0.645050
vt 0.380403 0.628546
vt 0.306082 0.650145
vt 0.390357 0.648616
vt 0.372206 0.635317
vt 0.397546 0.628114
vt 0.402874 0.674633
vt 0.414283 0.696699
vt 0.500000 0.618243
vt 0.461190 0.648350
vt 0.483634 0.620415
vt 0.500000 0.618104
vt 0.500000 0.648335
vt 0.500000 0.674516
vt 0.500000 0.696795
vt 0.461714 0.696630
vt 0.322304 0.726387
vt 0.335235 0.748057
vt 0.330015 0.748232
vt 0.356075 0.746858
vt 0.428916 0.722757
vt 0.440719 0.746577
vt 0.389976 0.773950
vt 0.380545 0.798882
vt 0.380127 0.798188
vt 0.362510 0.773654
vt 0.410298 0.800187
vt 0.382687 0.798951
vt 0.500000 0.722998
vt 0.500000 0.746756
vt 0.463706 0.746764
vt 0.452535 0.776910
vt 0.460460 0.802139
vt 0.500000 0.777775
vt 0.462030 0.802159
vt 0.500000 0.802173
vt 0.305782 0.824934
vt 0.295726 0.804366
vt 0.250452 0.808815
vt 0.294684 0.826493
vt 0.209056 0.833356
vt 0.260862 0.853957
vt 0.240061 0.855386
vt 0.270010 0.874976
vt 0.294988 0.872816
vt 0.317105 0.848288
vt 0.175401 0.837420
vt 0.175764 0.814378
vt 0.173756 0.815195
vt 0.165061 0.817200
vt 0.180799 0.836630
vt 0.186474 0.813177
vt 0.146681 0.820435
vt 0.173137 0.839848
vt 0.197316 0.860933
vt 0.237843 0.879772
vt 0.188995 0.861461
vt 0.211905 0.884522
vt 0.188131 0.862392
vt 0.212047 0.884644
vt 0.178326 0.864841
vt 0.206949 0.887058
vt 0.289541 0.899709
vt 0.300249 0.923670
vt 0.319622 0.919420
vt 0.301765 0.896908
vt 0.325280 0.916487
vt 0.323060 0.894461
vt 0.340471 0.913772
vt 0.341924 0.945566
vt 0.322693 0.951469
vt 0.361423 0.963963
vt 0.256895 0.905481
vt 0.239034 0.906690
vt 0.274642 0.929524
vt 0.237768 0.906724
vt 0.262381 0.929862
vt 0.235863 0.908342
vt 0.262186 0.930893
vt 0.307001 0.953717
vt 0.282470 0.974575
vt 0.358671 0.966979
vt 0.315940 0.972302
vt 0.278570 0.953473
vt 0.288713 0.953774
vt 0.331940 0.976577
vt 0.369627 0.815955
vt 0.339912 0.799899
vt 0.337016 0.803996
vt 0.324026 0.822368
vt 0.346838 0.864832
vt 0.420630 0.837161
vt 0.468939 0.852827
vt 0.443781 0.835187
vt 0.466087 0.806895
vt 0.465700 0.832802
vt 0.469957 0.840258
vt 0.468774 0.832852
vt 0.405336 0.858900
vt 0.471976 0.852916
vt 0.387541 0.887035
vt 0.377419 0.909915
vt 0.436127 0.882870
vt 0.348124 0.943523
vt 0.368304 0.941904
vt 0.432684 0.939910
vt 0.370772 0.967548
vt 0.389733 0.965265
vt 0.469913 0.901197
vt 0.473104 0.878744
vt 0.470802 0.912086
vt 0.473045 0.935560
vt 0.476142 0.878943
vt 0.483347 0.950875
vt 0.482620 0.920395
vt 0.467199 0.955270
vt 0.487009 0.950290
vt 0.427748 0.960436
vt 0.157300 0.843296
vt 0.162367 0.821770
vt 0.174245 0.844358
vt 0.186061 0.845609
vt 0.186662 0.822219
vt 0.194141 0.822399
vt 0.205272 0.846102
vt 0.216839 0.839579
vt 0.227497 0.846460
vt 0.230584 0.888422
vt 0.210418 0.867525
vt 0.248933 0.890555
vt 0.218474 0.868666
vt 0.256460 0.891107
vt 0.267575 0.870230
vt 0.275484 0.874518
vt 0.301528 0.891699
vt 0.310636 0.892033
vt 0.292329 0.932487
vt 0.279123 0.911173
vt 0.312020 0.934254
vt 0.294698 0.912596
vt 0.296574 0.912850
vt 0.319085 0.935565
vt 0.278623 0.953759
vt 0.324531 0.977548
vt 0.335196 0.977454
vt 0.324483 0.975687
vt 0.321695 0.957802
vt 0.325146 0.960426
vt 0.318501 0.982423
vt 0.324649 0.977582
vt 0.354846 0.981529
vt 0.349491 0.914525
vt 0.353359 0.936875
vt 0.355969 0.914921
vt 0.373378 0.938560
vt 0.321644 0.962493
vt 0.383665 0.968255
vt 0.395880 0.839386
vt 0.396268 0.836566
vt 0.422166 0.851294
vt 0.395473 0.851124
vt 0.392033 0.827903
vt 0.430805 0.828961
vt 0.454506 0.851336
vt 0.471829 0.829453
vt 0.481657 0.851246
vt 0.500000 0.829495
vt 0.500000 0.851232
vt 0.419871 0.891302
vt 0.403687 0.876593
vt 0.500000 0.886247
vt 0.433398 0.896896
vt 0.481236 0.876674
vt 0.489255 0.876768
vt 0.495605 0.876837
vt 0.500000 0.876853
vt 0.419890 0.984749
vt 0.426564 0.985437
vt 0.426144 0.985056
vt 0.428076 0.985054
vt 0.428235 0.985060
vt 0.480039 0.986033
vt 0.407325 0.969033
vt 0.500000 0.985771
vt 0.477582 0.985650
vt 0.460375 0.985398
vt 0.430848 0.896843
vt 0.500000 0.898018
vt 0.461612 0.922316
vt 0.471039 0.922848
vt 0.489268 0.945343
vt 0.465360 0.928626
vt 0.500000 0.923596
vt 0.500000 0.945465
vt 0.469738 0.985475
vt 0.422914 0.942662
vt 0.484132 0.945178
vt 0.500000 0.985699
vt 0.500000 0.971282
vt 0.538492 0.806935
vt 0.541705 0.787118
vt 0.541512 0.787119
vt 0.536916 0.806984
vt 0.535776 0.786831
vt 0.534183 0.803983
vt 0.559492 0.808938
vt 0.544315 0.787401
vt 0.516366 0.620415
vt 0.619597 0.628546
vt 0.602454 0.628114
vt 0.538810 0.648350
vt 0.609643 0.648616
vt 0.585717 0.696699
vt 0.538286 0.696630
vt 0.597126 0.674633
vt 0.627794 0.635317
vt 0.686615 0.645050
vt 0.726127 0.650270
vt 0.693918 0.650145
vt 0.695216 0.676237
vt 0.685059 0.699390
vt 0.571084 0.722757
vt 0.559281 0.746577
vt 0.536294 0.746764
vt 0.547465 0.776910
vt 0.537970 0.802159
vt 0.539540 0.802139
vt 0.610024 0.773950
vt 0.589702 0.800187
vt 0.669985 0.748232
vt 0.677696 0.726387
vt 0.684339 0.726709
vt 0.684023 0.738940
vt 0.664765 0.748057
vt 0.643925 0.746858
vt 0.617313 0.798951
vt 0.637490 0.773654
vt 0.619873 0.798188
vt 0.750272 0.685423
vt 0.766709 0.699127
vt 0.768465 0.699128
vt 0.779594 0.675915
vt 0.806542 0.699836
vt 0.702527 0.649799
vt 0.687505 0.645208
vt 0.736293 0.676086
vt 0.709487 0.699313
vt 0.743227 0.675650
vt 0.738330 0.675499
vt 0.737517 0.699224
vt 0.793442 0.725911
vt 0.798102 0.736470
vt 0.818625 0.724812
vt 0.792737 0.724314
vt 0.808444 0.749248
vt 0.826765 0.724933
vt 0.786562 0.749638
vt 0.767704 0.749616
vt 0.816776 0.725014
vt 0.820447 0.724992
vt 0.830223 0.724923
vt 0.838789 0.749474
vt 0.828865 0.749670
vt 0.853444 0.790608
vt 0.817417 0.795691
vt 0.842703 0.795721
vt 0.808707 0.794373
vt 0.808707 0.795815
vt 0.808707 0.790358
vt 0.853537 0.797484
vt 0.847227 0.773354
vt 0.808707 0.773160
vt 0.801536 0.799037
vt 0.829537 0.773715
vt 0.838545 0.797626
vt 0.838520 0.797626
vt 0.850075 0.797665
vt 0.785571 0.799288
vt 0.729733 0.788560
vt 0.749667 0.775867
vt 0.752963 0.749600
vt 0.698711 0.749111
vt 0.728429 0.775590
vt 0.533913 0.806895
vt 0.534300 0.832802
vt 0.531061 0.852827
vt 0.556219 0.835187
vt 0.531226 0.832852
vt 0.530043 0.840258
vt 0.528024 0.852916
vt 0.630373 0.815955
vt 0.563280 0.789522
vt 0.579370 0.837161
vt 0.594664 0.858900
vt 0.662984 0.803996
vt 0.660088 0.799899
vt 0.675974 0.822368
vt 0.622581 0.909915
vt 0.676940 0.894461
vt 0.612459 0.887035
vt 0.563873 0.882870
vt 0.653162 0.864832
vt 0.682895 0.848288
vt 0.526896 0.878744
vt 0.523859 0.878943
vt 0.517380 0.920395
vt 0.516653 0.950875
vt 0.530087 0.901197
vt 0.526955 0.935560
vt 0.529198 0.912086
vt 0.512991 0.950290
vt 0.638577 0.963963
vt 0.567316 0.939910
vt 0.532801 0.955270
vt 0.572252 0.960436
vt 0.659529 0.913772
vt 0.651876 0.943523
vt 0.631696 0.941904
vt 0.610267 0.965265
vt 0.658076 0.945566
vt 0.629228 0.967548
vt 0.641329 0.966979
vt 0.705316 0.826493
vt 0.749548 0.808815
vt 0.704274 0.804366
vt 0.694218 0.824934
vt 0.705012 0.872816
vt 0.739138 0.853957
vt 0.729990 0.874976
vt 0.759939 0.855386
vt 0.790944 0.833356
vt 0.813526 0.813177
vt 0.819201 0.836630
vt 0.824236 0.814378
vt 0.824599 0.837420
vt 0.826244 0.815195
vt 0.826863 0.839848
vt 0.834939 0.817200
vt 0.842700 0.843296
vt 0.853319 0.820435
vt 0.762157 0.879772
vt 0.802684 0.860933
vt 0.788095 0.884522
vt 0.811005 0.861461
vt 0.787953 0.884644
vt 0.811869 0.862392
vt 0.793051 0.887058
vt 0.821674 0.864841
vt 0.674720 0.916487
vt 0.698235 0.896908
vt 0.680378 0.919420
vt 0.710459 0.899709
vt 0.677307 0.951469
vt 0.699751 0.923670
vt 0.743105 0.905481
vt 0.725358 0.929524
vt 0.760966 0.906690
vt 0.762232 0.906724
vt 0.737619 0.929862
vt 0.764138 0.908342
vt 0.737814 0.930893
vt 0.717530 0.974575
vt 0.692999 0.953717
vt 0.684061 0.972302
vt 0.711287 0.953774
vt 0.668060 0.976577
vt 0.721430 0.953473
vt 0.528171 0.829453
vt 0.518343 0.851246
vt 0.545494 0.851336
vt 0.569196 0.828961
vt 0.577834 0.851294
vt 0.603732 0.836566
vt 0.604120 0.839386
vt 0.604527 0.851124
vt 0.607967 0.827903
vt 0.510745 0.876768
vt 0.518764 0.876674
vt 0.504395 0.876837
vt 0.596313 0.876593
vt 0.580129 0.891302
vt 0.619455 0.798882
vt 0.521953 0.986031
vt 0.519961 0.986033
vt 0.573436 0.985437
vt 0.561809 0.985389
vt 0.571923 0.985054
vt 0.573856 0.985056
vt 0.580110 0.984749
vt 0.617170 0.982502
vt 0.566602 0.896896
vt 0.528961 0.922848
vt 0.510732 0.945343
vt 0.534640 0.928626
vt 0.515869 0.945178
vt 0.569152 0.896843
vt 0.538388 0.922316
vt 0.520704 0.985906
vt 0.526909 0.985371
vt 0.529903 0.985458
vt 0.530262 0.985475
vt 0.577086 0.942662
vt 0.539625 0.985398
vt 0.681499 0.982423
vt 0.616335 0.968255
vt 0.592675 0.969033
vt 0.522418 0.985650
vt 0.724516 0.874518
vt 0.698472 0.891699
vt 0.689364 0.892033
vt 0.825755 0.844358
vt 0.813939 0.845609
vt 0.837633 0.821770
vt 0.783161 0.839579
vt 0.805859 0.822399
vt 0.813338 0.822219
vt 0.794728 0.846102
vt 0.772503 0.846460
vt 0.769416 0.888422
vt 0.789582 0.867525
vt 0.781527 0.868666
vt 0.751067 0.890555
vt 0.743540 0.891107
vt 0.732425 0.870230
vt 0.675351 0.977582
vt 0.645154 0.981529
vt 0.707671 0.932487
vt 0.720877 0.911173
vt 0.687980 0.934254
vt 0.705302 0.912596
vt 0.680915 0.935565
vt 0.703426 0.912850
vt 0.721377 0.953759
vt 0.675469 0.977548
vt 0.664804 0.977454
vt 0.675517 0.975688
vt 0.678305 0.957802
vt 0.674854 0.960426
vt 0.644031 0.914921
vt 0.650509 0.914525
vt 0.646641 0.936875
vt 0.626622 0.938560
vt 0.678356 0.962493
vt 0.309021 0.942470
vt 0.280976 0.918935
vt 0.248114 0.951558
vt 0.230132 0.929611
vt 0.263529 0.957576
vt 0.467206 0.900539
vt 0.470030 0.934658
vt 0.257454 0.934854
vt 0.354851 0.942558
vt 0.346010 0.968819
vt 0.379497 0.939888
vt 0.401092 0.941683
vt 0.416523 0.942377
vt 0.500000 0.945621
vt 0.500000 0.971245
vt 0.532794 0.900539
vt 0.529970 0.934658
vt 0.690979 0.942470
vt 0.719024 0.918935
vt 0.751887 0.951558
vt 0.769868 0.929611
vt 0.736471 0.957576
vt 0.583477 0.942377
vt 0.598909 0.941683
vt 0.645149 0.942558
vt 0.653990 0.968819
vt 0.620503 0.939888
vt 0.742545 0.934854
vt 0.273054 0.635386
vt 0.142071 0.650249
vt 0.154767 0.672465
vt 0.302781 0.656797
vt 0.308187 0.633153
vt 0.281299 0.636180
vt 0.312504 0.632483
vt 0.233311 0.667834
vt 0.312504 0.656913
vt 0.197681 0.648105
vt 0.191293 0.648466
vt 0.191293 0.648949
vt 0.138418 0.652578
vt 0.214706 0.670107
vt 0.191293 0.671782
vt 0.132517 0.675982
vt 0.191293 0.673700
vt 0.498076 0.611984
vt 0.335893 0.654165
vt 0.362855 0.626315
vt 0.353708 0.651931
vt 0.500000 0.636332
vt 0.455201 0.614377
vt 0.500000 0.629948
vt 0.500000 0.609395
vt 0.500000 0.609322
vt 0.455635 0.613881
vt 0.481049 0.613886
vt 0.500000 0.613994
vt 0.366866 0.650294
vt 0.500000 0.634145
vt 0.191293 0.651019
vt 0.191293 0.651127
vt 0.191792 0.651128
vt 0.191293 0.674415
vt 0.191293 0.674747
vt 0.227716 0.650460
vt 0.286919 0.650808
vt 0.282697 0.676926
vt 0.500000 0.648601
vt 0.500000 0.674857
vt 0.501924 0.611984
vt 0.513555 0.613903
vt 0.505176 0.613951
vt 0.538111 0.613860
vt 0.518951 0.613886
vt 0.544365 0.613881
vt 0.544799 0.614377
vt 0.697219 0.656797
vt 0.637145 0.626315
vt 0.633134 0.650294
vt 0.646291 0.651931
vt 0.726946 0.635386
vt 0.664107 0.654165
vt 0.687496 0.656913
vt 0.687496 0.632483
vt 0.691813 0.633153
vt 0.857929 0.650249
vt 0.718701 0.636180
vt 0.766689 0.667834
vt 0.845233 0.672465
vt 0.802319 0.648105
vt 0.808707 0.648466
vt 0.861582 0.652578
vt 0.808707 0.648949
vt 0.785294 0.670107
vt 0.808707 0.671782
vt 0.808707 0.673700
vt 0.867483 0.675982
vt 0.713081 0.650808
vt 0.717303 0.676926
vt 0.808707 0.651019
vt 0.808707 0.651127
vt 0.808208 0.651128
vt 0.808707 0.674415
vt 0.808707 0.674747
vt 0.772284 0.650460
vt 0.137122 0.793342
vt 0.260918 0.779468
vt 0.300195 0.779548
vt 0.277126 0.782050
vt 0.312504 0.777205
vt 0.289809 0.801301
vt 0.312504 0.802215
vt 0.323038 0.801368
vt 0.191293 0.793164
vt 0.191293 0.793389
vt 0.148575 0.815186
vt 0.191293 0.794907
vt 0.485194 0.784060
vt 0.443467 0.762438
vt 0.396916 0.767692
vt 0.482620 0.758280
vt 0.486778 0.758321
vt 0.488504 0.780040
vt 0.487522 0.767689
vt 0.488907 0.784145
vt 0.143526 0.799345
vt 0.298615 0.803996
vt 0.137047 0.822413
vt 0.279187 0.826243
vt 0.310521 0.799292
vt 0.298160 0.827308
vt 0.231935 0.799606
vt 0.320421 0.798019
vt 0.325572 0.798031
vt 0.314956 0.826481
vt 0.346852 0.798349
vt 0.330601 0.826846
vt 0.379275 0.798843
vt 0.500000 0.802244
vt 0.500000 0.829517
vt 0.517380 0.758280
vt 0.513222 0.758321
vt 0.512478 0.767689
vt 0.511496 0.780040
vt 0.514806 0.784060
vt 0.511093 0.784145
vt 0.739082 0.779468
vt 0.556533 0.762438
vt 0.710191 0.801301
vt 0.687496 0.777205
vt 0.603084 0.767692
vt 0.676962 0.801368
vt 0.687496 0.802215
vt 0.699805 0.779548
vt 0.862878 0.793342
vt 0.722874 0.782050
vt 0.808707 0.793164
vt 0.851425 0.815186
vt 0.808707 0.793389
vt 0.808707 0.794907
vt 0.856474 0.799345
vt 0.701385 0.803996
vt 0.669399 0.826846
vt 0.689479 0.799292
vt 0.701840 0.827308
vt 0.620725 0.798843
vt 0.653148 0.798349
vt 0.862953 0.822413
vt 0.720813 0.826243
vt 0.674428 0.798031
vt 0.679579 0.798019
vt 0.768065 0.799606
vt 0.685043 0.826481
vt 0.264921 0.732187
vt 0.312504 0.729394
vt 0.308814 0.730112
vt 0.302839 0.731277
vt 0.278525 0.733952
vt 0.138707 0.746120
vt 0.294095 0.754291
vt 0.312504 0.755404
vt 0.327354 0.754138
vt 0.150577 0.768226
vt 0.214875 0.767501
vt 0.230422 0.765865
vt 0.192281 0.745488
vt 0.191293 0.745529
vt 0.191293 0.746474
vt 0.141759 0.750072
vt 0.191293 0.769101
vt 0.209542 0.768063
vt 0.191293 0.772343
vt 0.487769 0.709203
vt 0.445742 0.711973
vt 0.362314 0.750911
vt 0.490345 0.737011
vt 0.493187 0.736177
vt 0.491043 0.707182
vt 0.492743 0.731226
vt 0.492643 0.729838
vt 0.191293 0.749241
vt 0.135336 0.774066
vt 0.301263 0.749662
vt 0.301933 0.775831
vt 0.280032 0.775445
vt 0.319396 0.748565
vt 0.326476 0.774318
vt 0.339434 0.774191
vt 0.500000 0.747120
vt 0.500000 0.777861
vt 0.512231 0.709203
vt 0.508957 0.707182
vt 0.507357 0.729838
vt 0.507257 0.731226
vt 0.509655 0.737011
vt 0.506813 0.736177
vt 0.735079 0.732187
vt 0.554258 0.711973
vt 0.637686 0.750911
vt 0.705905 0.754291
vt 0.687496 0.729394
vt 0.672646 0.754138
vt 0.697160 0.731277
vt 0.691187 0.730112
vt 0.687496 0.755404
vt 0.861293 0.746120
vt 0.721475 0.733952
vt 0.769578 0.765865
vt 0.785125 0.767501
vt 0.807719 0.745488
vt 0.849423 0.768226
vt 0.808707 0.745529
vt 0.858241 0.750072
vt 0.808707 0.746474
vt 0.790458 0.768063
vt 0.808707 0.769101
vt 0.808707 0.772343
vt 0.698737 0.749662
vt 0.698067 0.775831
vt 0.660566 0.774191
vt 0.808707 0.749241
vt 0.864664 0.774066
vt 0.680604 0.748565
vt 0.673524 0.774318
vt 0.719968 0.775445
vt 0.268966 0.683220
vt 0.140357 0.697979
vt 0.152640 0.720581
vt 0.298420 0.705821
vt 0.305503 0.681175
vt 0.279915 0.684129
vt 0.312504 0.679773
vt 0.312504 0.706124
vt 0.331639 0.704184
vt 0.194992 0.696369
vt 0.191293 0.696559
vt 0.227932 0.691640
vt 0.191293 0.697164
vt 0.140056 0.700701
vt 0.231858 0.716981
vt 0.212132 0.719244
vt 0.191293 0.720546
vt 0.133893 0.724752
vt 0.191293 0.722864
vt 0.492921 0.657698
vt 0.447998 0.659971
vt 0.364637 0.700449
vt 0.495498 0.685594
vt 0.495339 0.655259
vt 0.497011 0.677758
vt 0.451639 0.688681
vt 0.497498 0.683247
vt 0.191293 0.699493
vt 0.194507 0.699523
vt 0.229109 0.699131
vt 0.291179 0.700042
vt 0.191293 0.723737
vt 0.191293 0.724006
vt 0.287184 0.727510
vt 0.500000 0.697189
vt 0.500000 0.723457
vt 0.507079 0.657698
vt 0.504661 0.655259
vt 0.502989 0.677758
vt 0.504502 0.685594
vt 0.502502 0.683247
vt 0.548361 0.688681
vt 0.635363 0.700449
vt 0.731034 0.683220
vt 0.552003 0.659971
vt 0.668361 0.704184
vt 0.701580 0.705821
vt 0.687496 0.679773
vt 0.694497 0.681175
vt 0.687496 0.706124
vt 0.859643 0.697979
vt 0.720085 0.684129
vt 0.847360 0.720581
vt 0.772069 0.691640
vt 0.805008 0.696369
vt 0.808707 0.696559
vt 0.859944 0.700701
vt 0.808707 0.697164
vt 0.768142 0.716981
vt 0.787868 0.719244
vt 0.808707 0.720546
vt 0.808707 0.722864
vt 0.866107 0.724752
vt 0.708821 0.700042
vt 0.712816 0.727510
vt 0.808707 0.699493
vt 0.770891 0.699131
vt 0.805493 0.699523
vt 0.808707 0.723737
vt 0.808707 0.724006
vt 0.312504 0.617638
vt 0.191293 0.618610
vt 0.191293 0.691874
vt 0.191293 0.688189
vt 0.191293 0.729833
vt 0.312504 0.767696
vt 0.500000 0.649574
vt 0.500000 0.688818
vt 0.500000 0.607909
vt 0.500000 0.729888
vt 0.500000 0.767685
vt 0.500000 0.803970
vt 0.191293 0.615080
vt 0.191293 0.650904
vt 0.312505 0.609783
vt 0.312495 0.645078
vt 0.191293 0.726552
vt 0.325604 0.797835
vt 0.312504 0.803990
vt 0.312504 0.823656
vt 0.315711 0.984216
vt 0.359640 0.993082
vt 0.323936 0.980590
vt 0.500000 1.000000
vt 0.482541 0.805320
vt 0.484291 0.827395
vt 0.500000 0.840253
vt 0.484656 0.831121
vt 0.478331 0.852306
vt 0.480109 0.874960
vt 0.500000 0.876823
vt 0.480296 0.876827
vt 0.480462 0.878446
vt 0.500000 0.920419
vt 0.500000 0.962998
vt 0.311637 0.838542
vt 0.245644 0.847173
vt 0.311282 0.849825
vt 0.300044 0.873045
vt 0.321977 0.875368
vt 0.345317 0.894527
vt 0.321683 0.875007
vt 0.357320 0.915110
vt 0.375610 0.917936
vt 0.361053 0.850787
vt 0.333068 0.850549
vt 0.331944 0.875504
vt 0.338436 0.875825
vt 0.391979 0.896038
vt 0.369757 0.895558
vt 0.394554 0.919250
vt 0.500000 0.985897
vt 0.808707 0.618610
vt 0.687496 0.617638
vt 0.687496 0.767696
vt 0.808707 0.615080
vt 0.808707 0.691874
vt 0.808707 0.688189
vt 0.808707 0.729833
vt 0.808707 0.726552
vt 0.687495 0.609783
vt 0.674396 0.797835
vt 0.687505 0.645078
vt 0.808707 0.650904
vt 0.517459 0.805320
vt 0.515709 0.827395
vt 0.515344 0.831121
vt 0.521669 0.852306
vt 0.519704 0.876827
vt 0.519891 0.874960
vt 0.519538 0.878446
vt 0.687496 0.803990
vt 0.687496 0.823656
vt 0.640360 0.993082
vt 0.684289 0.984216
vt 0.688363 0.838542
vt 0.666932 0.850549
vt 0.688718 0.849825
vt 0.638947 0.850787
vt 0.661564 0.875825
vt 0.668056 0.875504
vt 0.678023 0.875368
vt 0.608021 0.896038
vt 0.678317 0.875007
vt 0.630243 0.895558
vt 0.654683 0.894527
vt 0.605446 0.919250
vt 0.624390 0.917936
vt 0.754356 0.847173
vt 0.699956 0.873045
vt 0.676064 0.980590
vt 0.642680 0.915110
vt 0.259913 0.873045
vt 0.179094 0.884927
vt 0.209131 0.905904
vt 0.293134 0.894681
vt 0.224293 0.912032
vt 0.472337 0.852306
vt 0.474906 0.878272
vt 0.200847 0.891117
vt 0.344757 0.920361
vt 0.326749 0.896402
vt 0.500000 0.898176
vt 0.500000 0.923717
vt 0.527663 0.852306
vt 0.525094 0.878272
vt 0.740087 0.873045
vt 0.706866 0.894681
vt 0.820906 0.884927
vt 0.790869 0.905904
vt 0.775707 0.912032
vt 0.673251 0.896402
vt 0.655243 0.920361
vt 0.799153 0.891117
vt 0.256959 0.826470
vt 0.285660 0.848320
vt 0.140184 0.840009
vt 0.163598 0.861164
vt 0.167129 0.867830
vt 0.477476 0.805232
vt 0.480047 0.831061
vt 0.154375 0.846359
vt 0.299833 0.850720
vt 0.300790 0.876110
vt 0.500000 0.851230
vt 0.500000 0.876940
vt 0.522524 0.805232
vt 0.519953 0.831061
vt 0.714340 0.848320
vt 0.743041 0.826470
vt 0.859816 0.840009
vt 0.836402 0.861164
vt 0.832871 0.867830
vt 0.700167 0.850720
vt 0.699209 0.876110
vt 0.845625 0.846359
vt 0.304316 0.737566
vt 0.310765 0.734618
vt 0.300934 0.754736
vt 0.320544 0.758958
vt 0.366511 0.734618
vt 0.372198 0.754399
vt 0.322034 0.837453
vt 0.301010 0.847615
vt 0.366981 0.809954
vt 0.305801 0.826596
vt 0.414692 0.782724
vt 0.398497 0.810854
vt 0.408867 0.756282
vt 0.410172 0.772522
vt 0.417420 0.777847
vt 0.430894 0.734618
vt 0.421558 0.750755
vt 0.433906 0.751664
vt 0.412874 0.757824
vt 0.412308 0.771177
vt 0.416668 0.783418
vt 0.413349 0.790447
vt 0.389222 0.813911
vt 0.397817 0.813337
vt 0.357256 0.826308
vt 0.366101 0.825755
vt 0.382352 0.818598
vt 0.391042 0.824170
vt 0.420318 0.770338
vt 0.472290 0.771359
vt 0.439672 0.781490
vt 0.431057 0.789290
vt 0.430326 0.755091
vt 0.450366 0.747618
vt 0.470013 0.747998
vt 0.498377 0.776208
vt 0.445542 0.780951
vt 0.433566 0.789092
vt 0.441729 0.790754
vt 0.431016 0.792163
vt 0.439668 0.797685
vt 0.444041 0.812936
vt 0.439648 0.822976
vt 0.462089 0.788628
vt 0.500000 0.786054
vt 0.500000 0.777717
vt 0.516361 0.771538
vt 0.517350 0.745696
vt 0.475414 0.743999
vt 0.500000 0.734573
vt 0.502524 0.742031
vt 0.556739 0.779613
vt 0.554458 0.780951
vt 0.566449 0.789084
vt 0.506481 0.786794
vt 0.539930 0.788761
vt 0.568952 0.789302
vt 0.563917 0.783366
vt 0.569277 0.754341
vt 0.585428 0.776335
vt 0.525194 0.742456
vt 0.530456 0.745422
vt 0.554424 0.748503
vt 0.570984 0.752442
vt 0.587228 0.757820
vt 0.584739 0.787676
vt 0.582486 0.791943
vt 0.568977 0.792183
vt 0.502543 0.787716
vt 0.540776 0.789885
vt 0.500000 0.788149
vt 0.565428 0.792169
vt 0.553965 0.798435
vt 0.555999 0.812878
vt 0.607455 0.811806
vt 0.601237 0.819166
vt 0.561054 0.824066
vt 0.582580 0.777847
vt 0.585249 0.787092
vt 0.590498 0.756259
vt 0.587750 0.767185
vt 0.591546 0.773236
vt 0.623135 0.761049
vt 0.597256 0.790380
vt 0.599097 0.802526
vt 0.602063 0.813161
vt 0.612599 0.815053
vt 0.635658 0.805863
vt 0.679507 0.767794
vt 0.578442 0.750922
vt 0.569106 0.734618
vt 0.633489 0.734618
vt 0.689234 0.734618
vt 0.699068 0.754249
vt 0.698929 0.851682
vt 0.678298 0.826572
vt 0.635792 0.826754
vt 0.642922 0.826239
vt 0.635402 0.824661
vt 0.651440 0.831789
vt 0.679180 0.853811
vt 0.694199 0.810087
vt 0.695684 0.920344
vt 0.695684 0.737566
vt 0.656038 0.867174
vt 0.662666 0.847907
vt 0.659252 0.837153
vt 0.634327 0.847907
vt 0.662159 0.885239
vt 0.650941 0.876345
vt 0.654207 0.876994
vt 0.678959 0.887026
vt 0.656924 0.884885
vt 0.635759 0.903635
vt 0.640261 0.895425
vt 0.643496 0.895697
vt 0.634887 0.874438
vt 0.640970 0.866727
vt 0.649260 0.864451
vt 0.651729 0.857537
vt 0.646983 0.879037
vt 0.644581 0.893521
vt 0.618405 0.902932
vt 0.608697 0.897500
vt 0.642147 0.894695
vt 0.616958 0.901931
vt 0.569004 0.904921
vt 0.606580 0.903938
vt 0.534553 0.923292
vt 0.633489 0.923292
vt 0.679395 0.923292
vt 0.699074 0.923292
vt 0.498830 0.905050
vt 0.489107 0.902446
vt 0.560795 0.903210
vt 0.608651 0.902810
vt 0.600282 0.896124
vt 0.648752 0.892492
vt 0.653815 0.880015
vt 0.647290 0.882435
vt 0.608047 0.886172
vt 0.655505 0.877135
vt 0.584056 0.898419
vt 0.536331 0.895101
vt 0.580073 0.884294
vt 0.569764 0.902491
vt 0.505225 0.901429
vt 0.547302 0.899109
vt 0.524945 0.898716
vt 0.500464 0.872401
vt 0.529788 0.863719
vt 0.500000 0.896426
vt 0.484450 0.898497
vt 0.541730 0.865188
vt 0.550219 0.879197
vt 0.599917 0.883985
vt 0.645501 0.880298
vt 0.663338 0.871797
vt 0.643672 0.876934
vt 0.634156 0.875552
vt 0.627367 0.874798
vt 0.558883 0.876131
vt 0.586692 0.873915
vt 0.543046 0.863113
vt 0.562755 0.869228
vt 0.586262 0.872681
vt 0.617787 0.875029
vt 0.614814 0.875119
vt 0.624262 0.875903
vt 0.629547 0.875337
vt 0.620326 0.875071
vt 0.606648 0.874026
vt 0.610361 0.874517
vt 0.583315 0.872814
vt 0.556850 0.869391
vt 0.565810 0.871598
vt 0.538010 0.862725
vt 0.545327 0.865075
vt 0.554342 0.867837
vt 0.564547 0.870361
vt 0.577654 0.871515
vt 0.592324 0.872390
vt 0.598867 0.869000
vt 0.605945 0.869921
vt 0.625114 0.868816
vt 0.605125 0.867344
vt 0.629926 0.867198
vt 0.590799 0.867877
vt 0.580482 0.866412
vt 0.561439 0.862373
vt 0.572866 0.861943
vt 0.587402 0.856699
vt 0.621972 0.859785
vt 0.650248 0.862992
vt 0.653883 0.858457
vt 0.593518 0.856928
vt 0.609701 0.858179
vt 0.629952 0.857914
vt 0.583835 0.855968
vt 0.555061 0.852775
vt 0.550703 0.851677
vt 0.565580 0.853471
vt 0.575471 0.854782
vt 0.542559 0.849062
vt 0.572577 0.852413
vt 0.571050 0.850793
vt 0.576544 0.853289
vt 0.584028 0.854229
vt 0.591258 0.855366
vt 0.595369 0.855874
vt 0.607739 0.856730
vt 0.616202 0.857158
vt 0.622584 0.855651
vt 0.598786 0.854106
vt 0.580539 0.852032
vt 0.584049 0.843547
vt 0.550400 0.832204
vt 0.594306 0.845351
vt 0.616285 0.845875
vt 0.634115 0.847485
vt 0.630040 0.856832
vt 0.644009 0.855319
vt 0.635483 0.851189
vt 0.628870 0.844535
vt 0.639909 0.855702
vt 0.622593 0.843767
vt 0.611579 0.840906
vt 0.601040 0.840549
vt 0.559735 0.824126
vt 0.549394 0.815094
vt 0.527633 0.830356
vt 0.541034 0.832613
vt 0.539793 0.835239
vt 0.533335 0.841648
vt 0.534839 0.836453
vt 0.535848 0.836542
vt 0.520985 0.844004
vt 0.499980 0.807820
vt 0.499728 0.818324
vt 0.498420 0.830119
vt 0.514420 0.837366
vt 0.498245 0.841675
vt 0.523377 0.808234
vt 0.545738 0.810457
vt 0.450602 0.815106
vt 0.454245 0.810419
vt 0.476310 0.808454
vt 0.501750 0.807706
vt 0.469649 0.829816
vt 0.481055 0.837674
vt 0.528911 0.850743
vt 0.530059 0.859879
vt 0.477916 0.843723
vt 0.470995 0.851223
vt 0.465102 0.836973
vt 0.470106 0.864852
vt 0.439971 0.823975
vt 0.458321 0.832071
vt 0.466771 0.841644
vt 0.465108 0.836438
vt 0.471341 0.851131
vt 0.469628 0.853536
vt 0.469872 0.861627
vt 0.458243 0.865190
vt 0.460433 0.863172
vt 0.458420 0.865018
vt 0.464515 0.895162
vt 0.457918 0.849107
vt 0.460221 0.835356
vt 0.450263 0.832510
vt 0.450101 0.848338
vt 0.452134 0.853694
vt 0.437649 0.861861
vt 0.446364 0.866980
vt 0.438963 0.870406
vt 0.456702 0.862963
vt 0.438215 0.869157
vt 0.435039 0.881864
vt 0.439452 0.876801
vt 0.430587 0.870117
vt 0.423480 0.872671
vt 0.418967 0.872615
vt 0.411668 0.872900
vt 0.435310 0.870317
vt 0.444745 0.852634
vt 0.426980 0.861452
vt 0.416334 0.843147
vt 0.427286 0.851514
vt 0.433639 0.853500
vt 0.412036 0.856869
vt 0.414584 0.856107
vt 0.395530 0.867454
vt 0.412911 0.867342
vt 0.425095 0.871370
vt 0.408392 0.872563
vt 0.419557 0.871523
vt 0.390503 0.874468
vt 0.385337 0.875123
vt 0.392990 0.874219
vt 0.380264 0.875020
vt 0.378312 0.859779
vt 0.370259 0.867218
vt 0.401421 0.869020
vt 0.394228 0.869360
vt 0.379153 0.869353
vt 0.377461 0.874727
vt 0.375121 0.875915
vt 0.372959 0.874800
vt 0.366439 0.875471
vt 0.401071 0.875768
vt 0.398644 0.883831
vt 0.336804 0.871804
vt 0.354067 0.880200
vt 0.355238 0.876741
vt 0.366463 0.867908
vt 0.348933 0.863213
vt 0.366799 0.875054
vt 0.344495 0.877135
vt 0.352947 0.879037
vt 0.346222 0.880015
vt 0.359539 0.877430
vt 0.352729 0.882322
vt 0.378453 0.885072
vt 0.398351 0.896103
vt 0.351480 0.891918
vt 0.349001 0.875961
vt 0.356498 0.895669
vt 0.350990 0.864962
vt 0.338020 0.840126
vt 0.349104 0.857956
vt 0.339201 0.887679
vt 0.355398 0.893547
vt 0.382875 0.901931
vt 0.345695 0.888515
vt 0.384417 0.897262
vt 0.380530 0.902473
vt 0.389882 0.902817
vt 0.393587 0.903921
vt 0.404122 0.903981
vt 0.365519 0.903805
vt 0.321091 0.882900
vt 0.343459 0.868075
vt 0.344092 0.847105
vt 0.300926 0.923292
vt 0.320605 0.923292
vt 0.366511 0.923292
vt 0.429066 0.905126
vt 0.430894 0.923292
vt 0.440057 0.903191
vt 0.418739 0.898362
vt 0.427878 0.902492
vt 0.304316 0.920344
vt 0.348007 0.832424
vt 0.365596 0.847881
vt 0.359978 0.854919
vt 0.371210 0.844700
vt 0.355949 0.855298
vt 0.401229 0.839885
vt 0.383179 0.845232
vt 0.405846 0.845386
vt 0.365782 0.848289
vt 0.365011 0.856630
vt 0.376145 0.855244
vt 0.362573 0.857786
vt 0.346233 0.858433
vt 0.383619 0.858143
vt 0.389478 0.856837
vt 0.400846 0.854419
vt 0.419450 0.852058
vt 0.415960 0.854223
vt 0.406812 0.855609
vt 0.423431 0.853296
vt 0.405853 0.856951
vt 0.458828 0.799254
vt 0.434352 0.792139
vt 0.480758 0.798397
vt 0.461470 0.789637
vt 0.472166 0.800753
vt 0.490810 0.800715
vt 0.500000 0.799881
vt 0.511671 0.800583
vt 0.532922 0.797271
vt 0.528969 0.800537
vt 0.529992 0.861633
vt 0.404544 0.179713
vt 0.404544 0.208836
vt 0.360965 0.206000
vt 0.360965 0.176378
vt 0.132885 0.055407
vt 0.132885 0.117075
vt 0.498756 0.179713
vt 0.498756 0.055407
vt 0.498756 0.164512
vt 0.360965 0.164512
vt 0.000000 0.092430
vt 0.000000 0.026436
vt 0.000000 0.000000
vt 0.417231 0.232135
vt 0.360965 0.229327
vt 0.183325 0.166410
vt 0.498756 0.113804
vt 0.592968 0.179713
vt 0.864627 0.055407
vt 0.498756 -0.000000
vt 0.636547 0.164512
vt 0.997512 0.000000
vt 0.000000 0.144400
vt 0.498756 0.187021
vt 0.423627 0.269414
vt 0.208505 0.245345
vt 0.360965 0.267217
vt 0.864627 0.117075
vt 0.636547 0.176378
vt 0.636547 0.206000
vt 0.592968 0.208836
vt 0.997512 0.144400
vt 0.997512 0.026436
vt 0.997512 0.092430
vt 0.000000 0.228816
vt 0.498756 0.253971
vt 0.814187 0.166410
vt 0.411058 0.310769
vt 0.158874 0.332913
vt 0.360965 0.309586
vt 0.580281 0.232135
vt 0.636547 0.229327
vt 0.997512 0.228816
vt 0.636547 0.267217
vt 0.000000 0.323211
vt 0.789007 0.245345
vt 0.498756 0.335124
vt 0.388419 0.360862
vt 0.067388 0.438982
vt 0.360965 0.360682
vt 0.573885 0.269414
vt 0.997512 0.323211
vt 0.636547 0.309586
vt 0.000000 0.437047
vt 0.838638 0.332913
vt 0.498756 0.434485
vt 0.378286 0.441243
vt 0.024943 0.609186
vt 0.360965 0.441878
vt 0.586454 0.310769
vt 0.997512 0.437047
vt 0.636547 0.360682
vt 0.000000 0.617945
vt 0.930124 0.438982
vt 0.498756 0.612624
vt 0.380014 0.497743
vt 0.032283 0.728822
vt 0.360965 0.498997
vt 0.609093 0.360862
vt 0.997512 0.617945
vt 0.636547 0.441878
vt 0.000000 0.745201
vt 0.972569 0.609186
vt 0.498756 0.728825
vt 0.397794 0.545506
vt 0.105700 0.829958
vt 0.360965 0.552986
vt 0.619226 0.441243
vt 0.997512 0.745201
vt 0.636547 0.498997
vt 0.000000 0.865484
vt 0.965229 0.728822
vt 0.355125 0.900725
vt 0.346126 0.879292
vt 0.360965 0.583735
vt 0.409277 0.583928
vt 0.617498 0.497743
vt 0.997512 0.865484
vt 0.822639 0.934419
vt 0.498756 0.936726
vt 0.174872 0.934419
vt 0.636547 0.552986
vt 0.000000 0.933990
vt 0.891812 0.829958
vt 0.498756 0.881269
vt 0.651386 0.879292
vt 0.498756 0.902798
vt 0.498756 0.936726
vt 0.431454 0.516473
vt 0.455488 0.458003
vt 0.455488 0.568545
vt 0.431454 0.568546
vt 0.500000 0.431455
vt 0.500000 0.568545
vt 0.599718 0.545506
vt 0.636547 0.583735
vt 0.997512 0.933990
vt 0.544512 0.458003
vt 0.544512 0.568545
vt 0.568546 0.516473
vt 0.568546 0.568546
vt 0.642387 0.900725
vt 0.588235 0.583928
vn -0.730048 0.152319 0.666205
vn -0.109254 0.162573 0.980629
vn -0.541383 0.812312 0.216919
vn -0.984525 0.166661 0.054169
vn -0.984525 0.166661 0.054169
vn -0.999273 -0.000031 0.038117
vn -0.730436 -0.000061 0.682981
vn -0.730048 0.152319 0.666205
vn -0.730436 -0.000061 0.682981
vn -0.044952 -0.000031 0.998989
vn -0.109254 0.162573 0.980629
vn -0.730048 0.152319 0.666205
vn -0.541383 0.812312 0.216919
vn -0.540225 0.827116 -0.155035
vn -0.985152 0.165901 -0.044191
vn -0.984525 0.166661 0.054169
vn -0.985152 0.165901 -0.044191
vn -0.999390 -0.000031 -0.034913
vn -0.999273 -0.000031 0.038117
vn -0.984525 0.166661 0.054169
vn -0.247652 0.931402 0.266756
vn -0.541383 0.812312 0.216919
vn -0.109254 0.162573 0.980629
vn -0.034424 0.150244 0.988049
vn -0.109254 0.162573 0.980629
vn -0.044952 -0.000031 0.998989
vn -0.002075 -0.000031 0.999998
vn -0.034424 0.150244 0.988049
vn -0.709317 -0.158294 0.686886
vn -0.730436 -0.000061 0.682981
vn -0.999273 -0.000031 0.038117
vn -0.982568 -0.177123 0.056457
vn -0.709317 -0.158294 0.686886
vn -0.065827 -0.164706 0.984144
vn -0.044952 -0.000031 0.998989
vn -0.730436 -0.000061 0.682981
vn -0.247652 0.931402 0.266756
vn -0.248325 0.949626 -0.191170
vn -0.540225 0.827116 -0.155035
vn -0.541383 0.812312 0.216919
vn -0.999273 -0.000031 0.038117
vn -0.999390 -0.000031 -0.034913
vn -0.983255 -0.176241 -0.046358
vn -0.982568 -0.177123 0.056457
vn -0.985152 0.165901 -0.044191
vn -0.540225 0.827116 -0.155035
vn -0.381869 0.497058 -0.779173
vn -0.956905 0.165684 -0.238501
vn -0.967896 -0.000061 -0.251351
vn -0.999390 -0.000031 -0.034913
vn -0.985152 0.165901 -0.044191
vn -0.956905 0.165684 -0.238501
vn -0.002075 -0.000031 0.999998
vn -0.044952 -0.000031 0.998989
vn -0.065827 -0.164706 0.984144
vn 0.006989 -0.149813 0.988690
vn -0.034424 0.150244 0.988049
vn -0.002075 -0.000031 0.999998
vn -0.004120 -0.000031 0.999992
vn -0.026275 0.141757 0.989553
vn -0.026275 0.141757 0.989553
vn -0.187254 0.938922 0.288724
vn -0.247652 0.931402 0.266756
vn -0.034424 0.150244 0.988049
vn -0.982568 -0.177123 0.056457
vn -0.353582 -0.904953 0.236729
vn -0.065827 -0.164706 0.984144
vn -0.709317 -0.158294 0.686886
vn -0.187254 0.938922 0.288724
vn -0.188842 0.959591 -0.208624
vn -0.248325 0.949626 -0.191170
vn -0.247652 0.931402 0.266756
vn -0.381869 0.497058 -0.779173
vn -0.540225 0.827116 -0.155035
vn -0.248325 0.949626 -0.191170
vn -0.117736 0.509350 -0.852467
vn -0.983255 -0.176241 -0.046358
vn -0.999390 -0.000031 -0.034913
vn -0.967896 -0.000061 -0.251351
vn -0.952527 -0.175051 -0.249095
vn -0.982568 -0.177123 0.056457
vn -0.983255 -0.176241 -0.046358
vn -0.348387 -0.921628 -0.170964
vn -0.353582 -0.904953 0.236729
vn -0.956905 0.165684 -0.238501
vn -0.381869 0.497058 -0.779173
vn -0.230252 -0.000061 -0.973131
vn -0.967896 -0.000061 -0.251351
vn 0.002289 -0.138366 0.990379
vn -0.004120 -0.000031 0.999992
vn -0.002075 -0.000031 0.999998
vn 0.006989 -0.149813 0.988690
vn -0.065827 -0.164706 0.984144
vn -0.353582 -0.904953 0.236729
vn 0.007080 -0.962037 0.272827
vn 0.006989 -0.149813 0.988690
vn -0.026275 0.141757 0.989553
vn -0.004120 -0.000031 0.999992
vn 0.000000 0.000000 1.000000
vn 0.000000 0.137793 0.990461
vn 0.000000 0.952658 0.304044
vn -0.187254 0.938922 0.288724
vn -0.026275 0.141757 0.989553
vn 0.000000 0.137793 0.990461
vn -0.117736 0.509350 -0.852467
vn -0.248325 0.949626 -0.191170
vn -0.188842 0.959591 -0.208624
vn -0.087798 0.483895 -0.870711
vn 0.000000 0.975389 -0.220493
vn -0.188842 0.959591 -0.208624
vn -0.187254 0.938922 0.288724
vn 0.000000 0.952658 0.304044
vn -0.007385 -0.000092 -0.999973
vn -0.230252 -0.000061 -0.973131
vn -0.381869 0.497058 -0.779173
vn -0.117736 0.509350 -0.852467
vn -0.952527 -0.175051 -0.249095
vn -0.258816 -0.522668 -0.812301
vn -0.348387 -0.921628 -0.170964
vn -0.983255 -0.176241 -0.046358
vn -0.967896 -0.000061 -0.251351
vn -0.230252 -0.000061 -0.973131
vn -0.258816 -0.522668 -0.812301
vn -0.952527 -0.175051 -0.249095
vn -0.353582 -0.904953 0.236729
vn -0.348387 -0.921628 -0.170964
vn 0.011597 -0.980476 -0.196296
vn 0.007080 -0.962037 0.272827
vn 0.006989 -0.149813 0.988690
vn 0.007080 -0.962037 0.272827
vn -0.000580 -0.955812 0.293976
vn 0.002289 -0.138366 0.990379
vn 0.000000 0.000000 1.000000
vn -0.004120 -0.000031 0.999992
vn 0.002289 -0.138366 0.990379
vn 0.000000 -0.132935 0.991125
vn 0.000000 0.000000 1.000000
vn 0.004120 -0.000031 0.999992
vn 0.026276 0.141757 0.989553
vn 0.000000 0.137793 0.990461
vn 0.026276 0.141757 0.989553
vn 0.187259 0.938921 0.288723
vn 0.000000 0.952658 0.304044
vn 0.000000 0.137793 0.990461
vn -0.087798 0.483895 -0.870711
vn -0.188842 0.959591 -0.208624
vn 0.000000 0.975389 -0.220493
vn 0.000000 0.472027 -0.881584
vn -0.087798 0.483895 -0.870711
vn -0.010559 -0.000092 -0.999944
vn -0.007385 -0.000092 -0.999973
vn -0.117736 0.509350 -0.852467
vn 0.000000 0.975389 -0.220493
vn 0.000000 0.952658 0.304044
vn 0.187259 0.938921 0.288723
vn 0.188848 0.959590 -0.208624
vn -0.258816 -0.522668 -0.812301
vn -0.230252 -0.000061 -0.973131
vn -0.007385 -0.000092 -0.999973
vn 0.022248 -0.512628 -0.858323
vn 0.011597 -0.980476 -0.196296
vn -0.348387 -0.921628 -0.170964
vn -0.258816 -0.522668 -0.812301
vn 0.022248 -0.512628 -0.858323
vn 0.011597 -0.980476 -0.196296
vn 0.002228 -0.977172 -0.212439
vn -0.000580 -0.955812 0.293976
vn 0.007080 -0.962037 0.272827
vn 0.002289 -0.138366 0.990379
vn -0.000580 -0.955812 0.293976
vn 0.000000 -0.952238 0.305358
vn 0.000000 -0.132935 0.991125
vn -0.002289 -0.138366 0.990379
vn 0.004120 -0.000031 0.999992
vn 0.000000 0.000000 1.000000
vn 0.000000 -0.132935 0.991125
vn 0.034425 0.150244 0.988049
vn 0.026276 0.141757 0.989553
vn 0.004120 -0.000031 0.999992
vn 0.002075 -0.000031 0.999998
vn 0.247631 0.931407 0.266758
vn 0.187259 0.938921 0.288723
vn 0.026276 0.141757 0.989553
vn 0.034425 0.150244 0.988049
vn 0.000000 -0.000092 -1.000000
vn -0.010559 -0.000092 -0.999944
vn -0.087798 0.483895 -0.870711
vn 0.000000 0.472027 -0.881584
vn 0.000000 0.975389 -0.220493
vn 0.188848 0.959590 -0.208624
vn 0.087800 0.483894 -0.870711
vn 0.000000 0.472027 -0.881584
vn 0.022248 -0.512628 -0.858323
vn -0.007385 -0.000092 -0.999973
vn -0.010559 -0.000092 -0.999944
vn 0.009369 -0.482030 -0.876104
vn 0.187259 0.938921 0.288723
vn 0.247631 0.931407 0.266758
vn 0.248332 0.949624 -0.191170
vn 0.188848 0.959590 -0.208624
vn 0.009369 -0.482030 -0.876104
vn 0.002228 -0.977172 -0.212439
vn 0.011597 -0.980476 -0.196296
vn 0.022248 -0.512628 -0.858323
vn -0.000580 -0.955812 0.293976
vn 0.002228 -0.977172 -0.212439
vn 0.000000 -0.975271 -0.221013
vn 0.000000 -0.952238 0.305358
vn 0.000000 -0.952238 0.305358
vn 0.000580 -0.955812 0.293976
vn -0.002289 -0.138366 0.990379
vn 0.000000 -0.132935 0.991125
vn 0.002075 -0.000031 0.999998
vn 0.004120 -0.000031 0.999992
vn -0.002289 -0.138366 0.990379
vn -0.006989 -0.149813 0.988690
vn 0.002075 -0.000031 0.999998
vn 0.044954 -0.000031 0.998989
vn 0.109227 0.162574 0.980632
vn 0.034425 0.150244 0.988049
vn 0.109227 0.162574 0.980632
vn 0.541394 0.812305 0.216917
vn 0.247631 0.931407 0.266758
vn 0.034425 0.150244 0.988049
vn 0.087800 0.483894 -0.870711
vn 0.010559 -0.000092 -0.999944
vn 0.000000 -0.000092 -1.000000
vn 0.000000 0.472027 -0.881584
vn 0.009369 -0.482030 -0.876104
vn -0.010559 -0.000092 -0.999944
vn 0.000000 -0.000092 -1.000000
vn 0.000000 -0.466676 -0.884428
vn 0.117740 0.509350 -0.852467
vn 0.087800 0.483894 -0.870711
vn 0.188848 0.959590 -0.208624
vn 0.248332 0.949624 -0.191170
vn 0.247631 0.931407 0.266758
vn 0.541394 0.812305 0.216917
vn 0.540236 0.827109 -0.155033
vn 0.248332 0.949624 -0.191170
vn 0.000000 -0.975271 -0.221013
vn 0.002228 -0.977172 -0.212439
vn 0.009369 -0.482030 -0.876104
vn 0.000000 -0.466676 -0.884428
vn 0.000580 -0.955812 0.293976
vn 0.000000 -0.952238 0.305358
vn 0.000000 -0.975271 -0.221013
vn -0.002228 -0.977172 -0.212439
vn -0.006989 -0.149813 0.988690
vn -0.002289 -0.138366 0.990379
vn 0.000580 -0.955812 0.293976
vn -0.007080 -0.962037 0.272827
vn 0.065829 -0.164706 0.984144
vn 0.044954 -0.000031 0.998989
vn 0.002075 -0.000031 0.999998
vn -0.006989 -0.149813 0.988690
vn 0.109227 0.162574 0.980632
vn 0.044954 -0.000031 0.998989
vn 0.730446 -0.000061 0.682970
vn 0.730044 0.152320 0.666209
vn 0.730044 0.152320 0.666209
vn 0.984525 0.166661 0.054169
vn 0.541394 0.812305 0.216917
vn 0.109227 0.162574 0.980632
vn 0.000000 -0.000092 -1.000000
vn 0.010559 -0.000092 -0.999944
vn -0.009369 -0.482030 -0.876104
vn 0.000000 -0.466676 -0.884428
vn 0.007386 -0.000092 -0.999973
vn 0.010559 -0.000092 -0.999944
vn 0.087800 0.483894 -0.870711
vn 0.117740 0.509350 -0.852467
vn 0.248332 0.949624 -0.191170
vn 0.540236 0.827109 -0.155033
vn 0.381853 0.497061 -0.779178
vn 0.117740 0.509350 -0.852467
vn 0.541394 0.812305 0.216917
vn 0.984525 0.166661 0.054169
vn 0.985152 0.165901 -0.044191
vn 0.540236 0.827109 -0.155033
vn -0.009369 -0.482030 -0.876104
vn -0.002228 -0.977172 -0.212439
vn 0.000000 -0.975271 -0.221013
vn 0.000000 -0.466676 -0.884428
vn -0.011597 -0.980476 -0.196296
vn -0.007080 -0.962037 0.272827
vn 0.000580 -0.955812 0.293976
vn -0.002228 -0.977172 -0.212439
vn -0.007080 -0.962037 0.272827
vn 0.353592 -0.904949 0.236728
vn 0.065829 -0.164706 0.984144
vn -0.006989 -0.149813 0.988690
vn 0.709312 -0.158295 0.686891
vn 0.730446 -0.000061 0.682970
vn 0.044954 -0.000031 0.998989
vn 0.065829 -0.164706 0.984144
vn 0.730446 -0.000061 0.682970
vn 0.999273 -0.000031 0.038117
vn 0.984525 0.166661 0.054169
vn 0.730044 0.152320 0.666209
vn -0.022247 -0.512628 -0.858323
vn -0.009369 -0.482030 -0.876104
vn 0.010559 -0.000092 -0.999944
vn 0.007386 -0.000092 -0.999973
vn 0.381853 0.497061 -0.779178
vn 0.230259 -0.000061 -0.973129
vn 0.007386 -0.000092 -0.999973
vn 0.117740 0.509350 -0.852467
vn 0.381853 0.497061 -0.779178
vn 0.540236 0.827109 -0.155033
vn 0.985152 0.165901 -0.044191
vn 0.956904 0.165684 -0.238501
vn 0.985152 0.165901 -0.044191
vn 0.984525 0.166661 0.054169
vn 0.999273 -0.000031 0.038117
vn 0.999390 -0.000031 -0.034913
vn -0.011597 -0.980476 -0.196296
vn -0.002228 -0.977172 -0.212439
vn -0.009369 -0.482030 -0.876104
vn -0.022247 -0.512628 -0.858323
vn 0.353592 -0.904949 0.236728
vn -0.007080 -0.962037 0.272827
vn -0.011597 -0.980476 -0.196296
vn 0.348397 -0.921624 -0.170963
vn 0.065829 -0.164706 0.984144
vn 0.353592 -0.904949 0.236728
vn 0.982568 -0.177123 0.056457
vn 0.709312 -0.158295 0.686891
vn 0.709312 -0.158295 0.686891
vn 0.982568 -0.177123 0.056457
vn 0.999273 -0.000031 0.038117
vn 0.730446 -0.000061 0.682970
vn 0.007386 -0.000092 -0.999973
vn 0.230259 -0.000061 -0.973129
vn 0.258824 -0.522667 -0.812299
vn -0.022247 -0.512628 -0.858323
vn 0.956904 0.165684 -0.238501
vn 0.967896 -0.000061 -0.251351
vn 0.230259 -0.000061 -0.973129
vn 0.381853 0.497061 -0.779178
vn 0.985152 0.165901 -0.044191
vn 0.999390 -0.000031 -0.034913
vn 0.967896 -0.000061 -0.251351
vn 0.956904 0.165684 -0.238501
vn 0.999273 -0.000031 0.038117
vn 0.982568 -0.177123 0.056457
vn 0.983255 -0.176241 -0.046358
vn 0.999390 -0.000031 -0.034913
vn 0.258824 -0.522667 -0.812299
vn 0.348397 -0.921624 -0.170963
vn -0.011597 -0.980476 -0.196296
vn -0.022247 -0.512628 -0.858323
vn 0.982568 -0.177123 0.056457
vn 0.353592 -0.904949 0.236728
vn 0.348397 -0.921624 -0.170963
vn 0.983255 -0.176241 -0.046358
vn 0.258824 -0.522667 -0.812299
vn 0.230259 -0.000061 -0.973129
vn 0.967896 -0.000061 -0.251351
vn 0.952527 -0.175051 -0.249096
vn 0.967896 -0.000061 -0.251351
vn 0.999390 -0.000031 -0.034913
vn 0.983255 -0.176241 -0.046358
vn 0.952527 -0.175051 -0.249096
vn 0.952527 -0.175051 -0.249096
vn 0.983255 -0.176241 -0.046358
vn 0.348397 -0.921624 -0.170963
vn 0.258824 -0.522667 -0.812299
vn -0.310735 -0.401129 0.861707
vn -0.008484 -0.524441 0.851404
vn -0.239165 -0.803738 0.544798
vn -0.186889 -0.955592 -0.227850
vn -0.008484 -0.524441 0.851404
vn 0.694998 -0.124146 -0.708213
vn -0.239165 -0.803738 0.544798
vn -0.008484 -0.524441 0.851404
vn 0.811139 -0.122313 0.571921
vn 0.889430 -0.121948 -0.440503
vn 0.694998 -0.124146 -0.708213
vn 0.400528 -0.719671 0.567143
vn 0.500322 -0.773409 0.389253
vn 0.889430 -0.121948 -0.440503
vn 0.811139 -0.122313 0.571921
vn -0.782739 0.620101 0.052856
vn -0.759920 0.648306 -0.047121
vn -0.035064 -0.724170 -0.688730
vn -0.103486 -0.775645 0.622628
vn -0.380160 0.019288 0.924720
vn -0.103486 -0.775645 0.622628
vn -0.035064 -0.724170 -0.688730
vn -0.568156 0.275434 -0.775458
vn -0.328614 0.601247 0.728365
vn -0.385260 0.246868 0.889174
vn -0.199954 -0.479255 0.854596
vn -0.380160 0.019288 0.924720
vn -0.568156 0.275434 -0.775458
vn -0.611932 0.750289 0.250211
vn -0.759920 0.648306 -0.047121
vn -0.742668 0.655439 -0.137271
vn -0.035064 -0.724170 -0.688730
vn -0.568156 0.275434 -0.775458
vn -0.506160 0.749864 -0.426035
vn -0.556701 0.830590 0.014313
vn -0.611932 0.750289 0.250211
vn -0.393954 0.867037 -0.305035
vn -0.419948 0.882891 0.210111
vn -0.556701 0.830590 0.014313
vn -0.506160 0.749864 -0.426035
vn -0.591885 0.544783 -0.594040
vn -0.491789 0.005860 0.870695
vn 0.039246 -0.877495 -0.477977
vn -0.491789 0.005860 0.870695
vn -0.319703 -0.802797 0.503297
vn -0.022186 -0.968720 0.247162
vn 0.039246 -0.877495 -0.477977
vn -0.022186 -0.968720 0.247162
vn -0.319703 -0.802797 0.503297
vn -0.961651 0.259533 0.088716
vn -0.315948 -0.784515 -0.533585
vn -0.491789 0.005860 0.870695
vn -0.022675 -0.867432 0.497040
vn -0.319703 -0.802797 0.503297
vn -0.591885 0.544783 -0.594040
vn -0.376405 0.412550 0.829531
vn -0.353575 0.348184 0.868190
vn -0.491789 0.005860 0.870695
vn -0.591885 0.544783 -0.594040
vn -0.116303 0.135747 -0.983893
vn -0.376405 0.412550 0.829531
vn -0.542324 0.636733 -0.548139
vn -0.646572 0.762837 0.004974
vn -0.376405 0.412550 0.829531
vn -0.116303 0.135747 -0.983893
vn -0.454259 -0.392612 0.799690
vn -0.138854 -0.053680 0.988857
vn 0.005219 -0.006866 0.999963
vn -0.899315 -0.102050 0.425228
vn -0.454259 -0.392612 0.799690
vn -0.899315 -0.102050 0.425228
vn -0.850259 -0.415227 0.323490
vn -0.454259 -0.392612 0.799690
vn -0.748480 0.088901 0.657171
vn -0.295475 0.032869 0.954785
vn -0.138854 -0.053680 0.988857
vn -0.454259 -0.392612 0.799690
vn -0.138397 0.311380 0.940154
vn -0.748480 0.088901 0.657171
vn -0.454259 -0.392612 0.799690
vn -0.850259 -0.415227 0.323490
vn -0.431757 -0.896076 0.103118
vn -0.120973 -0.184236 -0.975409
vn -0.454259 -0.392612 0.799690
vn -0.120973 -0.184236 -0.975409
vn -0.617005 0.593403 -0.516893
vn -0.699860 0.713981 0.020691
vn -0.454259 -0.392612 0.799690
vn -0.699860 0.713981 0.020691
vn -0.138397 0.311380 0.940154
vn -0.899315 -0.102050 0.425228
vn 0.005219 -0.006866 0.999963
vn -0.990449 -0.004089 0.137818
vn -0.617005 0.593403 -0.516893
vn -0.422397 0.387710 -0.819306
vn -0.502649 0.492959 0.710166
vn -0.699860 0.713981 0.020691
vn -0.422397 0.387710 -0.819306
vn -0.803703 0.591382 -0.065797
vn -0.203676 0.173529 0.963537
vn -0.502649 0.492959 0.710166
vn -0.542324 0.636733 -0.548139
vn -0.433081 0.471609 -0.768131
vn -0.672300 0.727834 -0.135166
vn -0.542324 0.636733 -0.548139
vn -0.672300 0.727834 -0.135166
vn -0.625360 0.660292 0.415859
vn -0.646572 0.762837 0.004974
vn -0.625360 0.660292 0.415859
vn -0.672300 0.727834 -0.135166
vn -0.402277 0.318517 0.858324
vn -0.422397 0.387710 -0.819306
vn -0.830381 0.550003 -0.089236
vn -0.803703 0.591382 -0.065797
vn -0.328614 0.601247 0.728365
vn -0.199954 -0.479255 0.854596
vn -0.380769 0.596822 0.706271
vn -0.183198 0.835263 0.518434
vn -0.311771 0.843692 0.437016
vn -0.328614 0.601247 0.728365
vn -0.183198 0.835263 0.518434
vn -0.047485 0.981349 0.186278
vn -0.260223 0.872433 0.413696
vn -0.190978 0.799399 0.569639
vn -0.183198 0.835263 0.518434
vn -0.380769 0.596822 0.706271
vn -0.419948 0.882891 0.210111
vn -0.393954 0.867037 -0.305035
vn -0.223019 0.967972 -0.115297
vn -0.293091 0.910796 0.290772
vn -0.183198 0.835263 0.518434
vn -0.001221 0.946053 0.324009
vn 0.090122 0.989202 0.115571
vn -0.047485 0.981349 0.186278
vn -0.183198 0.835263 0.518434
vn -0.190978 0.799399 0.569639
vn -0.146088 0.868405 0.473847
vn -0.001221 0.946053 0.324009
vn -0.146088 0.868405 0.473847
vn 0.153538 0.922906 0.353087
vn -0.001221 0.946053 0.324009
vn 0.090122 0.989202 0.115571
vn -0.001221 0.946053 0.324009
vn -0.055755 0.963616 0.261412
vn -0.223019 0.967972 -0.115297
vn 0.008881 0.999408 0.033233
vn 0.004303 0.919773 0.392428
vn -0.223019 0.967972 -0.115297
vn 0.004303 0.919773 0.392428
vn -0.025513 0.901817 0.431364
vn -0.293091 0.910796 0.290772
vn -0.433081 0.471609 -0.768131
vn -0.466277 0.862328 -0.197424
vn -0.633676 0.532556 0.561105
vn -0.672300 0.727834 -0.135166
vn -0.672300 0.727834 -0.135166
vn -0.633676 0.532556 0.561105
vn -0.344482 0.344217 0.873411
vn -0.466277 0.862328 -0.197424
vn -0.440429 0.836358 0.326385
vn -0.633676 0.532556 0.561105
vn -0.440429 0.836358 0.326385
vn -0.466277 0.862328 -0.197424
vn -0.269166 0.935701 -0.228066
vn -0.319979 0.890688 0.322939
vn -0.064270 0.887966 -0.455397
vn -0.304414 0.880980 -0.362225
vn -0.296876 0.919922 -0.256142
vn -0.262239 0.649131 -0.714045
vn -0.064270 0.887966 -0.455397
vn 0.031800 0.962390 0.269803
vn -0.174772 0.968429 0.177762
vn -0.304414 0.880980 -0.362225
vn -0.269166 0.935701 -0.228066
vn 0.014496 0.964718 -0.262886
vn -0.037079 0.993956 0.103332
vn -0.269166 0.935701 -0.228066
vn -0.037079 0.993956 0.103332
vn -0.046539 0.969143 0.242065
vn -0.319979 0.890688 0.322939
vn 0.061860 0.860980 -0.504863
vn 0.090946 0.975192 0.201814
vn 0.031800 0.962390 0.269803
vn -0.064270 0.887966 -0.455397
vn 0.061860 0.860980 -0.504863
vn 0.000946 0.922370 -0.386307
vn 0.017396 0.991677 -0.127568
vn 0.090946 0.975192 0.201814
vn 0.000946 0.922370 -0.386307
vn -0.031952 0.997990 -0.054720
vn 0.017396 0.991677 -0.127568
vn -0.498382 -0.801299 0.330963
vn -0.469852 -0.841620 0.266298
vn -0.282658 -0.816601 -0.503257
vn -0.397345 -0.454963 0.796948
vn -0.498382 -0.801299 0.330963
vn -0.282658 -0.816601 -0.503257
vn -0.473751 -0.585231 0.658076
vn -0.360659 -0.760869 -0.539448
vn -0.382904 -0.484527 -0.786523
vn -0.729342 -0.479799 0.487703
vn -0.541601 -0.723731 0.427647
vn -0.360659 -0.760869 -0.539448
vn -0.541601 -0.723731 0.427647
vn -0.306180 -0.762200 -0.570355
vn -0.973047 -0.230467 0.008057
vn -0.724263 -0.563438 -0.397467
vn -0.544553 -0.188048 -0.817374
vn -0.973047 -0.230467 0.008057
vn -0.544553 -0.188048 -0.817374
vn -0.873483 -0.199282 -0.444201
vn -0.637360 -0.391510 0.663696
vn -0.374821 -0.680916 -0.629176
vn -0.724263 -0.563438 -0.397467
vn -0.973047 -0.230467 0.008057
vn -0.473751 -0.585231 0.658076
vn -0.282658 -0.816601 -0.503257
vn -0.374821 -0.680916 -0.629176
vn -0.637360 -0.391510 0.663696
vn -0.473751 -0.585231 0.658076
vn -0.374821 -0.680916 -0.629176
vn -0.973047 -0.230467 0.008057
vn -0.873483 -0.199282 -0.444201
vn -0.850616 -0.114502 -0.513168
vn -0.985153 -0.062072 0.160062
vn -0.382904 -0.484527 -0.786523
vn -0.520602 -0.469302 -0.713252
vn -0.819122 -0.434540 0.374451
vn -0.729342 -0.479799 0.487703
vn -0.520602 -0.469302 -0.713252
vn -0.541445 -0.325197 -0.775296
vn -0.910005 -0.393189 -0.131504
vn -0.819122 -0.434540 0.374451
vn -0.910005 -0.393189 -0.131504
vn -0.541445 -0.325197 -0.775296
vn -0.774053 -0.110657 -0.623375
vn -0.976084 -0.096437 -0.194832
vn -0.774053 -0.110657 -0.623375
vn -0.667455 0.062747 -0.742002
vn -0.881219 0.080782 0.465756
vn -0.976084 -0.096437 -0.194832
vn -0.360813 -0.314884 -0.877874
vn -0.861147 -0.316285 0.397981
vn -0.570586 -0.059357 0.819090
vn -0.348477 -0.399044 -0.848132
vn -0.348477 -0.399044 -0.848132
vn -0.570586 -0.059357 0.819090
vn -0.697572 -0.461030 0.548493
vn -0.176726 -0.632564 -0.754076
vn -0.348477 -0.399044 -0.848132
vn -0.697572 -0.461030 0.548493
vn -0.320829 -0.882624 -0.343575
vn -0.015289 -0.228912 -0.973327
vn -0.130983 -0.385777 -0.913247
vn 0.165683 -0.531823 -0.830490
vn -0.360813 -0.314884 -0.877874
vn -0.500919 -0.387637 -0.773833
vn -0.861147 -0.316285 0.397981
vn -0.500919 -0.387637 -0.773833
vn -0.608831 -0.466099 -0.641932
vn -0.867122 -0.497617 0.021820
vn -0.861147 -0.316285 0.397981
vn -0.662938 -0.137391 -0.735959
vn -0.974326 -0.143004 -0.173893
vn -0.867122 -0.497617 0.021820
vn -0.608831 -0.466099 -0.641932
vn -0.620814 0.115878 -0.775347
vn -0.592175 0.144203 0.792802
vn -0.974326 -0.143004 -0.173893
vn -0.662938 -0.137391 -0.735959
vn -0.361145 -0.608094 -0.706962
vn -0.582150 -0.318876 -0.747943
vn 0.165683 -0.531823 -0.830490
vn -0.130983 -0.385777 -0.913247
vn 0.301309 -0.825286 -0.477614
vn 0.165683 -0.531823 -0.830490
vn -0.582150 -0.318876 -0.747943
vn -0.220918 -0.582186 -0.782467
vn -0.837423 0.203464 -0.507273
vn -0.582150 -0.318876 -0.747943
vn -0.214325 -0.435455 -0.874325
vn -0.361145 -0.608094 -0.706962
vn -0.214325 -0.435455 -0.874325
vn -0.582150 -0.318876 -0.747943
vn -0.220918 -0.582186 -0.782467
vn -0.582150 -0.318876 -0.747943
vn -0.617610 -0.020721 -0.786212
vn -0.342958 -0.477603 0.808873
vn -0.186889 -0.955592 -0.227850
vn 0.032167 -0.662177 -0.748657
vn -0.293606 -0.848929 0.439448
vn -0.342958 -0.477603 0.808873
vn -0.293606 -0.848929 0.439448
vn -0.335688 -0.533957 0.776018
vn -0.541601 -0.723731 0.427647
vn -0.484435 -0.780272 0.395599
vn -0.314364 -0.872718 -0.373549
vn -0.306180 -0.762200 -0.570355
vn -0.342958 -0.477603 0.808873
vn -0.310735 -0.401129 0.861707
vn -0.186889 -0.955592 -0.227850
vn -0.314364 -0.872718 -0.373549
vn -0.005951 -0.951422 0.307833
vn 0.032563 -0.682405 -0.730249
vn 0.811139 -0.122313 0.571921
vn 0.070162 -0.303954 0.950100
vn 0.400528 -0.719671 0.567143
vn 0.032563 -0.682405 -0.730249
vn -0.005951 -0.951422 0.307833
vn 0.765942 -0.426141 -0.481391
vn 0.765942 -0.426141 -0.481391
vn -0.005951 -0.951422 0.307833
vn 0.739410 -0.653205 0.163087
vn 0.823347 -0.434641 -0.364948
vn -0.372775 -0.458164 0.806922
vn -0.005951 -0.951422 0.307833
vn -0.314364 -0.872718 -0.373549
vn -0.484435 -0.780272 0.395599
vn 0.739410 -0.653205 0.163087
vn -0.005951 -0.951422 0.307833
vn 0.415968 -0.786348 0.456758
vn -0.176726 -0.632564 -0.754076
vn -0.320829 -0.882624 -0.343575
vn -0.046784 -0.577914 -0.814756
vn -0.046784 -0.577914 -0.814756
vn -0.320829 -0.882624 -0.343575
vn -0.216155 -0.973263 0.077697
vn 0.045748 -0.632633 -0.773099
vn -0.015289 -0.228912 -0.973327
vn 0.165683 -0.531823 -0.830490
vn 0.325357 -0.531614 -0.782003
vn 0.288033 -0.318847 -0.902980
vn 0.325357 -0.531614 -0.782003
vn 0.165683 -0.531823 -0.830490
vn 0.322095 -0.432986 -0.841890
vn 0.519951 -0.833629 -0.186318
vn 0.489945 -0.532471 -0.690238
vn 0.165683 -0.531823 -0.830490
vn 0.301309 -0.825286 -0.477614
vn 0.045748 -0.632633 -0.773099
vn -0.216155 -0.973263 0.077697
vn 0.573505 -0.665498 -0.477707
vn 0.670404 -0.487430 -0.559438
vn 0.573505 -0.665498 -0.477707
vn 0.987141 -0.092284 -0.130526
vn 0.600611 -0.488256 -0.633144
vn 0.803071 -0.344302 -0.486347
vn 0.670404 -0.487430 -0.559438
vn 0.662926 -0.338106 -0.667992
vn 0.485363 -0.512325 -0.708482
vn 0.573505 -0.665498 -0.477707
vn 0.600611 -0.488256 -0.633144
vn 0.662926 -0.338106 -0.667992
vn 0.670404 -0.487430 -0.559438
vn 0.662926 -0.338106 -0.667992
vn 0.259405 -0.512660 -0.818468
vn 0.088596 -0.551704 -0.829321
vn 0.485363 -0.512325 -0.708482
vn 0.662926 -0.338106 -0.667992
vn 0.088596 -0.551704 -0.829321
vn 0.662926 -0.338106 -0.667992
vn 0.600611 -0.488256 -0.633144
vn 0.322095 -0.432986 -0.841890
vn 0.165683 -0.531823 -0.830490
vn 0.165683 -0.531823 -0.830490
vn 0.489945 -0.532471 -0.690238
vn 0.418989 -0.683838 -0.597339
vn 0.662926 -0.338106 -0.667992
vn 0.662926 -0.338106 -0.667992
vn 0.418989 -0.683838 -0.597339
vn 0.259405 -0.512660 -0.818468
vn -0.844482 0.122471 0.521393
vn -0.985153 -0.062072 0.160062
vn -0.850616 -0.114502 -0.513168
vn -0.912637 0.232035 -0.336531
vn -0.844482 0.122471 0.521393
vn -0.912637 0.232035 -0.336531
vn -0.816682 0.413435 0.402619
vn -0.816682 0.413435 0.402619
vn -0.912637 0.232035 -0.336531
vn -0.449651 0.710082 0.541846
vn -0.449651 0.710082 0.541846
vn -0.912637 0.232035 -0.336531
vn -0.106140 0.156285 -0.981993
vn -0.565407 0.610806 -0.554285
vn -0.060883 0.243722 0.967932
vn -0.449651 0.710082 0.541846
vn -0.565407 0.610806 -0.554285
vn -0.689887 0.703550 -0.170509
vn -0.060883 0.243722 0.967932
vn -0.689887 0.703550 -0.170509
vn -0.138062 0.215980 0.966588
vn -0.667455 0.062747 -0.742002
vn -0.914509 0.404426 -0.010620
vn -0.881219 0.080782 0.465756
vn -0.667455 0.062747 -0.742002
vn -0.653848 0.184701 -0.733736
vn -0.921754 0.357860 0.149353
vn -0.914509 0.404426 -0.010620
vn -0.610330 0.574367 -0.545527
vn -0.384769 0.345594 0.855872
vn -0.921754 0.357860 0.149353
vn -0.653848 0.184701 -0.733736
vn -0.610330 0.574367 -0.545527
vn -0.392029 0.631795 -0.668692
vn -0.693411 0.709210 0.127287
vn -0.171356 0.381481 0.908355
vn -0.610330 0.574367 -0.545527
vn -0.171356 0.381481 0.908355
vn -0.384769 0.345594 0.855872
vn -0.693411 0.709210 0.127287
vn -0.680087 0.546100 0.489138
vn -0.171356 0.381481 0.908355
vn -0.620814 0.115878 -0.775347
vn -0.926444 0.351600 0.134459
vn -0.592175 0.144203 0.792802
vn -0.620814 0.115878 -0.775347
vn -0.643807 0.121221 -0.755525
vn -0.938484 0.245340 0.243013
vn -0.926444 0.351600 0.134459
vn -0.690469 0.068698 -0.720093
vn -0.171357 0.155218 -0.972905
vn -0.805918 0.439624 0.396519
vn -0.690469 0.068698 -0.720093
vn -0.805918 0.439624 0.396519
vn -0.938484 0.245340 0.243013
vn -0.643807 0.121221 -0.755525
vn -0.676153 0.169593 -0.716977
vn -0.831516 0.259897 -0.490953
vn -0.582150 -0.318876 -0.747943
vn -0.837423 0.203464 -0.507273
vn -0.582150 -0.318876 -0.747943
vn -0.831516 0.259897 -0.490953
vn -0.717837 -0.070923 -0.692589
vn -0.617610 -0.020721 -0.786212
vn -0.676153 0.169593 -0.716977
vn -0.988606 0.144992 -0.040437
vn -0.831516 0.259897 -0.490953
vn -0.467007 0.044404 -0.883138
vn -0.909980 0.054018 -0.411118
vn -0.988606 0.144992 -0.040437
vn -0.676153 0.169593 -0.716977
vn -0.988606 0.144992 -0.040437
vn -0.909980 0.054018 -0.411118
vn -0.466497 0.392320 -0.792758
vn -0.883479 -0.061187 -0.464458
vn -0.883479 -0.061187 -0.464458
vn -0.466497 0.392320 -0.792758
vn -0.147616 -0.054109 -0.987564
vn -0.171357 0.155218 -0.972905
vn -0.512936 0.622513 -0.591079
vn -0.525261 0.760663 0.381434
vn -0.805918 0.439624 0.396519
vn -0.740022 0.654348 -0.155553
vn -0.413977 0.530328 0.739848
vn -0.525261 0.760663 0.381434
vn -0.512936 0.622513 -0.591079
vn -0.909980 0.054018 -0.411118
vn -0.280942 0.082918 -0.956136
vn -0.466497 0.392320 -0.792758
vn -0.280942 0.082918 -0.956136
vn -0.240449 0.275553 -0.930728
vn -0.466497 0.392320 -0.792758
vn -0.204378 0.874728 -0.439409
vn -0.390831 0.790475 -0.471593
vn -0.638332 0.747942 0.181975
vn -0.235535 0.965057 -0.114841
vn -0.390831 0.790475 -0.471593
vn -0.309536 0.725050 -0.615215
vn -0.286472 0.347153 -0.892983
vn -0.609585 0.792591 0.014343
vn -0.390831 0.790475 -0.471593
vn -0.609585 0.792591 0.014343
vn -0.638332 0.747942 0.181975
vn -0.609585 0.792591 0.014343
vn -0.286472 0.347153 -0.892983
vn -0.422579 0.867951 -0.260935
vn -0.435364 0.896604 -0.080996
vn -0.435364 0.896604 -0.080996
vn -0.422579 0.867951 -0.260935
vn 0.000000 0.964693 -0.263376
vn 0.000000 0.998041 0.062561
vn -0.290373 0.672533 0.680722
vn -0.367704 0.553846 -0.747027
vn 0.000000 0.830237 0.557411
vn -0.422087 0.587174 0.690702
vn -0.367704 0.553846 -0.747027
vn -0.647635 0.742901 -0.169314
vn 0.000000 0.830237 0.557411
vn -0.647635 0.742901 -0.169314
vn -0.182009 0.241191 -0.953257
vn 0.000000 0.830237 0.557411
vn -0.182009 0.241191 -0.953257
vn -0.370513 0.905605 -0.206396
vn 0.000000 0.830237 0.557411
vn -0.370513 0.905605 -0.206396
vn 0.000000 0.974994 -0.222233
vn 0.000000 0.830237 0.557411
vn -0.174348 0.132848 -0.975682
vn -0.061524 -0.013062 -0.998020
vn -0.207181 0.274998 -0.938857
vn -0.207181 0.274998 -0.938857
vn -0.061524 -0.013062 -0.998020
vn -0.162903 0.038942 -0.985873
vn -0.147616 -0.054109 -0.987564
vn -0.466497 0.392320 -0.792758
vn -0.061524 -0.013062 -0.998020
vn -0.174348 0.132848 -0.975682
vn -0.193725 0.266242 -0.944238
vn -0.162903 0.038942 -0.985873
vn -0.061524 -0.013062 -0.998020
vn -0.258640 0.142157 -0.955456
vn -0.466497 0.392320 -0.792758
vn -0.240449 0.275553 -0.930728
vn -0.344386 0.692181 -0.634258
vn -0.466497 0.392320 -0.792758
vn -0.000580 0.867545 -0.497358
vn -0.053009 0.036348 -0.997932
vn -0.051727 0.021363 -0.998433
vn -0.290373 0.672533 0.680722
vn -0.422087 0.587174 0.690702
vn -0.144806 0.675834 0.722689
vn -0.422087 0.587174 0.690702
vn 0.000000 0.830237 0.557411
vn 0.100986 0.519946 0.848209
vn -0.199553 0.792073 -0.576888
vn -0.295317 0.217596 -0.930290
vn -0.626852 0.760845 0.167844
vn -0.253819 0.885998 -0.388050
vn -0.626852 0.760845 0.167844
vn -0.295317 0.217596 -0.930290
vn 0.037446 0.649309 -0.759602
vn 0.000000 0.933464 0.358671
vn -0.061524 -0.013062 -0.998020
vn -0.152495 0.038789 -0.987543
vn -0.258640 0.142157 -0.955456
vn -0.061524 -0.013062 -0.998020
vn -0.466497 0.392320 -0.792758
vn -0.051727 0.021363 -0.998433
vn -0.152495 0.038789 -0.987543
vn -0.153536 0.923622 -0.351211
vn -0.253819 0.885998 -0.388050
vn -0.355224 0.933102 -0.056001
vn -0.253819 0.885998 -0.388050
vn -0.626852 0.760845 0.167844
vn -0.355224 0.933102 -0.056001
vn -0.053009 0.036348 -0.997932
vn -0.000580 0.867545 -0.497358
vn 0.044130 0.027344 -0.998652
vn -0.344386 0.692181 -0.634258
vn 0.005707 0.864482 -0.502631
vn -0.000580 0.867545 -0.497358
vn -0.466497 0.392320 -0.792758
vn -0.138152 -0.402858 0.904776
vn -0.474734 -0.725864 0.497744
vn -0.889431 -0.121948 -0.440502
vn -0.811130 -0.122315 0.571932
vn -0.811130 -0.122315 0.571932
vn -0.889431 -0.121948 -0.440502
vn -0.605471 -0.795810 0.009583
vn -0.400518 -0.719675 0.567146
vn -0.138152 -0.402858 0.904776
vn 0.308665 -0.406770 0.859805
vn 0.260475 -0.965421 -0.010681
vn -0.474734 -0.725864 0.497744
vn 0.146092 0.868405 0.473847
vn 0.166324 0.868274 0.467372
vn -0.001221 0.946053 0.324009
vn 0.153538 0.922906 0.353087
vn 0.146092 0.868405 0.473847
vn 0.188025 0.843227 0.503602
vn 0.166324 0.868274 0.467372
vn -0.001221 0.946053 0.324009
vn 0.166324 0.868274 0.467372
vn -0.090119 0.989203 0.115571
vn -0.055755 0.963616 0.261412
vn -0.090119 0.989203 0.115571
vn 0.166324 0.868274 0.467372
vn 0.151676 0.920403 0.360350
vn 0.008881 0.999408 0.033233
vn 0.224371 0.931756 0.285460
vn 0.024568 0.874328 0.484713
vn 0.004303 0.919773 0.392428
vn 0.008881 0.999408 0.033233
vn 0.272618 0.937547 -0.216068
vn 0.224371 0.931756 0.285460
vn 0.259285 0.870997 0.417297
vn 0.293009 0.771419 0.564852
vn 0.166324 0.868274 0.467372
vn 0.188025 0.843227 0.503602
vn 0.166324 0.868274 0.467372
vn 0.328596 0.601251 0.728370
vn 0.311752 0.843698 0.437019
vn 0.151676 0.920403 0.360350
vn 0.272618 0.937547 -0.216068
vn 0.393964 0.867033 -0.305033
vn 0.419959 0.882886 0.210110
vn 0.224371 0.931756 0.285460
vn 0.014496 0.964718 -0.262886
vn 0.318369 0.914639 -0.249153
vn 0.282021 0.927058 0.247039
vn 0.014496 0.964718 -0.262886
vn 0.282021 0.927058 0.247039
vn 0.047609 0.982189 0.181765
vn -0.037079 0.993956 0.103332
vn 0.000946 0.922370 -0.386307
vn -0.038147 0.891025 -0.452349
vn -0.017395 0.991677 -0.127568
vn -0.031952 0.997990 -0.054720
vn -0.038147 0.891025 -0.452349
vn -0.089966 0.919650 0.382296
vn -0.017395 0.991677 -0.127568
vn -0.038147 0.891025 -0.452349
vn 0.064149 0.887991 -0.455364
vn -0.037445 0.959474 0.279298
vn -0.089966 0.919650 0.382296
vn 0.695368 0.649834 0.306886
vn 0.470499 0.860796 -0.194065
vn 0.579180 0.630176 -0.517136
vn 0.739984 0.671775 0.033814
vn 0.470499 0.860796 -0.194065
vn 0.695368 0.649834 0.306886
vn 0.534265 0.447316 0.717265
vn 0.450541 0.833667 0.319394
vn 0.318369 0.914639 -0.249153
vn 0.470499 0.860796 -0.194065
vn 0.450541 0.833667 0.319394
vn 0.282021 0.927058 0.247039
vn 0.064149 0.887991 -0.455364
vn 0.294867 0.951740 -0.085115
vn -0.037445 0.959474 0.279298
vn 0.064149 0.887991 -0.455364
vn 0.232551 0.813106 -0.533647
vn 0.268316 0.923635 -0.273688
vn 0.294867 0.951740 -0.085115
vn 0.884574 0.436534 0.164214
vn 0.906969 0.195042 0.373317
vn 0.083406 -0.429593 0.899163
vn 0.753286 0.357920 -0.551773
vn 0.083406 -0.429593 0.899163
vn 0.403430 0.220378 0.888075
vn 0.753286 0.357920 -0.551773
vn 0.308236 0.167271 0.936489
vn 0.328596 0.601251 0.728370
vn 0.565195 -0.093596 0.819630
vn 0.293009 0.771419 0.564852
vn 0.565195 -0.093596 0.819630
vn 0.328596 0.601251 0.728370
vn 0.166324 0.868274 0.467372
vn 0.393964 0.867033 -0.305033
vn 0.506149 0.749870 -0.426038
vn 0.556712 0.830582 0.014313
vn 0.419959 0.882886 0.210110
vn 0.884574 0.436534 0.164214
vn -0.030426 -0.181090 -0.982996
vn 0.564257 0.484176 -0.668721
vn 0.884574 0.436534 0.164214
vn 0.753286 0.357920 -0.551773
vn -0.030426 -0.181090 -0.982996
vn 0.403430 0.220378 0.888075
vn 0.611924 0.750295 0.250213
vn 0.753286 0.357920 -0.551773
vn 0.506149 0.749870 -0.426038
vn 0.753286 0.357920 -0.551773
vn 0.611924 0.750295 0.250213
vn 0.556712 0.830582 0.014313
vn 0.961651 0.259533 0.088716
vn 0.611500 -0.627259 0.482300
vn 0.025727 -0.987392 0.156188
vn 0.315957 -0.784512 -0.533584
vn 0.611500 -0.627259 0.482300
vn 0.001221 -0.879669 0.475586
vn -0.028106 -0.967765 -0.250280
vn 0.025727 -0.987392 0.156188
vn 0.336225 0.373885 0.864386
vn 0.618606 0.785693 0.003632
vn 0.487206 0.603636 -0.631073
vn 0.345592 0.360241 -0.866483
vn 0.345592 0.360241 -0.866483
vn 0.206790 -0.733203 -0.647805
vn 0.598989 0.316112 0.735721
vn 0.598989 0.316112 0.735721
vn 0.206790 -0.733203 -0.647805
vn -0.028106 -0.967765 -0.250280
vn 0.001221 -0.879669 0.475586
vn 0.345592 0.360241 -0.866483
vn 0.598989 0.316112 0.735721
vn 0.353373 0.348002 0.868345
vn 0.336225 0.373885 0.864386
vn 0.734391 -0.066100 0.675501
vn -0.045745 -0.128264 0.990684
vn 0.092930 0.015107 0.995558
vn 0.621359 -0.205354 0.756137
vn 0.970094 -0.020264 0.241883
vn -0.045745 -0.128264 0.990684
vn 0.734391 -0.066100 0.675501
vn 0.621359 -0.205354 0.756137
vn 0.734391 -0.066100 0.675501
vn 0.617307 -0.620615 0.483497
vn 0.734391 -0.066100 0.675501
vn 0.092930 0.015107 0.995558
vn 0.295483 0.032869 0.954782
vn 0.617307 -0.620615 0.483497
vn 0.734391 -0.066100 0.675501
vn 0.213779 -0.078277 -0.973741
vn 0.431768 -0.896071 0.103117
vn 0.734391 -0.066100 0.675501
vn 0.266582 0.284862 0.920754
vn 0.651141 0.610399 -0.451032
vn 0.213779 -0.078277 -0.973741
vn 0.734391 -0.066100 0.675501
vn 0.025422 0.136084 0.990371
vn 0.208135 0.304207 0.929590
vn 0.734391 -0.066100 0.675501
vn 0.208135 0.304207 0.929590
vn 0.266582 0.284862 0.920754
vn 0.734391 -0.066100 0.675501
vn 0.295483 0.032869 0.954782
vn 0.237464 0.300729 0.923674
vn 0.734391 -0.066100 0.675501
vn 0.237464 0.300729 0.923674
vn 0.025422 0.136084 0.990371
vn 0.466445 0.442366 0.765991
vn 0.796385 0.595359 -0.106388
vn 0.465617 0.427713 -0.774766
vn 0.651141 0.610399 -0.451032
vn 0.651141 0.610399 -0.451032
vn 0.266582 0.284862 0.920754
vn 0.466445 0.442366 0.765991
vn 0.638749 0.709002 0.298857
vn 0.581230 0.503316 0.639410
vn 0.739984 0.671775 0.033814
vn 0.579180 0.630176 -0.517136
vn 0.618606 0.785693 0.003632
vn 0.638749 0.709002 0.298857
vn 0.579180 0.630176 -0.517136
vn 0.487206 0.603636 -0.631073
vn 0.751096 0.637352 -0.172156
vn 0.465617 0.427713 -0.774766
vn 0.796385 0.595359 -0.106388
vn -0.811130 -0.122315 0.571932
vn -0.400518 -0.719675 0.567146
vn -0.070160 -0.303954 0.950100
vn -0.649663 -0.315402 -0.691708
vn -0.175931 -0.913592 0.366603
vn 0.090549 -0.902413 -0.421251
vn -0.649663 -0.315402 -0.691708
vn -0.428038 -0.614560 -0.662646
vn -0.515844 -0.852731 0.082185
vn -0.649663 -0.315402 -0.691708
vn -0.515844 -0.852731 0.082185
vn -0.941941 -0.169614 0.289790
vn -0.175931 -0.913592 0.366603
vn 0.344678 -0.494297 0.798040
vn 0.164402 -0.917201 -0.362924
vn 0.260475 -0.965421 -0.010681
vn 0.308665 -0.406770 0.859805
vn 0.312538 -0.901513 -0.299323
vn 0.090549 -0.902413 -0.421251
vn -0.175931 -0.913592 0.366603
vn 0.433881 -0.680815 0.590117
vn 0.294692 -0.848435 0.439675
vn 0.076236 -0.883008 -0.463125
vn 0.164402 -0.917201 -0.362924
vn 0.344678 -0.494297 0.798040
vn 0.344678 -0.494297 0.798040
vn 0.335670 -0.533960 0.776023
vn 0.294692 -0.848435 0.439675
vn 0.264534 -0.961729 -0.071413
vn 0.142552 -0.698454 -0.701314
vn 0.083834 -0.641353 -0.762652
vn 0.004212 -0.652810 -0.757510
vn 0.433881 -0.680815 0.590117
vn 0.537095 -0.753906 0.378357
vn 0.356519 -0.810063 -0.465501
vn 0.312538 -0.901513 -0.299323
vn -0.611321 -0.444484 -0.654767
vn -0.814703 -0.335055 -0.473284
vn -0.609405 -0.466827 -0.640858
vn -0.662932 -0.338103 -0.667988
vn -0.573514 -0.665493 -0.477704
vn -0.529024 -0.428865 -0.732263
vn -0.987141 -0.092284 -0.130526
vn -0.573514 -0.665493 -0.477704
vn -0.611321 -0.444484 -0.654767
vn -0.662932 -0.338103 -0.667988
vn -0.529024 -0.428865 -0.732263
vn -0.609405 -0.466827 -0.640858
vn -0.132631 -0.476935 -0.868874
vn -0.662932 -0.338103 -0.667988
vn 0.004212 -0.652810 -0.757510
vn -0.611321 -0.444484 -0.654767
vn -0.573514 -0.665493 -0.477704
vn 0.264534 -0.961729 -0.071413
vn -0.662932 -0.338103 -0.667988
vn -0.165678 -0.531824 -0.830490
vn -0.360903 -0.518649 -0.775082
vn -0.529024 -0.428865 -0.732263
vn -0.662932 -0.338103 -0.667988
vn -0.132631 -0.476935 -0.868874
vn -0.259397 -0.512661 -0.818469
vn -0.382051 -0.627413 -0.678520
vn 0.264534 -0.961729 -0.071413
vn 0.491375 -0.856622 0.157317
vn 0.142552 -0.698454 -0.701314
vn -0.165678 -0.531824 -0.830490
vn -0.325375 -0.531611 -0.781998
vn -0.284424 -0.301941 -0.909909
vn -0.360903 -0.518649 -0.775082
vn -0.382051 -0.627413 -0.678520
vn -0.451664 -0.751928 -0.480212
vn -0.165678 -0.531824 -0.830490
vn -0.662932 -0.338103 -0.667988
vn -0.325375 -0.531611 -0.781998
vn -0.165678 -0.531824 -0.830490
vn 0.015290 -0.228912 -0.973327
vn -0.165678 -0.531824 -0.830490
vn -0.451664 -0.751928 -0.480212
vn -0.531501 -0.819132 -0.215707
vn -0.062377 -0.660273 -0.748430
vn 0.431835 -0.678983 0.593717
vn 0.282666 -0.816599 -0.503256
vn 0.466388 -0.845710 0.259340
vn 0.507274 -0.727655 0.461727
vn 0.537095 -0.753906 0.378357
vn 0.543537 -0.615542 0.570681
vn 0.428089 -0.813182 -0.394304
vn 0.356519 -0.810063 -0.465501
vn 0.428089 -0.813182 -0.394304
vn 0.543537 -0.615542 0.570681
vn 0.729338 -0.479802 0.487706
vn 0.382888 -0.484531 -0.786528
vn 0.494011 -0.585154 0.643077
vn 0.432198 -0.806784 -0.402870
vn 0.282666 -0.816599 -0.503256
vn 0.431835 -0.678983 0.593717
vn 0.637353 -0.391513 0.663701
vn 0.748066 -0.616513 -0.245581
vn 0.432198 -0.806784 -0.402870
vn 0.494011 -0.585154 0.643077
vn 0.974882 -0.173553 0.139587
vn 0.682573 -0.184050 -0.707262
vn 0.748066 -0.616513 -0.245581
vn 0.637353 -0.391513 0.663701
vn 0.974882 -0.173553 0.139587
vn 0.748066 -0.616513 -0.245581
vn 0.974882 -0.173553 0.139587
vn 0.972201 -0.145478 0.183472
vn 0.918301 -0.188782 -0.347972
vn 0.682573 -0.184050 -0.707262
vn 0.904574 -0.031189 0.425174
vn 0.864091 -0.013550 -0.503153
vn 0.918301 -0.188782 -0.347972
vn 0.972201 -0.145478 0.183472
vn 0.382888 -0.484531 -0.786528
vn 0.729338 -0.479802 0.487706
vn 0.819131 -0.434531 0.374443
vn 0.520592 -0.469306 -0.713258
vn 0.520592 -0.469306 -0.713258
vn 0.819131 -0.434531 0.374443
vn 0.910004 -0.393190 -0.131505
vn 0.541436 -0.325199 -0.775302
vn 0.910004 -0.393190 -0.131505
vn 0.976084 -0.096437 -0.194832
vn 0.774050 -0.110658 -0.623379
vn 0.541436 -0.325199 -0.775302
vn 0.774050 -0.110658 -0.623379
vn 0.976084 -0.096437 -0.194832
vn 0.958753 0.159828 0.235050
vn 0.637830 0.035401 -0.769363
vn 0.142552 -0.698454 -0.701314
vn 0.491375 -0.856622 0.157317
vn 0.820665 -0.517634 0.242002
vn 0.221685 -0.381864 -0.897238
vn 0.221685 -0.381864 -0.897238
vn 0.820665 -0.517634 0.242002
vn 0.811523 -0.220369 0.541172
vn 0.390155 -0.321234 -0.862895
vn -0.165678 -0.531824 -0.830490
vn 0.130987 -0.385777 -0.913246
vn 0.015290 -0.228912 -0.973327
vn 0.390155 -0.321234 -0.862895
vn 0.811523 -0.220369 0.541172
vn 0.822819 -0.282352 0.493200
vn 0.551410 -0.392488 -0.736139
vn 0.551410 -0.392488 -0.736139
vn 0.822819 -0.282352 0.493200
vn 0.867121 -0.497619 0.021820
vn 0.608843 -0.466094 -0.641925
vn 0.662933 -0.137392 -0.735965
vn 0.608843 -0.466094 -0.641925
vn 0.867121 -0.497619 0.021820
vn 0.974326 -0.143004 -0.173893
vn 0.557540 0.098635 -0.824270
vn 0.662933 -0.137392 -0.735965
vn 0.974326 -0.143004 -0.173893
vn 0.845795 0.246500 0.473147
vn -0.165678 -0.531824 -0.830490
vn 0.582142 -0.318879 -0.747949
vn 0.361155 -0.608092 -0.706959
vn 0.130987 -0.385777 -0.913246
vn -0.062377 -0.660273 -0.748430
vn 0.220924 -0.582185 -0.782466
vn 0.582142 -0.318879 -0.747949
vn -0.165678 -0.531824 -0.830490
vn 0.361155 -0.608092 -0.706959
vn 0.582142 -0.318879 -0.747949
vn 0.214331 -0.435455 -0.874323
vn 0.220924 -0.582185 -0.782466
vn 0.617603 -0.020721 -0.786217
vn 0.582142 -0.318879 -0.747949
vn 0.214331 -0.435455 -0.874323
vn 0.582142 -0.318879 -0.747949
vn 0.837421 0.203465 -0.507275
vn 0.000000 0.998041 0.062561
vn 0.000000 0.964693 -0.263376
vn 0.372969 0.744747 -0.553395
vn 0.435375 0.896598 -0.080996
vn 0.325053 0.448836 0.832398
vn 0.435375 0.896598 -0.080996
vn 0.372969 0.744747 -0.553395
vn 0.476458 0.628228 -0.615075
vn 0.629667 0.759800 -0.161934
vn 0.220218 0.817057 -0.532843
vn 0.181767 0.878806 -0.441204
vn 0.369147 0.840470 0.396663
vn 0.325053 0.448836 0.832398
vn 0.476458 0.628228 -0.615075
vn 0.368266 0.718190 -0.590409
vn 0.629667 0.759800 -0.161934
vn 0.182014 0.241191 -0.953257
vn 0.597651 0.743073 0.301090
vn 0.000000 0.830237 0.557411
vn 0.000000 0.974994 -0.222233
vn 0.370523 0.905601 -0.206396
vn 0.000000 0.830237 0.557411
vn 0.182014 0.241191 -0.953257
vn 0.000000 0.830237 0.557411
vn 0.370523 0.905601 -0.206396
vn 0.597651 0.743073 0.301090
vn 0.301403 0.469714 -0.829774
vn 0.365311 0.703308 0.609841
vn 0.000000 0.830237 0.557411
vn 0.268316 0.923635 -0.273688
vn -0.025177 0.596614 0.802134
vn 0.294867 0.951740 -0.085115
vn 0.629667 0.759800 -0.161934
vn 0.368266 0.718190 -0.590409
vn 0.220218 0.817057 -0.532843
vn 0.267981 0.263830 -0.926596
vn 0.304914 0.214426 -0.927927
vn 0.061129 -0.014588 -0.998023
vn 0.276587 0.249181 -0.928121
vn 0.114505 0.071626 -0.990837
vn 0.061129 -0.014588 -0.998023
vn 0.138004 0.093111 -0.986045
vn 0.276587 0.249181 -0.928121
vn 0.061129 -0.014588 -0.998023
vn 0.114505 0.071626 -0.990837
vn 0.134586 0.084017 -0.987334
vn 0.138004 0.093111 -0.986045
vn 0.061129 -0.014588 -0.998023
vn 0.130009 -0.056549 -0.989899
vn 0.000000 0.830237 0.557411
vn 0.365311 0.703308 0.609841
vn 0.347696 0.512861 0.784908
vn 0.100986 0.519946 0.848209
vn 0.037446 0.649309 -0.759602
vn 0.444438 0.449626 -0.774798
vn 0.605884 0.769128 0.203339
vn 0.000000 0.933464 0.358671
vn 0.444438 0.449626 -0.774798
vn 0.253820 0.886003 -0.388038
vn 0.485028 0.859793 -0.159702
vn 0.605884 0.769128 0.203339
vn 0.365311 0.703308 0.609841
vn 0.200630 0.557883 0.805304
vn 0.347696 0.512861 0.784908
vn 0.088259 0.806145 -0.585100
vn 0.253820 0.886003 -0.388038
vn 0.444438 0.449626 -0.774798
vn 0.061129 -0.014588 -0.998023
vn 0.304914 0.214426 -0.927927
vn 0.361039 0.087406 -0.928446
vn 0.032197 0.012879 -0.999399
vn 0.061129 -0.014588 -0.998023
vn 0.032197 0.012879 -0.999399
vn -0.002350 -0.010529 -0.999942
vn 0.044405 0.014435 -0.998909
vn 0.253820 0.886003 -0.388038
vn 0.112675 0.935914 -0.333721
vn 0.485028 0.859793 -0.159702
vn 0.061129 -0.014588 -0.998023
vn 0.044405 0.014435 -0.998909
vn 0.050477 0.018708 -0.998550
vn 0.462484 0.388017 -0.797215
vn 0.397748 0.524706 -0.752649
vn 0.462484 0.388017 -0.797215
vn 0.344396 0.692179 -0.634256
vn 0.053011 0.036348 -0.997932
vn 0.044130 0.027344 -0.998652
vn -0.000580 0.867545 -0.497358
vn 0.462484 0.388017 -0.797215
vn 0.053011 0.036348 -0.997932
vn 0.462484 0.388017 -0.797215
vn 0.050477 0.018708 -0.998550
vn 0.005707 0.864482 -0.502631
vn 0.344396 0.692179 -0.634256
vn 0.462484 0.388017 -0.797215
vn -0.000580 0.867545 -0.497358
vn 0.732934 0.676444 0.072327
vn 0.127264 0.265179 0.955764
vn 0.680082 0.546104 0.489141
vn 0.885831 0.423048 0.190613
vn 0.653655 0.630796 0.418128
vn 0.688599 0.586941 -0.425831
vn 0.864091 -0.013550 -0.503153
vn 0.904574 -0.031189 0.425174
vn 0.885831 0.423048 0.190613
vn 0.864091 -0.013550 -0.503153
vn 0.702414 0.687338 -0.184881
vn 0.561136 0.455604 -0.691051
vn 0.210184 0.431416 -0.877328
vn 0.702414 0.687338 -0.184881
vn 0.210184 0.431416 -0.877328
vn 0.093387 0.322736 0.941871
vn 0.516648 0.662587 0.542267
vn 0.653655 0.630796 0.418128
vn 0.093387 0.322736 0.941871
vn 0.210184 0.431416 -0.877328
vn 0.688599 0.586941 -0.425831
vn 0.637830 0.035401 -0.769363
vn 0.958753 0.159828 0.235050
vn 0.914509 0.404427 -0.010620
vn 0.683571 0.219638 -0.696053
vn 0.524207 0.348088 -0.777201
vn 0.683571 0.219638 -0.696053
vn 0.783988 0.292672 0.547454
vn 0.374195 0.451286 0.810135
vn 0.732934 0.676444 0.072327
vn 0.501019 0.784687 -0.365030
vn 0.374195 0.451286 0.810135
vn 0.127264 0.265179 0.955764
vn 0.501019 0.784687 -0.365030
vn 0.524207 0.348088 -0.777201
vn 0.374195 0.451286 0.810135
vn 0.914509 0.404427 -0.010620
vn 0.783988 0.292672 0.547454
vn 0.683571 0.219638 -0.696053
vn 0.883478 -0.061188 -0.464460
vn 0.156285 -0.088562 -0.983734
vn 0.462484 0.388017 -0.797215
vn 0.557540 0.098635 -0.824270
vn 0.845795 0.246500 0.473147
vn 0.947808 0.318795 -0.005432
vn 0.615502 0.166327 -0.770385
vn 0.838328 0.174990 0.516318
vn 0.751359 0.103945 -0.651656
vn 0.615502 0.166327 -0.770385
vn 0.947808 0.318795 -0.005432
vn 0.751359 0.103945 -0.651656
vn 0.838328 0.174990 0.516318
vn 0.706019 0.461748 0.536960
vn 0.396983 0.157749 -0.904168
vn 0.676164 0.169590 -0.716967
vn 0.837421 0.203465 -0.507275
vn 0.582142 -0.318879 -0.747949
vn 0.831514 0.259898 -0.490955
vn 0.582142 -0.318879 -0.747949
vn 0.617603 -0.020721 -0.786217
vn 0.717833 -0.070924 -0.692594
vn 0.831514 0.259898 -0.490955
vn 0.676164 0.169590 -0.716967
vn 0.831514 0.259898 -0.490955
vn 0.988606 0.144992 -0.040437
vn 0.467018 0.044404 -0.883132
vn 0.676164 0.169590 -0.716967
vn 0.988606 0.144992 -0.040437
vn 0.909980 0.054018 -0.411119
vn 0.988606 0.144992 -0.040437
vn 0.883478 -0.061188 -0.464460
vn 0.462484 0.388017 -0.797215
vn 0.909980 0.054018 -0.411119
vn 0.558067 0.716887 -0.417894
vn 0.512948 0.622508 -0.591074
vn 0.505290 0.744491 0.436366
vn 0.802906 0.573744 0.161742
vn 0.706019 0.461748 0.536960
vn 0.505290 0.744491 0.436366
vn 0.512948 0.622508 -0.591074
vn 0.396983 0.157749 -0.904168
vn 0.061129 -0.014588 -0.998023
vn 0.462484 0.388017 -0.797215
vn 0.156285 -0.088562 -0.983734
vn 0.130009 -0.056549 -0.989899
vn 0.909980 0.054018 -0.411119
vn 0.462484 0.388017 -0.797215
vn 0.280922 0.082919 -0.956142
vn 0.397748 0.524706 -0.752649
vn 0.280922 0.082919 -0.956142
vn 0.462484 0.388017 -0.797215
vn 0.007508 -0.498721 -0.866730
vn 0.325357 -0.531614 -0.782003
vn 0.288033 -0.318847 -0.902980
vn -0.207214 -0.858609 -0.468885
vn -0.697572 -0.461030 0.548493
vn -0.570586 -0.059357 0.819090
vn -0.207214 -0.858609 -0.468885
vn -0.216155 -0.973263 0.077697
vn -0.320829 -0.882624 -0.343575
vn -0.697572 -0.461030 0.548493
vn 0.007508 -0.498721 -0.866730
vn -0.015289 -0.228912 -0.973327
vn 0.325357 -0.531614 -0.782003
vn 0.007508 -0.498721 -0.866730
vn -0.674904 -0.166780 -0.718811
vn -0.130983 -0.385777 -0.913247
vn -0.015289 -0.228912 -0.973327
vn -0.207214 -0.858609 -0.468885
vn -0.970617 -0.069184 0.230470
vn -0.674904 -0.166780 -0.718811
vn 0.007508 -0.498721 -0.866730
vn -0.970617 -0.069184 0.230470
vn -0.861147 -0.316285 0.397981
vn -0.867122 -0.497617 0.021820
vn -0.207214 -0.858609 -0.468885
vn -0.570586 -0.059357 0.819090
vn -0.861147 -0.316285 0.397981
vn -0.970617 -0.069184 0.230470
vn -0.970617 -0.069184 0.230470
vn -0.867122 -0.497617 0.021820
vn -0.974326 -0.143004 -0.173893
vn -0.970617 -0.069184 0.230470
vn -0.974326 -0.143004 -0.173893
vn -0.592175 0.144203 0.792802
vn -0.674904 -0.166780 -0.718811
vn -0.361145 -0.608094 -0.706962
vn -0.130983 -0.385777 -0.913247
vn -0.674904 -0.166780 -0.718811
vn -0.837423 0.203464 -0.507273
vn -0.214325 -0.435455 -0.874325
vn -0.361145 -0.608094 -0.706962
vn -0.674904 -0.166780 -0.718811
vn -0.676153 0.169593 -0.716977
vn -0.837423 0.203464 -0.507273
vn -0.674904 -0.166780 -0.718811
vn -0.774319 0.189336 -0.603806
vn -0.676153 0.169593 -0.716977
vn -0.207214 -0.858609 -0.468885
vn 0.281991 -0.711183 -0.643972
vn -0.216155 -0.973263 0.077697
vn -0.207214 -0.858609 -0.468885
vn 0.007508 -0.498721 -0.866730
vn 0.291512 -0.505247 -0.812248
vn 0.281991 -0.711183 -0.643972
vn -0.216155 -0.973263 0.077697
vn 0.281991 -0.711183 -0.643972
vn 0.573505 -0.665498 -0.477707
vn 0.288033 -0.318847 -0.902980
vn 0.322095 -0.432986 -0.841890
vn 0.291512 -0.505247 -0.812248
vn 0.007508 -0.498721 -0.866730
vn 0.281991 -0.711183 -0.643972
vn 0.291512 -0.505247 -0.812248
vn 0.987141 -0.092284 -0.130526
vn 0.573505 -0.665498 -0.477707
vn 0.322095 -0.432986 -0.841890
vn 0.600611 -0.488256 -0.633144
vn 0.291512 -0.505247 -0.812248
vn 0.987141 -0.092284 -0.130526
vn 0.291512 -0.505247 -0.812248
vn 0.600611 -0.488256 -0.633144
vn -0.970617 -0.069184 0.230470
vn -0.592175 0.144203 0.792802
vn -0.928862 0.306344 0.208252
vn -0.970617 -0.069184 0.230470
vn -0.928862 0.306344 0.208252
vn -0.774319 0.189336 -0.603806
vn -0.674904 -0.166780 -0.718811
vn -0.676153 0.169593 -0.716977
vn -0.774319 0.189336 -0.603806
vn -0.467007 0.044404 -0.883138
vn -0.926444 0.351600 0.134459
vn -0.938484 0.245340 0.243013
vn -0.928862 0.306344 0.208252
vn -0.592175 0.144203 0.792802
vn -0.928862 0.306344 0.208252
vn -0.938484 0.245340 0.243013
vn -0.805918 0.439624 0.396519
vn -0.774319 0.189336 -0.603806
vn -0.280942 0.082918 -0.956136
vn -0.909980 0.054018 -0.411118
vn -0.467007 0.044404 -0.883138
vn -0.928862 0.306344 0.208252
vn -0.805918 0.439624 0.396519
vn -0.600809 0.797003 -0.061770
vn -0.928862 0.306344 0.208252
vn -0.600809 0.797003 -0.061770
vn -0.509250 0.601860 -0.615166
vn -0.774319 0.189336 -0.603806
vn -0.774319 0.189336 -0.603806
vn -0.509250 0.601860 -0.615166
vn -0.280942 0.082918 -0.956136
vn -0.525261 0.760663 0.381434
vn -0.413977 0.530328 0.739848
vn -0.600809 0.797003 -0.061770
vn -0.805918 0.439624 0.396519
vn -0.413977 0.530328 0.739848
vn -0.706825 0.702665 -0.081607
vn -0.600809 0.797003 -0.061770
vn -0.280942 0.082918 -0.956136
vn -0.509250 0.601860 -0.615166
vn -0.240449 0.275553 -0.930728
vn -0.706825 0.702665 -0.081607
vn 0.023194 0.405629 0.913744
vn -0.600809 0.797003 -0.061770
vn -0.600809 0.797003 -0.061770
vn 0.023194 0.405629 0.913744
vn -0.030884 0.484298 0.874358
vn 0.000000 0.996154 -0.087619
vn -0.509250 0.601860 -0.615166
vn -0.000824 0.716158 -0.697938
vn -0.344386 0.692181 -0.634258
vn -0.240449 0.275553 -0.930728
vn -0.153536 0.923622 -0.351211
vn -0.355224 0.933102 -0.056001
vn -0.626852 0.760845 0.167844
vn -0.030884 0.484298 0.874358
vn -0.509250 0.601860 -0.615166
vn -0.600809 0.797003 -0.061770
vn 0.000000 0.996154 -0.087619
vn -0.000824 0.716158 -0.697938
vn -0.626852 0.760845 0.167844
vn 0.000000 0.933464 0.358671
vn 0.000000 0.996154 -0.087619
vn -0.030884 0.484298 0.874358
vn -0.344386 0.692181 -0.634258
vn -0.000824 0.716158 -0.697938
vn 0.005707 0.864482 -0.502631
vn -0.281984 -0.711184 -0.643974
vn -0.573514 -0.665493 -0.477704
vn -0.987141 -0.092284 -0.130526
vn -0.291504 -0.505249 -0.812250
vn -0.987141 -0.092284 -0.130526
vn -0.529024 -0.428865 -0.732263
vn -0.291504 -0.505249 -0.812250
vn -0.281984 -0.711184 -0.643974
vn 0.264534 -0.961729 -0.071413
vn -0.573514 -0.665493 -0.477704
vn -0.291504 -0.505249 -0.812250
vn -0.529024 -0.428865 -0.732263
vn -0.360903 -0.518649 -0.775082
vn -0.284424 -0.301941 -0.909909
vn -0.291504 -0.505249 -0.812250
vn -0.284424 -0.301941 -0.909909
vn 0.003815 -0.520508 -0.853848
vn -0.281984 -0.711184 -0.643974
vn 0.207220 -0.858608 -0.468884
vn 0.264534 -0.961729 -0.071413
vn -0.291504 -0.505249 -0.812250
vn 0.003815 -0.520508 -0.853848
vn 0.207220 -0.858608 -0.468884
vn -0.281984 -0.711184 -0.643974
vn -0.284424 -0.301941 -0.909909
vn -0.325375 -0.531611 -0.781998
vn 0.003815 -0.520508 -0.853848
vn 0.491375 -0.856622 0.157317
vn 0.264534 -0.961729 -0.071413
vn 0.207220 -0.858608 -0.468884
vn 0.820665 -0.517634 0.242002
vn 0.820665 -0.517634 0.242002
vn 0.207220 -0.858608 -0.468884
vn 0.811523 -0.220369 0.541172
vn -0.325375 -0.531611 -0.781998
vn 0.015290 -0.228912 -0.973327
vn 0.003815 -0.520508 -0.853848
vn 0.003815 -0.520508 -0.853848
vn 0.015290 -0.228912 -0.973327
vn 0.130987 -0.385777 -0.913246
vn 0.674915 -0.166778 -0.718801
vn 0.207220 -0.858608 -0.468884
vn 0.970617 -0.069184 0.230470
vn 0.822819 -0.282352 0.493200
vn 0.811523 -0.220369 0.541172
vn 0.207220 -0.858608 -0.468884
vn 0.003815 -0.520508 -0.853848
vn 0.674915 -0.166778 -0.718801
vn 0.970617 -0.069184 0.230470
vn 0.822819 -0.282352 0.493200
vn 0.970617 -0.069184 0.230470
vn 0.867121 -0.497619 0.021820
vn 0.970617 -0.069184 0.230470
vn 0.974326 -0.143004 -0.173893
vn 0.867121 -0.497619 0.021820
vn 0.970617 -0.069184 0.230470
vn 0.845795 0.246500 0.473147
vn 0.974326 -0.143004 -0.173893
vn 0.130987 -0.385777 -0.913246
vn 0.361155 -0.608092 -0.706959
vn 0.674915 -0.166778 -0.718801
vn 0.674915 -0.166778 -0.718801
vn 0.361155 -0.608092 -0.706959
vn 0.214331 -0.435455 -0.874323
vn 0.837421 0.203465 -0.507275
vn 0.674915 -0.166778 -0.718801
vn 0.837421 0.203465 -0.507275
vn 0.676164 0.169590 -0.716967
vn 0.674915 -0.166778 -0.718801
vn 0.676164 0.169590 -0.716967
vn 0.774316 0.189337 -0.603809
vn 0.485028 0.859793 -0.159702
vn 0.112675 0.935914 -0.333721
vn -0.045990 0.209845 0.976653
vn 0.605884 0.769128 0.203339
vn 0.605884 0.769128 0.203339
vn -0.045990 0.209845 0.976653
vn 0.000000 0.996154 -0.087619
vn 0.000000 0.933464 0.358671
vn 0.000000 0.996154 -0.087619
vn -0.045990 0.209845 0.976653
vn 0.047487 0.604328 0.795319
vn 0.600820 0.796994 -0.061770
vn 0.000000 0.996154 -0.087619
vn 0.600820 0.796994 -0.061770
vn 0.498365 0.586533 -0.638445
vn -0.000824 0.716158 -0.697938
vn 0.005707 0.864482 -0.502631
vn -0.000824 0.716158 -0.697938
vn 0.498365 0.586533 -0.638445
vn 0.344396 0.692179 -0.634256
vn 0.047487 0.604328 0.795319
vn 0.680679 0.723069 0.117675
vn 0.600820 0.796994 -0.061770
vn 0.397748 0.524706 -0.752649
vn 0.344396 0.692179 -0.634256
vn 0.498365 0.586533 -0.638445
vn 0.970617 -0.069184 0.230470
vn 0.928862 0.306345 0.208252
vn 0.845795 0.246500 0.473147
vn 0.676164 0.169590 -0.716967
vn 0.467018 0.044404 -0.883132
vn 0.774316 0.189337 -0.603809
vn 0.970617 -0.069184 0.230470
vn 0.674915 -0.166778 -0.718801
vn 0.774316 0.189337 -0.603809
vn 0.928862 0.306345 0.208252
vn 0.838328 0.174990 0.516318
vn 0.928862 0.306345 0.208252
vn 0.706019 0.461748 0.536960
vn 0.909980 0.054018 -0.411119
vn 0.280922 0.082919 -0.956142
vn 0.774316 0.189337 -0.603809
vn 0.467018 0.044404 -0.883132
vn 0.947808 0.318795 -0.005432
vn 0.845795 0.246500 0.473147
vn 0.928862 0.306345 0.208252
vn 0.838328 0.174990 0.516318
vn 0.802906 0.573744 0.161742
vn 0.505290 0.744491 0.436366
vn 0.600820 0.796994 -0.061770
vn 0.680679 0.723069 0.117675
vn 0.397748 0.524706 -0.752649
vn 0.498365 0.586533 -0.638445
vn 0.280922 0.082919 -0.956142
vn 0.928862 0.306345 0.208252
vn 0.600820 0.796994 -0.061770
vn 0.706019 0.461748 0.536960
vn 0.505290 0.744491 0.436366
vn 0.706019 0.461748 0.536960
vn 0.600820 0.796994 -0.061770
vn 0.774316 0.189337 -0.603809
vn 0.280922 0.082919 -0.956142
vn 0.498365 0.586533 -0.638445
vn 0.928862 0.306345 0.208252
vn 0.774316 0.189337 -0.603809
vn 0.498365 0.586533 -0.638445
vn 0.600820 0.796994 -0.061770
vn -0.121033 -0.722413 0.680787
vn -0.635134 -0.398927 0.661409
vn -0.398837 -0.545597 -0.737057
vn 0.240694 -0.801282 -0.547734
vn -0.121033 -0.722413 0.680787
vn -0.252228 -0.041016 0.966798
vn -0.278141 -0.603555 0.747234
vn -0.635134 -0.398927 0.661409
vn -0.121033 -0.722413 0.680787
vn -0.142181 -0.379913 0.914030
vn -0.252228 -0.041016 0.966798
vn 0.240694 -0.801282 -0.547734
vn -0.398837 -0.545597 -0.737057
vn 0.227425 -0.424868 -0.876222
vn 0.160496 -0.806362 -0.569229
vn -0.635134 -0.398927 0.661409
vn -0.215088 -0.924346 0.315155
vn -0.323215 -0.010407 0.946268
vn -0.278141 -0.603555 0.747234
vn -0.215088 -0.924346 0.315155
vn -0.635134 -0.398927 0.661409
vn -0.635134 -0.398927 0.661409
vn -0.323215 -0.010407 0.946268
vn -0.801358 0.022950 0.597745
vn -0.812130 0.345712 0.470030
vn -0.398837 -0.545597 -0.737057
vn 0.070650 -0.679528 -0.730240
vn 0.227425 -0.424868 -0.876222
vn -0.398837 -0.545597 -0.737057
vn -0.470970 -0.113646 -0.874798
vn 0.070650 -0.679528 -0.730240
vn -0.398837 -0.545597 -0.737057
vn -0.771079 0.316351 -0.552593
vn -0.516604 -0.037415 -0.855407
vn -0.470970 -0.113646 -0.874798
vn -0.121033 -0.722413 0.680787
vn 0.240694 -0.801282 -0.547734
vn 0.100559 -0.788363 0.606936
vn 0.240694 -0.801282 -0.547734
vn 0.160496 -0.806362 -0.569229
vn 0.426036 -0.626706 -0.652482
vn -0.121033 -0.722413 0.680787
vn 0.100559 -0.788363 0.606936
vn -0.172273 -0.268344 0.947794
vn -0.142181 -0.379913 0.914030
vn 0.240694 -0.801282 -0.547734
vn 0.426036 -0.626706 -0.652482
vn 0.366558 -0.555909 -0.746056
vn 0.000000 -0.447447 -0.894311
vn 0.240694 -0.801282 -0.547734
vn 0.000000 -0.447447 -0.894311
vn 0.100559 -0.788363 0.606936
vn -0.172273 -0.268344 0.947794
vn 0.100559 -0.788363 0.606936
vn -0.002777 -0.689511 0.724270
vn 0.100559 -0.788363 0.606936
vn 0.000000 -0.916652 0.399687
vn 0.000000 -0.835090 0.550114
vn 0.100559 -0.788363 0.606936
vn 0.000000 -0.835090 0.550114
vn 0.000031 0.061006 0.998137
vn 0.100559 -0.788363 0.606936
vn 0.000000 -0.447447 -0.894311
vn 0.000000 -0.916652 0.399687
vn 0.000031 0.061006 0.998137
vn -0.041138 -0.048828 0.997960
vn -0.002777 -0.689511 0.724270
vn 0.100559 -0.788363 0.606936
vn 0.004669 -0.013672 0.999896
vn -0.041138 -0.048828 0.997960
vn 0.000031 0.061006 0.998137
vn 0.014435 -0.048065 0.998740
vn 0.306498 -0.602785 -0.736688
vn 0.000000 -0.551183 -0.834384
vn 0.000000 -0.447447 -0.894311
vn 0.366558 -0.555909 -0.746056
vn -0.812130 0.345712 0.470030
vn -0.801358 0.022950 0.597745
vn -0.075103 0.056672 0.995564
vn -0.070770 0.060823 0.995637
vn -0.812130 0.345712 0.470030
vn -0.070770 0.060823 0.995637
vn -0.075531 0.041566 0.996277
vn -0.635134 -0.398927 0.661409
vn -0.812130 0.345712 0.470030
vn -0.771079 0.316351 -0.552593
vn -0.398837 -0.545597 -0.737057
vn -0.516604 -0.037415 -0.855407
vn -0.771079 0.316351 -0.552593
vn -0.420802 -0.043395 -0.906114
vn -0.420802 -0.043395 -0.906114
vn -0.771079 0.316351 -0.552593
vn -0.468477 0.284922 -0.836271
vn -0.771079 0.316351 -0.552593
vn -0.568156 0.275434 -0.775458
vn -0.035064 -0.724170 -0.688730
vn -0.468477 0.284922 -0.836271
vn -0.468477 0.284922 -0.836271
vn -0.035064 -0.724170 -0.688730
vn -0.742668 0.655439 -0.137271
vn -0.812130 0.345712 0.470030
vn -0.075531 0.041566 0.996277
vn -0.160552 0.120059 0.979698
vn -0.442904 0.860108 0.253084
vn -0.771079 0.316351 -0.552593
vn -0.447932 0.887561 -0.107668
vn -0.568156 0.275434 -0.775458
vn -0.160552 0.120059 0.979698
vn -0.385260 0.246868 0.889174
vn -0.328614 0.601247 0.728365
vn -0.160552 0.120059 0.979698
vn -0.328614 0.601247 0.728365
vn -0.442904 0.860108 0.253084
vn -0.328614 0.601247 0.728365
vn -0.311771 0.843692 0.437016
vn -0.442904 0.860108 0.253084
vn -0.812130 0.345712 0.470030
vn -0.442904 0.860108 0.253084
vn -0.447932 0.887561 -0.107668
vn -0.771079 0.316351 -0.552593
vn -0.568156 0.275434 -0.775458
vn -0.447932 0.887561 -0.107668
vn -0.506160 0.749864 -0.426035
vn -0.506160 0.749864 -0.426035
vn -0.447932 0.887561 -0.107668
vn -0.393954 0.867037 -0.305035
vn -0.442904 0.860108 0.253084
vn -0.311771 0.843692 0.437016
vn -0.047485 0.981349 0.186278
vn -0.393954 0.867037 -0.305035
vn -0.447932 0.887561 -0.107668
vn -0.223019 0.967972 -0.115297
vn -0.442904 0.860108 0.253084
vn -0.047485 0.981349 0.186278
vn 0.000000 0.990778 0.135497
vn -0.447932 0.887561 -0.107668
vn 0.000000 0.999619 0.027587
vn -0.223019 0.967972 -0.115297
vn 0.090122 0.989202 0.115571
vn -0.055755 0.963616 0.261412
vn 0.000000 0.990778 0.135497
vn -0.047485 0.981349 0.186278
vn -0.447932 0.887561 -0.107668
vn -0.442904 0.860108 0.253084
vn 0.000000 0.990778 0.135497
vn 0.000000 0.999619 0.027587
vn -0.223019 0.967972 -0.115297
vn 0.000000 0.999619 0.027587
vn 0.008881 0.999408 0.033233
vn -0.100556 -0.788364 0.606936
vn 0.000000 -0.835090 0.550114
vn 0.000000 -0.916652 0.399687
vn -0.100556 -0.788364 0.606936
vn 0.000031 0.061006 0.998137
vn 0.000000 -0.835090 0.550114
vn -0.100556 -0.788364 0.606936
vn 0.000000 -0.916652 0.399687
vn 0.000000 -0.447447 -0.894311
vn 0.000031 0.061006 0.998137
vn 0.027283 -0.058502 0.997914
vn 0.022309 -0.061401 0.997864
vn 0.014435 -0.048065 0.998740
vn 0.000031 0.061006 0.998137
vn -0.023529 0.388352 -0.921211
vn -0.025238 0.375347 -0.926541
vn 0.027283 -0.058502 0.997914
vn 0.000031 0.061006 0.998137
vn 0.074007 -0.086974 0.993458
vn -0.023529 0.388352 -0.921211
vn 0.000031 0.061006 0.998137
vn -0.100556 -0.788364 0.606936
vn 0.016114 -0.412997 0.910590
vn 0.074007 -0.086974 0.993458
vn -0.100556 -0.788364 0.606936
vn 0.000000 -0.447447 -0.894311
vn -0.240687 -0.801284 -0.547735
vn -0.100556 -0.788364 0.606936
vn 0.172279 -0.268344 0.947793
vn 0.016114 -0.412997 0.910590
vn 0.000000 -0.447447 -0.894311
vn 0.000000 -0.551183 -0.834384
vn -0.306490 -0.602786 -0.736690
vn -0.282199 -0.241916 -0.928354
vn -0.100556 -0.788364 0.606936
vn -0.240687 -0.801284 -0.547735
vn 0.121036 -0.722413 0.680787
vn -0.282199 -0.241916 -0.928354
vn -0.426026 -0.626709 -0.652486
vn -0.240687 -0.801284 -0.547735
vn 0.000000 -0.447447 -0.894311
vn -0.426026 -0.626709 -0.652486
vn -0.326294 -0.806061 -0.493759
vn -0.240687 -0.801284 -0.547735
vn 0.172279 -0.268344 0.947793
vn -0.100556 -0.788364 0.606936
vn 0.121036 -0.722413 0.680787
vn 0.142185 -0.379912 0.914030
vn 0.121036 -0.722413 0.680787
vn 0.252235 -0.041016 0.966796
vn 0.142185 -0.379912 0.914030
vn 0.121036 -0.722413 0.680787
vn 0.635145 -0.398922 0.661401
vn 0.278149 -0.603554 0.747232
vn 0.252235 -0.041016 0.966796
vn -0.240687 -0.801284 -0.547735
vn -0.326294 -0.806061 -0.493759
vn -0.119202 -0.795688 -0.593862
vn 0.398847 -0.545594 -0.737054
vn 0.121036 -0.722413 0.680787
vn -0.240687 -0.801284 -0.547735
vn 0.398847 -0.545594 -0.737054
vn 0.635145 -0.398922 0.661401
vn 0.278149 -0.603554 0.747232
vn 0.635145 -0.398922 0.661401
vn 0.215065 -0.924350 0.315156
vn 0.215065 -0.924350 0.315156
vn 0.635145 -0.398922 0.661401
vn 0.323224 -0.010407 0.946265
vn 0.635145 -0.398922 0.661401
vn 0.812128 0.345714 0.470032
vn 0.801355 0.022950 0.597748
vn 0.323224 -0.010407 0.946265
vn -0.119202 -0.795688 -0.593862
vn -0.070648 -0.679528 -0.730240
vn 0.398847 -0.545594 -0.737054
vn -0.070648 -0.679528 -0.730240
vn 0.470957 -0.113646 -0.874805
vn 0.398847 -0.545594 -0.737054
vn 0.398847 -0.545594 -0.737054
vn 0.470957 -0.113646 -0.874805
vn 0.516615 -0.037414 -0.855400
vn 0.767332 0.314343 -0.558919
vn 0.000000 0.990778 0.135497
vn -0.055755 0.963616 0.261412
vn -0.090119 0.989203 0.115571
vn 0.151676 0.920403 0.360350
vn 0.008881 0.999408 0.033233
vn 0.000000 0.999619 0.027587
vn 0.272618 0.937547 -0.216068
vn 0.000000 0.990778 0.135497
vn 0.151676 0.920403 0.360350
vn 0.442890 0.860114 0.253085
vn 0.000000 0.999619 0.027587
vn 0.447943 0.887555 -0.107668
vn 0.272618 0.937547 -0.216068
vn 0.151676 0.920403 0.360350
vn 0.311752 0.843698 0.437019
vn 0.442890 0.860114 0.253085
vn 0.000000 0.990778 0.135497
vn 0.442890 0.860114 0.253085
vn 0.447943 0.887555 -0.107668
vn 0.000000 0.999619 0.027587
vn 0.272618 0.937547 -0.216068
vn 0.447943 0.887555 -0.107668
vn 0.393964 0.867033 -0.305033
vn 0.075105 0.056672 0.995564
vn 0.801355 0.022950 0.597748
vn 0.812128 0.345714 0.470032
vn 0.066225 0.056765 0.996189
vn 0.113498 0.075624 0.990656
vn 0.066225 0.056765 0.996189
vn 0.812128 0.345714 0.470032
vn 0.635145 -0.398922 0.661401
vn 0.398847 -0.545594 -0.737054
vn 0.767332 0.314343 -0.558919
vn 0.812128 0.345714 0.470032
vn 0.516615 -0.037414 -0.855400
vn 0.420787 -0.043396 -0.906121
vn 0.767332 0.314343 -0.558919
vn 0.767332 0.314343 -0.558919
vn 0.657525 0.401412 -0.637596
vn 0.564257 0.484176 -0.668721
vn -0.030426 -0.181090 -0.982996
vn 0.767332 0.314343 -0.558919
vn -0.030426 -0.181090 -0.982996
vn 0.753286 0.357920 -0.551773
vn 0.420787 -0.043396 -0.906121
vn 0.657525 0.401412 -0.637596
vn 0.767332 0.314343 -0.558919
vn 0.160833 0.120365 0.979615
vn 0.328596 0.601251 0.728370
vn 0.308236 0.167271 0.936489
vn 0.160833 0.120365 0.979615
vn 0.442890 0.860114 0.253085
vn 0.328596 0.601251 0.728370
vn 0.328596 0.601251 0.728370
vn 0.442890 0.860114 0.253085
vn 0.311752 0.843698 0.437019
vn 0.393964 0.867033 -0.305033
vn 0.447943 0.887555 -0.107668
vn 0.506149 0.749870 -0.426038
vn 0.812128 0.345714 0.470032
vn 0.767332 0.314343 -0.558919
vn 0.447943 0.887555 -0.107668
vn 0.442890 0.860114 0.253085
vn 0.506149 0.749870 -0.426038
vn 0.447943 0.887555 -0.107668
vn 0.753286 0.357920 -0.551773
vn 0.160833 0.120365 0.979615
vn 0.113498 0.075624 0.990656
vn 0.812128 0.345714 0.470032
vn 0.442890 0.860114 0.253085
vn 0.767332 0.314343 -0.558919
vn 0.753286 0.357920 -0.551773
vn 0.447943 0.887555 -0.107668
vn -0.778323 -0.246491 0.577456
vn -0.323886 -0.543523 0.774391
vn -0.300105 -0.159147 0.940537
vn -0.406218 -0.305480 0.861202
vn -0.323886 -0.543523 0.774391
vn -0.243655 -0.127779 0.961408
vn -0.300105 -0.159147 0.940537
vn -0.273377 -0.961579 0.025116
vn 0.159520 -0.202148 -0.966276
vn 0.179418 -0.447996 -0.875847
vn -0.778323 -0.246491 0.577456
vn -0.716771 -0.397158 0.573154
vn -0.535405 0.066317 0.841988
vn -0.323886 -0.543523 0.774391
vn -0.778323 -0.246491 0.577456
vn -0.867027 -0.432338 -0.247686
vn -0.273377 -0.961579 0.025116
vn -0.778323 -0.246491 0.577456
vn -0.406218 -0.305480 0.861202
vn -0.716771 -0.397158 0.573154
vn -0.778323 -0.246491 0.577456
vn -0.535405 0.066317 0.841988
vn -0.766901 0.047853 0.639979
vn 0.005219 -0.006866 0.999963
vn -0.778323 -0.246491 0.577456
vn -0.138854 -0.053680 0.988857
vn -0.295475 0.032869 0.954785
vn -0.778323 -0.246491 0.577456
vn 0.005219 -0.006866 0.999963
vn -0.138854 -0.053680 0.988857
vn -0.990449 -0.004089 0.137818
vn 0.005219 -0.006866 0.999963
vn -0.766901 0.047853 0.639979
vn -0.273377 -0.961579 0.025116
vn 0.032167 -0.662177 -0.748657
vn -0.186889 -0.955592 -0.227850
vn 0.135532 -0.948631 0.285886
vn -0.323886 -0.543523 0.774391
vn -0.127717 -0.394076 0.910161
vn -0.066437 -0.546844 0.834594
vn -0.243655 -0.127779 0.961408
vn -0.273377 -0.961579 0.025116
vn 0.179418 -0.447996 -0.875847
vn 0.032167 -0.662177 -0.748657
vn -0.323886 -0.543523 0.774391
vn -0.273377 -0.961579 0.025116
vn 0.135532 -0.948631 0.285886
vn 0.019745 -0.596430 0.802422
vn -0.323886 -0.543523 0.774391
vn 0.019745 -0.596430 0.802422
vn -0.042755 -0.407989 0.911985
vn -0.127717 -0.394076 0.910161
vn 0.019745 -0.596430 0.802422
vn 0.912676 -0.289700 0.288266
vn 0.683866 -0.538641 0.492132
vn -0.042755 -0.407989 0.911985
vn 0.135532 -0.948631 0.285886
vn -0.186889 -0.955592 -0.227850
vn -0.239165 -0.803738 0.544798
vn 0.135532 -0.948631 0.285886
vn -0.239165 -0.803738 0.544798
vn 0.694998 -0.124146 -0.708213
vn 0.135532 -0.948631 0.285886
vn 0.773527 -0.633640 0.012512
vn 0.912676 -0.289700 0.288266
vn 0.019745 -0.596430 0.802422
vn 0.135532 -0.948631 0.285886
vn 0.694998 -0.124146 -0.708213
vn 0.889430 -0.121948 -0.440503
vn 0.773527 -0.633640 0.012512
vn 0.889430 -0.121948 -0.440503
vn 0.500322 -0.773409 0.389253
vn 0.773527 -0.633640 0.012512
vn -0.778323 -0.246491 0.577456
vn -0.295475 0.032869 0.954785
vn -0.880398 0.396464 0.260222
vn -0.880398 0.396464 0.260222
vn -0.295475 0.032869 0.954785
vn -0.748480 0.088901 0.657171
vn -0.880398 0.396464 0.260222
vn -0.748480 0.088901 0.657171
vn -0.138397 0.311380 0.940154
vn -0.699860 0.713981 0.020691
vn -0.880398 0.396464 0.260222
vn -0.699860 0.713981 0.020691
vn -0.502649 0.492959 0.710166
vn -0.273377 -0.961579 0.025116
vn -0.867027 -0.432338 -0.247686
vn -0.374821 -0.680916 -0.629176
vn -0.282658 -0.816601 -0.503257
vn -0.273377 -0.961579 0.025116
vn -0.282658 -0.816601 -0.503257
vn -0.031464 -0.376500 -0.925882
vn 0.159520 -0.202148 -0.966276
vn -0.469852 -0.841620 0.266298
vn -0.031464 -0.376500 -0.925882
vn -0.282658 -0.816601 -0.503257
vn -0.867027 -0.432338 -0.247686
vn -0.724263 -0.563438 -0.397467
vn -0.374821 -0.680916 -0.629176
vn -0.867027 -0.432338 -0.247686
vn -0.544553 -0.188048 -0.817374
vn -0.724263 -0.563438 -0.397467
vn -0.867027 -0.432338 -0.247686
vn -0.850616 -0.114502 -0.513168
vn -0.873483 -0.199282 -0.444201
vn -0.544553 -0.188048 -0.817374
vn -0.778323 -0.246491 0.577456
vn -0.880398 0.396464 0.260222
vn -0.787262 0.323740 -0.524796
vn -0.867027 -0.432338 -0.247686
vn -0.867027 -0.432338 -0.247686
vn -0.787262 0.323740 -0.524796
vn -0.850616 -0.114502 -0.513168
vn -0.787262 0.323740 -0.524796
vn -0.912637 0.232035 -0.336531
vn -0.850616 -0.114502 -0.513168
vn -0.787262 0.323740 -0.524796
vn -0.106140 0.156285 -0.981993
vn -0.912637 0.232035 -0.336531
vn -0.351102 0.251471 -0.901937
vn -0.565407 0.610806 -0.554285
vn -0.106140 0.156285 -0.981993
vn -0.787262 0.323740 -0.524796
vn -0.880398 0.396464 0.260222
vn -0.502649 0.492959 0.710166
vn -0.203676 0.173529 0.963537
vn -0.455352 0.845147 0.279968
vn -0.880398 0.396464 0.260222
vn -0.455352 0.845147 0.279968
vn -0.389926 0.683436 -0.617149
vn -0.787262 0.323740 -0.524796
vn -0.455352 0.845147 0.279968
vn -0.203676 0.173529 0.963537
vn -0.503568 0.329385 0.798702
vn -0.444459 0.275858 0.852267
vn -0.455352 0.845147 0.279968
vn -0.444459 0.275858 0.852267
vn -0.022370 0.105961 0.994119
vn -0.389926 0.683436 -0.617149
vn -0.123596 0.078036 -0.989259
vn -0.351102 0.251471 -0.901937
vn -0.787262 0.323740 -0.524796
vn -0.455352 0.845147 0.279968
vn -0.022370 0.105961 0.994119
vn 0.009369 0.149085 0.988780
vn -0.389926 0.683436 -0.617149
vn -0.044495 0.208565 -0.976996
vn -0.123596 0.078036 -0.989259
vn -0.455352 0.845147 0.279968
vn 0.009369 0.149085 0.988780
vn 0.032472 0.187019 0.981820
vn 0.032472 0.187019 0.981820
vn -0.304414 0.880980 -0.362225
vn -0.174772 0.968429 0.177762
vn -0.455352 0.845147 0.279968
vn -0.455352 0.845147 0.279968
vn -0.174772 0.968429 0.177762
vn 0.031800 0.962390 0.269803
vn -0.309536 0.725050 -0.615215
vn -0.044495 0.208565 -0.976996
vn -0.286472 0.347153 -0.892983
vn -0.389926 0.683436 -0.617149
vn -0.455352 0.845147 0.279968
vn 0.000000 0.990427 -0.138037
vn 0.000000 0.761422 -0.648257
vn 0.000000 0.761422 -0.648257
vn -0.286472 0.347153 -0.892983
vn -0.044495 0.208565 -0.976996
vn -0.389926 0.683436 -0.617149
vn 0.000000 0.990427 -0.138037
vn -0.455352 0.845147 0.279968
vn 0.031800 0.962390 0.269803
vn 0.090946 0.975192 0.201814
vn 0.000000 0.990427 -0.138037
vn 0.090946 0.975192 0.201814
vn 0.017396 0.991677 -0.127568
vn -0.031952 0.997990 -0.054720
vn 0.000000 0.761422 -0.648257
vn -0.422579 0.867951 -0.260935
vn -0.286472 0.347153 -0.892983
vn 0.000000 0.761422 -0.648257
vn 0.000000 0.964693 -0.263376
vn -0.422579 0.867951 -0.260935
vn -0.019745 -0.596430 0.802422
vn 0.042756 -0.407989 0.911985
vn -0.683871 -0.538637 0.492128
vn -0.912676 -0.289699 0.288265
vn -0.099425 -0.892448 0.440059
vn -0.019745 -0.596430 0.802422
vn -0.912676 -0.289699 0.288265
vn -0.772039 -0.635014 0.026703
vn -0.099425 -0.892448 0.440059
vn -0.474734 -0.725864 0.497744
vn 0.260475 -0.965421 -0.010681
vn -0.099425 -0.892448 0.440059
vn -0.889431 -0.121948 -0.440502
vn -0.474734 -0.725864 0.497744
vn -0.099425 -0.892448 0.440059
vn -0.772039 -0.635014 0.026703
vn -0.605471 -0.795810 0.009583
vn -0.889431 -0.121948 -0.440502
vn -0.019745 -0.596430 0.802422
vn 0.323895 -0.543521 0.774388
vn 0.127721 -0.394075 0.910160
vn 0.042756 -0.407989 0.911985
vn -0.099425 -0.892448 0.440059
vn 0.260475 -0.965421 -0.010681
vn 0.164402 -0.917201 -0.362924
vn 0.272773 -0.961816 0.022461
vn -0.099425 -0.892448 0.440059
vn 0.272773 -0.961816 0.022461
vn 0.323895 -0.543521 0.774388
vn -0.019745 -0.596430 0.802422
vn 0.323895 -0.543521 0.774388
vn 0.283271 -0.197417 0.938501
vn 0.066439 -0.546844 0.834594
vn 0.127721 -0.394075 0.910160
vn 0.272773 -0.961816 0.022461
vn 0.164402 -0.917201 -0.362924
vn 0.076236 -0.883008 -0.463125
vn -0.198884 -0.209504 -0.957368
vn 0.272773 -0.961816 0.022461
vn -0.198884 -0.209504 -0.957368
vn -0.160891 -0.164736 -0.973127
vn 0.323895 -0.543521 0.774388
vn 0.192876 0.069154 0.978783
vn 0.283271 -0.197417 0.938501
vn 0.323895 -0.543521 0.774388
vn 0.784433 -0.249538 0.567799
vn 0.382699 -0.267088 0.884424
vn 0.192876 0.069154 0.978783
vn 0.784433 -0.249538 0.567799
vn 0.665359 -0.524074 0.531642
vn 0.382699 -0.267088 0.884424
vn 0.323895 -0.543521 0.774388
vn 0.272773 -0.961816 0.022461
vn 0.867026 -0.432340 -0.247687
vn 0.784433 -0.249538 0.567799
vn 0.784433 -0.249538 0.567799
vn 0.458203 0.071321 0.885982
vn 0.665359 -0.524074 0.531642
vn 0.784433 -0.249538 0.567799
vn 0.092930 0.015107 0.995558
vn 0.830877 0.042299 0.554847
vn 0.458203 0.071321 0.885982
vn -0.045745 -0.128264 0.990684
vn 0.970094 -0.020264 0.241883
vn 0.830877 0.042299 0.554847
vn 0.092930 0.015107 0.995558
vn 0.784433 -0.249538 0.567799
vn 0.295483 0.032869 0.954782
vn 0.092930 0.015107 0.995558
vn 0.784433 -0.249538 0.567799
vn 0.880397 0.396466 0.260223
vn 0.295483 0.032869 0.954782
vn 0.880397 0.396466 0.260223
vn 0.025422 0.136084 0.990371
vn 0.237464 0.300729 0.923674
vn 0.880397 0.396466 0.260223
vn 0.237464 0.300729 0.923674
vn 0.295483 0.032869 0.954782
vn 0.266582 0.284862 0.920754
vn 0.208135 0.304207 0.929590
vn 0.025422 0.136084 0.990371
vn 0.880397 0.396466 0.260223
vn 0.272773 -0.961816 0.022461
vn -0.160891 -0.164736 -0.973127
vn 0.031465 -0.376500 -0.925882
vn 0.282666 -0.816599 -0.503256
vn 0.031465 -0.376500 -0.925882
vn 0.466388 -0.845710 0.259340
vn 0.282666 -0.816599 -0.503256
vn 0.272773 -0.961816 0.022461
vn 0.282666 -0.816599 -0.503256
vn 0.432198 -0.806784 -0.402870
vn 0.867026 -0.432340 -0.247687
vn 0.867026 -0.432340 -0.247687
vn 0.432198 -0.806784 -0.402870
vn 0.748066 -0.616513 -0.245581
vn 0.867026 -0.432340 -0.247687
vn 0.748066 -0.616513 -0.245581
vn 0.682573 -0.184050 -0.707262
vn 0.867026 -0.432340 -0.247687
vn 0.682573 -0.184050 -0.707262
vn 0.918301 -0.188782 -0.347972
vn 0.864091 -0.013550 -0.503153
vn 0.000000 0.990427 -0.138037
vn -0.031952 0.997990 -0.054720
vn -0.017395 0.991677 -0.127568
vn -0.089966 0.919650 0.382296
vn 0.000000 0.761422 -0.648257
vn 0.372969 0.744747 -0.553395
vn 0.000000 0.964693 -0.263376
vn 0.000000 0.761422 -0.648257
vn 0.045107 0.207254 -0.977247
vn 0.476458 0.628228 -0.615075
vn 0.372969 0.744747 -0.553395
vn 0.455363 0.845141 0.279966
vn 0.000000 0.990427 -0.138037
vn -0.089966 0.919650 0.382296
vn -0.037445 0.959474 0.279298
vn 0.000000 0.990427 -0.138037
vn 0.455363 0.845141 0.279966
vn 0.398627 0.700512 -0.591929
vn 0.000000 0.761422 -0.648257
vn 0.476458 0.628228 -0.615075
vn 0.045107 0.207254 -0.977247
vn 0.368266 0.718190 -0.590409
vn 0.000000 0.761422 -0.648257
vn 0.398627 0.700512 -0.591929
vn 0.045107 0.207254 -0.977247
vn 0.455363 0.845141 0.279966
vn -0.037445 0.959474 0.279298
vn 0.294867 0.951740 -0.085115
vn 0.294867 0.951740 -0.085115
vn -0.025177 0.596614 0.802134
vn -0.032471 0.187019 0.981820
vn 0.455363 0.845141 0.279966
vn 0.455363 0.845141 0.279966
vn -0.032471 0.187019 0.981820
vn -0.009369 0.149085 0.988780
vn 0.784433 -0.249538 0.567799
vn 0.867026 -0.432340 -0.247687
vn 0.787259 0.323742 -0.524799
vn 0.880397 0.396466 0.260223
vn 0.867026 -0.432340 -0.247687
vn 0.864091 -0.013550 -0.503153
vn 0.787259 0.323742 -0.524799
vn 0.787259 0.323742 -0.524799
vn 0.864091 -0.013550 -0.503153
vn 0.688599 0.586941 -0.425831
vn 0.210184 0.431416 -0.877328
vn 0.561136 0.455604 -0.691051
vn 0.351111 0.251470 -0.901933
vn 0.787259 0.323742 -0.524799
vn 0.787259 0.323742 -0.524799
vn 0.688599 0.586941 -0.425831
vn 0.210184 0.431416 -0.877328
vn 0.455363 0.845141 0.279966
vn 0.090092 0.057497 0.994272
vn 0.536755 0.330604 0.776270
vn 0.492056 0.322096 0.808786
vn 0.455363 0.845141 0.279966
vn 0.492056 0.322096 0.808786
vn 0.466445 0.442366 0.765991
vn 0.880397 0.396466 0.260223
vn 0.787259 0.323742 -0.524799
vn 0.398627 0.700512 -0.591929
vn 0.455363 0.845141 0.279966
vn 0.351111 0.251470 -0.901933
vn 0.123600 0.078036 -0.989259
vn 0.398627 0.700512 -0.591929
vn 0.787259 0.323742 -0.524799
vn 0.455363 0.845141 0.279966
vn -0.009369 0.149085 0.988780
vn 0.090092 0.057497 0.994272
vn 0.398627 0.700512 -0.591929
vn 0.123600 0.078036 -0.989259
vn 0.045107 0.207254 -0.977247
vn 0.880397 0.396466 0.260223
vn 0.455363 0.845141 0.279966
vn 0.466445 0.442366 0.765991
vn 0.266582 0.284862 0.920754
vn -0.183564 -0.575197 0.797153
vn -0.108275 -0.547143 0.830007
vn -0.323948 -0.776773 0.540076
vn -0.229984 0.015748 0.973067
vn -0.183564 -0.575197 0.797153
vn -0.229984 0.015748 0.973067
vn -0.276334 -0.109587 0.954793
vn -0.696658 -0.271974 0.663851
vn -0.016144 -0.999580 0.024079
vn -0.014984 -0.713351 -0.700647
vn 0.265175 -0.250061 -0.931210
vn -0.016144 -0.999580 0.024079
vn -0.721777 -0.490025 -0.488788
vn -0.189151 -0.672954 -0.715091
vn 0.035402 -0.413821 -0.909670
vn -0.016144 -0.999580 0.024079
vn 0.035402 -0.413821 -0.909670
vn -0.014984 -0.713351 -0.700647
vn -0.696658 -0.271974 0.663851
vn -0.372438 -0.331117 0.866978
vn -0.259887 -0.190704 0.946621
vn -0.183564 -0.575197 0.797153
vn -0.696658 -0.271974 0.663851
vn -0.721777 -0.490025 -0.488788
vn -0.016144 -0.999580 0.024079
vn -0.276334 -0.109587 0.954793
vn -0.372438 -0.331117 0.866978
vn -0.696658 -0.271974 0.663851
vn -0.696658 -0.271974 0.663851
vn -0.259887 -0.190704 0.946621
vn -0.624242 0.042085 0.780097
vn -0.839906 0.359783 0.406342
vn -0.721777 -0.490025 -0.488788
vn -0.778325 -0.324160 -0.537709
vn -0.592011 -0.803254 -0.065615
vn -0.721777 -0.490025 -0.488788
vn -0.592011 -0.803254 -0.065615
vn -0.189151 -0.672954 -0.715091
vn -0.721777 -0.490025 -0.488788
vn -0.120973 -0.184236 -0.975409
vn -0.521054 -0.060608 -0.851369
vn -0.778325 -0.324160 -0.537709
vn -0.183564 -0.575197 0.797153
vn 0.077578 -0.540956 0.837465
vn -0.090546 -0.466647 0.879797
vn -0.108275 -0.547143 0.830007
vn -0.016144 -0.999580 0.024079
vn 0.265175 -0.250061 -0.931210
vn 0.265754 -0.909602 -0.319374
vn 0.361853 -0.924852 0.117094
vn -0.183564 -0.575197 0.797153
vn -0.016144 -0.999580 0.024079
vn 0.361853 -0.924852 0.117094
vn 0.077578 -0.540956 0.837465
vn 0.265754 -0.909602 -0.319374
vn 0.409216 -0.888902 0.205899
vn 0.361853 -0.924852 0.117094
vn -0.090546 -0.466647 0.879797
vn 0.077578 -0.540956 0.837465
vn 0.118412 -0.706149 0.698092
vn 0.077578 -0.540956 0.837465
vn 0.989823 -0.088683 0.111296
vn 0.662869 -0.584723 0.467657
vn 0.118412 -0.706149 0.698092
vn 0.361853 -0.924852 0.117094
vn 0.409216 -0.888902 0.205899
vn 0.989823 -0.088683 0.111296
vn 0.077578 -0.540956 0.837465
vn -0.624242 0.042085 0.780097
vn -0.491789 0.005860 0.870695
vn -0.839906 0.359783 0.406342
vn -0.624242 0.042085 0.780097
vn -0.968379 0.091769 0.231993
vn -0.491789 0.005860 0.870695
vn -0.839906 0.359783 0.406342
vn -0.491789 0.005860 0.870695
vn -0.353575 0.348184 0.868190
vn -0.491789 0.005860 0.870695
vn -0.968379 0.091769 0.231993
vn -0.022675 -0.867432 0.497040
vn -0.696658 -0.271974 0.663851
vn -0.839906 0.359783 0.406342
vn -0.836791 0.339976 -0.429181
vn -0.721777 -0.490025 -0.488788
vn -0.721777 -0.490025 -0.488788
vn -0.836791 0.339976 -0.429181
vn -0.120973 -0.184236 -0.975409
vn -0.120973 -0.184236 -0.975409
vn -0.431757 -0.896076 0.103118
vn -0.521054 -0.060608 -0.851369
vn -0.120973 -0.184236 -0.975409
vn -0.836791 0.339976 -0.429181
vn -0.617005 0.593403 -0.516893
vn -0.836791 0.339976 -0.429181
vn -0.422397 0.387710 -0.819306
vn -0.617005 0.593403 -0.516893
vn -0.839906 0.359783 0.406342
vn -0.353575 0.348184 0.868190
vn -0.376405 0.412550 0.829531
vn -0.473844 0.812888 0.338652
vn -0.646572 0.762837 0.004974
vn -0.625360 0.660292 0.415859
vn -0.473844 0.812888 0.338652
vn -0.376405 0.412550 0.829531
vn -0.839906 0.359783 0.406342
vn -0.473844 0.812888 0.338652
vn -0.467224 0.784783 -0.407208
vn -0.836791 0.339976 -0.429181
vn -0.836791 0.339976 -0.429181
vn -0.467224 0.784783 -0.407208
vn -0.383269 0.228400 -0.894952
vn -0.422397 0.387710 -0.819306
vn -0.422397 0.387710 -0.819306
vn -0.383269 0.228400 -0.894952
vn -0.830381 0.550003 -0.089236
vn -0.402277 0.318517 0.858324
vn -0.193054 0.129581 0.972594
vn -0.473844 0.812888 0.338652
vn -0.625360 0.660292 0.415859
vn -0.383269 0.228400 -0.894952
vn -0.467224 0.784783 -0.407208
vn -0.527008 0.660390 -0.534928
vn -0.527008 0.660390 -0.534928
vn -0.467224 0.784783 -0.407208
vn -0.204648 0.772444 -0.601207
vn -0.473844 0.812888 0.338652
vn -0.193054 0.129581 0.972594
vn -0.344482 0.344217 0.873411
vn -0.633676 0.532556 0.561105
vn -0.473844 0.812888 0.338652
vn -0.633676 0.532556 0.561105
vn -0.440429 0.836358 0.326385
vn -0.473844 0.812888 0.338652
vn -0.440429 0.836358 0.326385
vn -0.319979 0.890688 0.322939
vn -0.467224 0.784783 -0.407208
vn -0.064270 0.887966 -0.455397
vn -0.262239 0.649131 -0.714045
vn -0.204648 0.772444 -0.601207
vn -0.467224 0.784783 -0.407208
vn 0.061860 0.860980 -0.504863
vn -0.064270 0.887966 -0.455397
vn -0.473844 0.812888 0.338652
vn -0.319979 0.890688 0.322939
vn 0.000000 0.999648 0.026520
vn -0.467224 0.784783 -0.407208
vn -0.473844 0.812888 0.338652
vn 0.000000 0.999648 0.026520
vn 0.000000 0.986585 -0.163246
vn -0.467224 0.784783 -0.407208
vn 0.000000 0.986585 -0.163246
vn 0.061860 0.860980 -0.504863
vn -0.046539 0.969143 0.242065
vn -0.037079 0.993956 0.103332
vn 0.000000 0.999648 0.026520
vn -0.319979 0.890688 0.322939
vn 0.061860 0.860980 -0.504863
vn 0.000000 0.986585 -0.163246
vn 0.000946 0.922370 -0.386307
vn -0.125550 -0.602663 0.788058
vn 0.082430 -0.351012 0.932736
vn -0.662875 -0.584719 0.467653
vn -0.989823 -0.088683 0.111296
vn -0.350122 -0.921432 0.168454
vn -0.125550 -0.602663 0.788058
vn -0.989823 -0.088683 0.111296
vn -0.454928 -0.742405 -0.491808
vn -0.125550 -0.602663 0.788058
vn 0.185583 -0.562593 0.805635
vn 0.068514 -0.493562 0.867007
vn 0.082430 -0.351012 0.932736
vn -0.350122 -0.921432 0.168454
vn -0.454928 -0.742405 -0.491808
vn -0.265774 -0.909596 -0.319372
vn -0.019562 -0.992298 -0.122317
vn 0.068514 -0.493562 0.867007
vn 0.185583 -0.562593 0.805635
vn 0.049074 -0.660097 0.749575
vn -0.350122 -0.921432 0.168454
vn -0.019562 -0.992298 -0.122317
vn 0.185583 -0.562593 0.805635
vn -0.125550 -0.602663 0.788058
vn -0.265774 -0.909596 -0.319372
vn -0.375974 -0.767817 -0.518750
vn -0.019562 -0.992298 -0.122317
vn 0.185583 -0.562593 0.805635
vn 0.229990 0.015748 0.973065
vn 0.299445 -0.834222 0.463040
vn 0.049074 -0.660097 0.749575
vn -0.375974 -0.767817 -0.518750
vn 0.003266 -0.666239 -0.745731
vn -0.019562 -0.992298 -0.122317
vn 0.185583 -0.562593 0.805635
vn 0.696653 -0.271975 0.663855
vn 0.276342 -0.109587 0.954791
vn 0.229990 0.015748 0.973065
vn -0.019562 -0.992298 -0.122317
vn 0.003266 -0.666239 -0.745731
vn 0.097446 -0.684665 -0.722315
vn 0.242587 -0.690507 -0.681434
vn 0.276342 -0.109587 0.954791
vn 0.696653 -0.271975 0.663855
vn 0.372448 -0.331116 0.866974
vn 0.185583 -0.562593 0.805635
vn -0.019562 -0.992298 -0.122317
vn 0.730216 -0.490203 -0.475905
vn 0.696653 -0.271975 0.663855
vn 0.372448 -0.331116 0.866974
vn 0.696653 -0.271975 0.663855
vn 0.570329 -0.162231 0.805236
vn 0.696653 -0.271975 0.663855
vn 0.839905 0.359785 0.406344
vn 0.624254 0.042085 0.780087
vn 0.570329 -0.162231 0.805236
vn 0.242587 -0.690507 -0.681434
vn -0.010712 -0.330502 -0.943745
vn 0.730216 -0.490203 -0.475905
vn -0.019562 -0.992298 -0.122317
vn -0.010712 -0.330502 -0.943745
vn 0.641611 -0.124937 -0.756786
vn 0.730216 -0.490203 -0.475905
vn 0.730216 -0.490203 -0.475905
vn 0.641611 -0.124937 -0.756786
vn 0.639632 -0.054595 -0.766740
vn 0.213779 -0.078277 -0.973741
vn 0.000000 0.999648 0.026520
vn -0.037079 0.993956 0.103332
vn 0.047609 0.982189 0.181765
vn 0.282021 0.927058 0.247039
vn 0.000946 0.922370 -0.386307
vn 0.000000 0.986585 -0.163246
vn -0.038147 0.891025 -0.452349
vn 0.000000 0.999648 0.026520
vn 0.282021 0.927058 0.247039
vn 0.473832 0.812894 0.338655
vn 0.000000 0.986585 -0.163246
vn 0.487143 0.828069 -0.277478
vn -0.038147 0.891025 -0.452349
vn 0.000000 0.999648 0.026520
vn 0.473832 0.812894 0.338655
vn 0.487143 0.828069 -0.277478
vn 0.000000 0.986585 -0.163246
vn -0.038147 0.891025 -0.452349
vn 0.487143 0.828069 -0.277478
vn 0.064149 0.887991 -0.455364
vn 0.282021 0.927058 0.247039
vn 0.450541 0.833667 0.319394
vn 0.473832 0.812894 0.338655
vn 0.534265 0.447316 0.717265
vn 0.473832 0.812894 0.338655
vn 0.450541 0.833667 0.319394
vn 0.232551 0.813106 -0.533647
vn 0.064149 0.887991 -0.455364
vn 0.487143 0.828069 -0.277478
vn 0.204654 0.772443 -0.601206
vn 0.624254 0.042085 0.780087
vn 0.598989 0.316112 0.735721
vn 0.899367 0.160800 0.406549
vn 0.624254 0.042085 0.780087
vn 0.839905 0.359785 0.406344
vn 0.598989 0.316112 0.735721
vn 0.001221 -0.879669 0.475586
vn 0.899367 0.160800 0.406549
vn 0.598989 0.316112 0.735721
vn 0.598989 0.316112 0.735721
vn 0.839905 0.359785 0.406344
vn 0.353373 0.348002 0.868345
vn 0.639632 -0.054595 -0.766740
vn 0.431768 -0.896071 0.103117
vn 0.213779 -0.078277 -0.973741
vn 0.696653 -0.271975 0.663855
vn 0.730216 -0.490203 -0.475905
vn 0.813049 0.331067 -0.478900
vn 0.839905 0.359785 0.406344
vn 0.730216 -0.490203 -0.475905
vn 0.213779 -0.078277 -0.973741
vn 0.813049 0.331067 -0.478900
vn 0.651141 0.610399 -0.451032
vn 0.465617 0.427713 -0.774766
vn 0.813049 0.331067 -0.478900
vn 0.213779 -0.078277 -0.973741
vn 0.651141 0.610399 -0.451032
vn 0.813049 0.331067 -0.478900
vn 0.473832 0.812894 0.338655
vn 0.193030 0.129582 0.972599
vn 0.581230 0.503316 0.639410
vn 0.638749 0.709002 0.298857
vn 0.204654 0.772443 -0.601206
vn 0.487143 0.828069 -0.277478
vn 0.372419 0.242196 -0.895905
vn 0.618606 0.785693 0.003632
vn 0.336225 0.373885 0.864386
vn 0.473832 0.812894 0.338655
vn 0.638749 0.709002 0.298857
vn 0.839905 0.359785 0.406344
vn 0.813049 0.331067 -0.478900
vn 0.487143 0.828069 -0.277478
vn 0.473832 0.812894 0.338655
vn 0.633290 0.399396 -0.662893
vn 0.465617 0.427713 -0.774766
vn 0.751096 0.637352 -0.172156
vn 0.813049 0.331067 -0.478900
vn 0.465617 0.427713 -0.774766
vn 0.633290 0.399396 -0.662893
vn 0.372419 0.242196 -0.895905
vn 0.813049 0.331067 -0.478900
vn 0.372419 0.242196 -0.895905
vn 0.487143 0.828069 -0.277478
vn 0.695368 0.649834 0.306886
vn 0.193030 0.129582 0.972599
vn 0.473832 0.812894 0.338655
vn 0.534265 0.447316 0.717265
vn 0.336225 0.373885 0.864386
vn 0.353373 0.348002 0.868345
vn 0.839905 0.359785 0.406344
vn 0.473832 0.812894 0.338655
vn -0.076570 -0.684397 0.725078
vn -0.650514 -0.340791 0.678743
vn -0.543262 -0.558551 -0.626806
vn 0.193762 -0.966492 -0.168371
vn -0.076570 -0.684397 0.725078
vn -0.251865 -0.082063 0.964277
vn -0.272740 -0.312932 0.909773
vn -0.650514 -0.340791 0.678743
vn -0.076570 -0.684397 0.725078
vn -0.087709 -0.458504 0.884354
vn -0.251865 -0.082063 0.964277
vn 0.193762 -0.966492 -0.168371
vn 0.056796 -0.820018 -0.569513
vn 0.354927 -0.297544 -0.886281
vn -0.650514 -0.340791 0.678743
vn -0.290403 0.197789 0.936240
vn -0.291142 -0.001831 0.956678
vn -0.650514 -0.340791 0.678743
vn -0.272740 -0.312932 0.909773
vn -0.288516 -0.627966 0.722785
vn -0.290403 0.197789 0.936240
vn -0.650514 -0.340791 0.678743
vn -0.291142 -0.001831 0.956678
vn -0.353857 0.040285 0.934432
vn -0.831709 0.369738 0.414191
vn 0.193762 -0.966492 -0.168371
vn -0.543262 -0.558551 -0.626806
vn 0.208016 -0.288608 -0.934577
vn 0.056796 -0.820018 -0.569513
vn -0.543262 -0.558551 -0.626806
vn 0.045960 -0.442196 -0.895740
vn 0.208016 -0.288608 -0.934577
vn -0.543262 -0.558551 -0.626806
vn -0.190582 -0.086945 -0.977813
vn 0.045960 -0.442196 -0.895740
vn -0.543262 -0.558551 -0.626806
vn -0.808799 0.338141 -0.481150
vn -0.188200 -0.051238 -0.980793
vn -0.190582 -0.086945 -0.977813
vn -0.076570 -0.684397 0.725078
vn 0.136295 -0.653836 0.744259
vn -0.091035 -0.499027 0.861792
vn -0.087709 -0.458504 0.884354
vn 0.193762 -0.966492 -0.168371
vn 0.354927 -0.297544 -0.886281
vn 0.428137 -0.727069 -0.536720
vn 0.512771 -0.830107 -0.219061
vn -0.076570 -0.684397 0.725078
vn 0.193762 -0.966492 -0.168371
vn 0.512771 -0.830107 -0.219061
vn 0.136295 -0.653836 0.744259
vn -0.091035 -0.499027 0.861792
vn 0.136295 -0.653836 0.744259
vn 0.666826 -0.721065 0.188170
vn 0.136295 -0.653836 0.744259
vn 0.512771 -0.830107 -0.219061
vn 0.986808 -0.136565 0.086944
vn 0.666826 -0.721065 0.188170
vn 0.220834 -0.941903 0.253084
vn 0.256903 -0.066253 -0.964164
vn 0.512771 -0.830107 -0.219061
vn 0.428137 -0.727069 -0.536720
vn 0.986808 -0.136565 0.086944
vn 0.512771 -0.830107 -0.219061
vn 0.256903 -0.066253 -0.964164
vn -0.353857 0.040285 0.934432
vn -0.602845 0.208808 0.770051
vn -0.831709 0.369738 0.414191
vn -0.831709 0.369738 0.414191
vn -0.602845 0.208808 0.770051
vn -0.279910 0.229593 0.932168
vn -0.831709 0.369738 0.414191
vn -0.279910 0.229593 0.932168
vn -0.551304 0.483478 0.679936
vn -0.380160 0.019288 0.924720
vn -0.551304 0.483478 0.679936
vn -0.782739 0.620101 0.052856
vn -0.103486 -0.775645 0.622628
vn -0.380160 0.019288 0.924720
vn -0.380160 0.019288 0.924720
vn -0.611932 0.750289 0.250211
vn -0.513938 0.846233 0.140562
vn -0.831709 0.369738 0.414191
vn -0.650514 -0.340791 0.678743
vn -0.831709 0.369738 0.414191
vn -0.808799 0.338141 -0.481150
vn -0.543262 -0.558551 -0.626806
vn -0.188200 -0.051238 -0.980793
vn -0.808799 0.338141 -0.481150
vn -0.033935 -0.055359 -0.997890
vn -0.808799 0.338141 -0.481150
vn 0.039246 -0.877495 -0.477977
vn -0.150879 -0.010559 -0.988496
vn -0.033935 -0.055359 -0.997890
vn -0.808799 0.338141 -0.481150
vn -0.591885 0.544783 -0.594040
vn 0.039246 -0.877495 -0.477977
vn -0.150879 -0.010559 -0.988496
vn 0.039246 -0.877495 -0.477977
vn -0.022186 -0.968720 0.247162
vn -0.315948 -0.784515 -0.533585
vn -0.591885 0.544783 -0.594040
vn -0.808799 0.338141 -0.481150
vn -0.497933 0.821450 -0.277998
vn -0.116303 0.135747 -0.983893
vn -0.831709 0.369738 0.414191
vn -0.513938 0.846233 0.140562
vn -0.497933 0.821450 -0.277998
vn -0.808799 0.338141 -0.481150
vn -0.542324 0.636733 -0.548139
vn -0.116303 0.135747 -0.983893
vn -0.497933 0.821450 -0.277998
vn -0.433081 0.471609 -0.768131
vn -0.611932 0.750289 0.250211
vn -0.556701 0.830590 0.014313
vn -0.513938 0.846233 0.140562
vn -0.556701 0.830590 0.014313
vn -0.419948 0.882891 0.210111
vn -0.513938 0.846233 0.140562
vn -0.433081 0.471609 -0.768131
vn -0.497933 0.821450 -0.277998
vn -0.466277 0.862328 -0.197424
vn -0.419948 0.882891 0.210111
vn -0.293091 0.910796 0.290772
vn -0.513938 0.846233 0.140562
vn -0.497933 0.821450 -0.277998
vn -0.269166 0.935701 -0.228066
vn -0.466277 0.862328 -0.197424
vn -0.513938 0.846233 0.140562
vn -0.293091 0.910796 0.290772
vn 0.000000 0.995413 0.095672
vn -0.497933 0.821450 -0.277998
vn 0.000000 0.999724 0.023498
vn -0.269166 0.935701 -0.228066
vn -0.497933 0.821450 -0.277998
vn -0.513938 0.846233 0.140562
vn 0.000000 0.995413 0.095672
vn 0.000000 0.999724 0.023498
vn -0.025513 0.901817 0.431364
vn 0.004303 0.919773 0.392428
vn 0.000000 0.995413 0.095672
vn -0.293091 0.910796 0.290772
vn -0.269166 0.935701 -0.228066
vn 0.000000 0.999724 0.023498
vn 0.014496 0.964718 -0.262886
vn -0.205506 -0.727145 0.655002
vn -0.110505 -0.412266 0.904337
vn -0.986808 -0.136565 0.086944
vn -0.512760 -0.830114 -0.219063
vn -0.986808 -0.136565 0.086944
vn -0.256895 -0.066253 -0.964166
vn -0.512760 -0.830114 -0.219063
vn -0.512760 -0.830114 -0.219063
vn -0.256895 -0.066253 -0.964166
vn -0.244630 -0.966374 -0.079226
vn -0.428151 -0.727064 -0.536716
vn -0.205506 -0.727145 0.655002
vn 0.081332 -0.671386 0.736632
vn 0.064180 -0.530759 0.845089
vn -0.110505 -0.412266 0.904337
vn -0.512760 -0.830114 -0.219063
vn -0.428151 -0.727064 -0.536716
vn -0.433199 -0.781222 -0.449478
vn -0.193756 -0.966494 -0.168371
vn 0.064180 -0.530759 0.845089
vn 0.081332 -0.671386 0.736632
vn 0.003082 -0.773499 0.633790
vn -0.512760 -0.830114 -0.219063
vn -0.193756 -0.966494 -0.168371
vn 0.081332 -0.671386 0.736632
vn -0.205506 -0.727145 0.655002
vn 0.081332 -0.671386 0.736632
vn 0.241613 -0.387997 0.889427
vn 0.003082 -0.773499 0.633790
vn -0.433199 -0.781222 -0.449478
vn -0.177825 -0.640745 -0.746877
vn -0.193756 -0.966494 -0.168371
vn 0.081332 -0.671386 0.736632
vn 0.650526 -0.340786 0.678735
vn 0.276073 -0.255068 0.926674
vn 0.241613 -0.387997 0.889427
vn 0.081332 -0.671386 0.736632
vn -0.193756 -0.966494 -0.168371
vn 0.543263 -0.558566 -0.626793
vn 0.650526 -0.340786 0.678735
vn 0.300548 -0.607760 0.735050
vn 0.276073 -0.255068 0.926674
vn 0.650526 -0.340786 0.678735
vn 0.290411 0.197788 0.936238
vn 0.290411 0.197788 0.936238
vn 0.650526 -0.340786 0.678735
vn 0.291150 -0.001831 0.956676
vn 0.291150 -0.001831 0.956676
vn 0.650526 -0.340786 0.678735
vn 0.830890 0.369362 0.416165
vn 0.353866 0.040285 0.934428
vn -0.193756 -0.966494 -0.168371
vn -0.177825 -0.640745 -0.746877
vn -0.020355 -0.775568 -0.630935
vn 0.543263 -0.558566 -0.626793
vn -0.020355 -0.775568 -0.630935
vn 0.241496 -0.936717 -0.253459
vn 0.543263 -0.558566 -0.626793
vn 0.241496 -0.936717 -0.253459
vn 0.190588 -0.086945 -0.977812
vn 0.543263 -0.558566 -0.626793
vn 0.543263 -0.558566 -0.626793
vn 0.190588 -0.086945 -0.977812
vn 0.188176 -0.051239 -0.980798
vn 0.808797 0.338143 -0.481152
vn 0.000000 0.995413 0.095672
vn 0.004303 0.919773 0.392428
vn 0.024568 0.874328 0.484713
vn 0.224371 0.931756 0.285460
vn 0.014496 0.964718 -0.262886
vn 0.000000 0.999724 0.023498
vn 0.318369 0.914639 -0.249153
vn 0.000000 0.995413 0.095672
vn 0.224371 0.931756 0.285460
vn 0.513927 0.846240 0.140563
vn 0.000000 0.999724 0.023498
vn 0.497945 0.821444 -0.277996
vn 0.318369 0.914639 -0.249153
vn 0.224371 0.931756 0.285460
vn 0.419959 0.882886 0.210110
vn 0.513927 0.846240 0.140563
vn 0.000000 0.995413 0.095672
vn 0.513927 0.846240 0.140563
vn 0.497945 0.821444 -0.277996
vn 0.000000 0.999724 0.023498
vn 0.318369 0.914639 -0.249153
vn 0.497945 0.821444 -0.277996
vn 0.470499 0.860796 -0.194065
vn 0.353866 0.040285 0.934428
vn 0.830890 0.369362 0.416165
vn 0.602837 0.208809 0.770056
vn 0.736563 0.672871 -0.068697
vn 0.270579 0.221383 0.936897
vn 0.083406 -0.429593 0.899163
vn 0.906969 0.195042 0.373317
vn 0.270579 0.221383 0.936897
vn 0.602837 0.208809 0.770056
vn 0.830890 0.369362 0.416165
vn 0.270579 0.221383 0.936897
vn 0.830890 0.369362 0.416165
vn 0.403430 0.220378 0.888075
vn 0.083406 -0.429593 0.899163
vn 0.403430 0.220378 0.888075
vn 0.830890 0.369362 0.416165
vn 0.513927 0.846240 0.140563
vn 0.611924 0.750295 0.250213
vn 0.650526 -0.340786 0.678735
vn 0.543263 -0.558566 -0.626793
vn 0.808797 0.338143 -0.481152
vn 0.830890 0.369362 0.416165
vn 0.188176 -0.051239 -0.980798
vn 0.033936 -0.055359 -0.997890
vn 0.808797 0.338143 -0.481152
vn 0.150884 -0.010559 -0.988495
vn 0.315957 -0.784512 -0.533584
vn 0.025727 -0.987392 0.156188
vn -0.028106 -0.967765 -0.250280
vn 0.150884 -0.010559 -0.988495
vn -0.028106 -0.967765 -0.250280
vn 0.808797 0.338143 -0.481152
vn 0.033936 -0.055359 -0.997890
vn -0.028106 -0.967765 -0.250280
vn 0.206790 -0.733203 -0.647805
vn 0.808797 0.338143 -0.481152
vn 0.611924 0.750295 0.250213
vn 0.513927 0.846240 0.140563
vn 0.556712 0.830582 0.014313
vn 0.830890 0.369362 0.416165
vn 0.808797 0.338143 -0.481152
vn 0.497945 0.821444 -0.277996
vn 0.513927 0.846240 0.140563
vn 0.345592 0.360241 -0.866483
vn 0.487206 0.603636 -0.631073
vn 0.579180 0.630176 -0.517136
vn 0.497945 0.821444 -0.277996
vn 0.419959 0.882886 0.210110
vn 0.556712 0.830582 0.014313
vn 0.513927 0.846240 0.140563
vn 0.470499 0.860796 -0.194065
vn 0.497945 0.821444 -0.277996
vn 0.579180 0.630176 -0.517136
vn 0.497945 0.821444 -0.277996
vn 0.808797 0.338143 -0.481152
vn 0.206790 -0.733203 -0.647805
vn 0.345592 0.360241 -0.866483
vn -0.016602 -0.308841 0.950969
vn -0.278141 -0.603555 0.747234
vn -0.252228 -0.041016 0.966798
vn -0.142181 -0.379913 0.914030
vn 0.160496 -0.806362 -0.569229
vn -0.272740 -0.312932 0.909773
vn -0.251865 -0.082063 0.964277
vn -0.087709 -0.458504 0.884354
vn -0.270874 -0.205200 0.940489
vn -0.323215 -0.010407 0.946268
vn -0.215088 -0.924346 0.315155
vn -0.270874 -0.205200 0.940489
vn -0.801358 0.022950 0.597745
vn -0.323215 -0.010407 0.946268
vn -0.470970 -0.113646 -0.874798
vn -0.719373 -0.676983 0.155551
vn 0.070650 -0.679528 -0.730240
vn 0.070650 -0.679528 -0.730240
vn -0.719373 -0.676983 0.155551
vn 0.227425 -0.424868 -0.876222
vn -0.719373 -0.676983 0.155551
vn -0.291142 -0.001831 0.956678
vn -0.290403 0.197789 0.936240
vn -0.288516 -0.627966 0.722785
vn -0.719373 -0.676983 0.155551
vn -0.958102 0.284433 -0.033754
vn -0.353857 0.040285 0.934432
vn -0.291142 -0.001831 0.956678
vn -0.016602 -0.308841 0.950969
vn -0.270874 -0.205200 0.940489
vn -0.215088 -0.924346 0.315155
vn -0.278141 -0.603555 0.747234
vn 0.160496 -0.806362 -0.569229
vn 0.227425 -0.424868 -0.876222
vn -0.719373 -0.676983 0.155551
vn 0.160496 -0.806362 -0.569229
vn -0.719373 -0.676983 0.155551
vn -0.288516 -0.627966 0.722785
vn -0.272740 -0.312932 0.909773
vn 0.056796 -0.820018 -0.569513
vn -0.816311 -0.529722 0.230285
vn -0.323948 -0.776773 0.540076
vn -0.108275 -0.547143 0.830007
vn -0.323948 -0.776773 0.540076
vn -0.816311 -0.529722 0.230285
vn -0.276334 -0.109587 0.954793
vn -0.229984 0.015748 0.973067
vn -0.181610 -0.822294 0.539305
vn -0.189151 -0.672954 -0.715091
vn -0.406218 -0.305480 0.861202
vn -0.300105 -0.159147 0.940537
vn -0.181610 -0.822294 0.539305
vn -0.300105 -0.159147 0.940537
vn -0.243655 -0.127779 0.961408
vn -0.014984 -0.713351 -0.700647
vn 0.035402 -0.413821 -0.909670
vn -0.181610 -0.822294 0.539305
vn -0.190582 -0.086945 -0.977813
vn -0.816311 -0.529722 0.230285
vn 0.045960 -0.442196 -0.895740
vn -0.816311 -0.529722 0.230285
vn 0.208016 -0.288608 -0.934577
vn 0.045960 -0.442196 -0.895740
vn -0.816311 -0.529722 0.230285
vn -0.259887 -0.190704 0.946621
vn -0.372438 -0.331117 0.866978
vn -0.276334 -0.109587 0.954793
vn -0.816311 -0.529722 0.230285
vn -0.624242 0.042085 0.780097
vn -0.259887 -0.190704 0.946621
vn -0.778325 -0.324160 -0.537709
vn -0.766901 0.047853 0.639979
vn -0.535405 0.066317 0.841988
vn -0.716771 -0.397158 0.573154
vn -0.778325 -0.324160 -0.537709
vn -0.899315 -0.102050 0.425228
vn -0.990449 -0.004089 0.137818
vn -0.766901 0.047853 0.639979
vn 0.056796 -0.820018 -0.569513
vn 0.208016 -0.288608 -0.934577
vn -0.816311 -0.529722 0.230285
vn -0.592011 -0.803254 -0.065615
vn -0.406218 -0.305480 0.861202
vn -0.189151 -0.672954 -0.715091
vn -0.778325 -0.324160 -0.537709
vn -0.716771 -0.397158 0.573154
vn -0.406218 -0.305480 0.861202
vn -0.592011 -0.803254 -0.065615
vn -0.181610 -0.822294 0.539305
vn 0.035402 -0.413821 -0.909670
vn -0.189151 -0.672954 -0.715091
vn -0.016602 -0.308841 0.950969
vn -0.002777 -0.689511 0.724270
vn -0.041138 -0.048828 0.997960
vn 0.366558 -0.555909 -0.746056
vn 0.000000 -0.999718 -0.023743
vn 0.306498 -0.602785 -0.736688
vn -0.016602 -0.308841 0.950969
vn -0.142181 -0.379913 0.914030
vn -0.172273 -0.268344 0.947794
vn -0.002777 -0.689511 0.724270
vn 0.160496 -0.806362 -0.569229
vn -0.087709 -0.458504 0.884354
vn 0.426036 -0.626706 -0.652482
vn -0.087709 -0.458504 0.884354
vn -0.091035 -0.499027 0.861792
vn 0.366558 -0.555909 -0.746056
vn 0.426036 -0.626706 -0.652482
vn 0.306498 -0.602785 -0.736688
vn 0.000000 -0.999718 -0.023743
vn 0.000000 -0.551183 -0.834384
vn -0.091035 -0.499027 0.861792
vn 0.666826 -0.721065 0.188170
vn 0.000000 -0.999718 -0.023743
vn 0.366558 -0.555909 -0.746056
vn 0.666826 -0.721065 0.188170
vn 0.986808 -0.136565 0.086944
vn 0.256903 -0.066253 -0.964164
vn 0.000000 -0.999718 -0.023743
vn 0.256903 -0.066253 -0.964164
vn 0.000000 -0.846291 0.532720
vn 0.000000 -0.999718 -0.023743
vn 0.220834 -0.941903 0.253084
vn 0.000000 -0.846291 0.532720
vn 0.256903 -0.066253 -0.964164
vn 0.220834 -0.941903 0.253084
vn -0.090546 -0.466647 0.879797
vn 0.118412 -0.706149 0.698092
vn 0.000000 -0.846291 0.532720
vn -0.016602 -0.308841 0.950969
vn -0.014954 0.028230 0.999490
vn -0.270874 -0.205200 0.940489
vn -0.016602 -0.308841 0.950969
vn -0.041138 -0.048828 0.997960
vn -0.014954 0.028230 0.999490
vn 0.004669 -0.013672 0.999896
vn 0.014435 -0.048065 0.998740
vn -0.014954 0.028230 0.999490
vn -0.041138 -0.048828 0.997960
vn 0.056796 -0.820018 -0.569513
vn -0.108275 -0.547143 0.830007
vn 0.354927 -0.297544 -0.886281
vn -0.108275 -0.547143 0.830007
vn 0.428137 -0.727069 -0.536720
vn 0.354927 -0.297544 -0.886281
vn -0.108275 -0.547143 0.830007
vn -0.090546 -0.466647 0.879797
vn 0.220834 -0.941903 0.253084
vn 0.428137 -0.727069 -0.536720
vn -0.014984 -0.713351 -0.700647
vn -0.181610 -0.822294 0.539305
vn 0.265175 -0.250061 -0.931210
vn -0.181610 -0.822294 0.539305
vn 0.265754 -0.909602 -0.319374
vn 0.265175 -0.250061 -0.931210
vn -0.066437 -0.546844 0.834594
vn -0.127717 -0.394076 0.910161
vn 0.265754 -0.909602 -0.319374
vn -0.181610 -0.822294 0.539305
vn -0.181610 -0.822294 0.539305
vn -0.243655 -0.127779 0.961408
vn -0.066437 -0.546844 0.834594
vn 0.118412 -0.706149 0.698092
vn 0.662869 -0.584723 0.467657
vn 0.000000 -0.767007 0.641639
vn 0.000000 -0.846291 0.532720
vn 0.989823 -0.088683 0.111296
vn 0.409216 -0.888902 0.205899
vn 0.000000 -0.767007 0.641639
vn 0.662869 -0.584723 0.467657
vn 0.409216 -0.888902 0.205899
vn -0.042755 -0.407989 0.911985
vn 0.000000 -0.747564 0.664190
vn 0.000000 -0.767007 0.641639
vn 0.265754 -0.909602 -0.319374
vn -0.127717 -0.394076 0.910161
vn -0.042755 -0.407989 0.911985
vn 0.409216 -0.888902 0.205899
vn 0.000000 -0.747564 0.664190
vn -0.042755 -0.407989 0.911985
vn 0.683866 -0.538641 0.492132
vn 0.000000 -0.747564 0.664190
vn 0.683866 -0.538641 0.492132
vn 0.912676 -0.289700 0.288266
vn 0.000000 -0.825295 0.564703
vn 0.000000 -0.825295 0.564703
vn 0.912676 -0.289700 0.288266
vn 0.773527 -0.633640 0.012512
vn 0.000000 -0.825295 0.564703
vn 0.773527 -0.633640 0.012512
vn 0.500322 -0.773409 0.389253
vn 0.400528 -0.719671 0.567143
vn -0.270874 -0.205200 0.940489
vn -0.519223 0.209081 0.828669
vn -0.878933 0.476301 0.024780
vn -0.801358 0.022950 0.597745
vn -0.801358 0.022950 0.597745
vn -0.878933 0.476301 0.024780
vn -0.075103 0.056672 0.995564
vn -0.075103 0.056672 0.995564
vn -0.878933 0.476301 0.024780
vn -0.070770 0.060823 0.995637
vn -0.878933 0.476301 0.024780
vn -0.160552 0.120059 0.979698
vn -0.075531 0.041566 0.996277
vn -0.070770 0.060823 0.995637
vn -0.470970 -0.113646 -0.874798
vn -0.516604 -0.037415 -0.855407
vn -0.958102 0.284433 -0.033754
vn -0.719373 -0.676983 0.155551
vn -0.353857 0.040285 0.934432
vn -0.958102 0.284433 -0.033754
vn -0.602845 0.208808 0.770051
vn -0.420802 -0.043395 -0.906114
vn -0.468477 0.284922 -0.836271
vn -0.958102 0.284433 -0.033754
vn -0.516604 -0.037415 -0.855407
vn -0.958102 0.284433 -0.033754
vn -0.551304 0.483478 0.679936
vn -0.279910 0.229593 0.932168
vn -0.602845 0.208808 0.770051
vn -0.270874 -0.205200 0.940489
vn -0.014954 0.028230 0.999490
vn -0.519223 0.209081 0.828669
vn -0.468477 0.284922 -0.836271
vn -0.742668 0.655439 -0.137271
vn -0.759920 0.648306 -0.047121
vn -0.958102 0.284433 -0.033754
vn -0.551304 0.483478 0.679936
vn -0.958102 0.284433 -0.033754
vn -0.759920 0.648306 -0.047121
vn -0.782739 0.620101 0.052856
vn -0.519223 0.209081 0.828669
vn -0.470363 0.733719 0.490321
vn -0.668056 0.743120 0.038391
vn -0.878933 0.476301 0.024780
vn -0.160552 0.120059 0.979698
vn -0.878933 0.476301 0.024780
vn -0.668056 0.743120 0.038391
vn -0.385260 0.246868 0.889174
vn -0.385260 0.246868 0.889174
vn -0.668056 0.743120 0.038391
vn -0.199954 -0.479255 0.854596
vn -0.668056 0.743120 0.038391
vn -0.380769 0.596822 0.706271
vn -0.199954 -0.479255 0.854596
vn -0.816311 -0.529722 0.230285
vn -0.190582 -0.086945 -0.977813
vn -0.188200 -0.051238 -0.980793
vn -0.997591 0.068453 -0.011231
vn -0.816311 -0.529722 0.230285
vn -0.997591 0.068453 -0.011231
vn -0.968379 0.091769 0.231993
vn -0.624242 0.042085 0.780097
vn -0.033935 -0.055359 -0.997890
vn -0.150879 -0.010559 -0.988496
vn -0.997591 0.068453 -0.011231
vn -0.188200 -0.051238 -0.980793
vn -0.150879 -0.010559 -0.988496
vn -0.315948 -0.784515 -0.533585
vn -0.961651 0.259533 0.088716
vn -0.997591 0.068453 -0.011231
vn -0.997591 0.068453 -0.011231
vn -0.961651 0.259533 0.088716
vn -0.319703 -0.802797 0.503297
vn -0.968379 0.091769 0.231993
vn -0.968379 0.091769 0.231993
vn -0.319703 -0.802797 0.503297
vn -0.022675 -0.867432 0.497040
vn -0.521054 -0.060608 -0.851369
vn -0.850259 -0.415227 0.323490
vn -0.899315 -0.102050 0.425228
vn -0.778325 -0.324160 -0.537709
vn -0.521054 -0.060608 -0.851369
vn -0.431757 -0.896076 0.103118
vn -0.850259 -0.415227 0.323490
vn -0.803703 0.591382 -0.065797
vn -0.503568 0.329385 0.798702
vn -0.203676 0.173529 0.963537
vn -0.672300 0.727834 -0.135166
vn -0.193054 0.129581 0.972594
vn -0.402277 0.318517 0.858324
vn -0.672300 0.727834 -0.135166
vn -0.344482 0.344217 0.873411
vn -0.193054 0.129581 0.972594
vn -0.803703 0.591382 -0.065797
vn -0.830381 0.550003 -0.089236
vn -0.383269 0.228400 -0.894952
vn -0.754490 0.654869 -0.043489
vn -0.383269 0.228400 -0.894952
vn -0.527008 0.660390 -0.534928
vn -0.754490 0.654869 -0.043489
vn -0.803703 0.591382 -0.065797
vn -0.754490 0.654869 -0.043489
vn -0.444459 0.275858 0.852267
vn -0.503568 0.329385 0.798702
vn -0.519223 0.209081 0.828669
vn -0.014954 0.028230 0.999490
vn -0.470363 0.733719 0.490321
vn -0.470363 0.733719 0.490321
vn -0.190978 0.799399 0.569639
vn -0.260223 0.872433 0.413696
vn -0.470363 0.733719 0.490321
vn -0.260223 0.872433 0.413696
vn -0.380769 0.596822 0.706271
vn -0.668056 0.743120 0.038391
vn -0.190978 0.799399 0.569639
vn -0.470363 0.733719 0.490321
vn -0.014954 0.028230 0.999490
vn -0.146088 0.868405 0.473847
vn -0.146088 0.868405 0.473847
vn -0.014954 0.028230 0.999490
vn 0.153538 0.922906 0.353087
vn -0.204648 0.772444 -0.601207
vn -0.296876 0.919922 -0.256142
vn -0.754490 0.654869 -0.043489
vn -0.527008 0.660390 -0.534928
vn -0.204648 0.772444 -0.601207
vn -0.262239 0.649131 -0.714045
vn -0.296876 0.919922 -0.256142
vn -0.387480 -0.880734 0.272338
vn -0.031464 -0.376500 -0.925882
vn -0.469852 -0.841620 0.266298
vn -0.498382 -0.801299 0.330963
vn -0.387480 -0.880734 0.272338
vn 0.159520 -0.202148 -0.966276
vn -0.031464 -0.376500 -0.925882
vn -0.387480 -0.880734 0.272338
vn -0.498382 -0.801299 0.330963
vn -0.293796 -0.211397 0.932199
vn -0.220918 -0.582186 -0.782467
vn -0.617610 -0.020721 -0.786212
vn -0.420953 0.031434 -0.906538
vn 0.174414 -0.806280 -0.565237
vn 0.301309 -0.825286 -0.477614
vn -0.220918 -0.582186 -0.782467
vn -0.420953 0.031434 -0.906538
vn -0.420953 0.031434 -0.906538
vn -0.278624 0.157231 -0.947442
vn -0.055389 -0.383300 -0.921962
vn -0.293606 -0.848929 0.439448
vn 0.179418 -0.447996 -0.875847
vn 0.159520 -0.202148 -0.966276
vn -0.387480 -0.880734 0.272338
vn -0.293606 -0.848929 0.439448
vn 0.032167 -0.662177 -0.748657
vn 0.179418 -0.447996 -0.875847
vn -0.387480 -0.880734 0.272338
vn -0.293796 -0.211397 0.932199
vn -0.335688 -0.533957 0.776018
vn -0.293606 -0.848929 0.439448
vn 0.400528 -0.719671 0.567143
vn 0.070162 -0.303954 0.950100
vn 0.758043 -0.435330 0.485653
vn 0.400528 -0.719671 0.567143
vn 0.758043 -0.435330 0.485653
vn 0.000000 -0.825295 0.564703
vn 0.870204 -0.429504 0.241394
vn -0.017242 -0.983972 0.177489
vn 0.000000 -0.825295 0.564703
vn 0.758043 -0.435330 0.485653
vn 0.870204 -0.429504 0.241394
vn 0.326335 -0.685792 -0.650534
vn -0.017242 -0.983972 0.177489
vn 0.739410 -0.653205 0.163087
vn -0.017242 -0.983972 0.177489
vn 0.326335 -0.685792 -0.650534
vn 0.823347 -0.434641 -0.364948
vn 0.739410 -0.653205 0.163087
vn 0.415968 -0.786348 0.456758
vn 0.739458 -0.670589 0.059265
vn -0.017242 -0.983972 0.177489
vn 0.739458 -0.670589 0.059265
vn 0.845001 -0.533847 -0.031312
vn -0.011322 -0.811125 -0.584764
vn -0.017242 -0.983972 0.177489
vn 0.845001 -0.533847 -0.031312
vn 0.871384 -0.447718 -0.200596
vn -0.011322 -0.811125 -0.584764
vn 0.871384 -0.447718 -0.200596
vn 0.073458 -0.545291 -0.835022
vn -0.011322 -0.811125 -0.584764
vn 0.073458 -0.545291 -0.835022
vn 0.803071 -0.344302 -0.486347
vn 0.485363 -0.512325 -0.708482
vn -0.011322 -0.811125 -0.584764
vn 0.174414 -0.806280 -0.565237
vn -0.420953 0.031434 -0.906538
vn -0.055389 -0.383300 -0.921962
vn 0.174414 -0.806280 -0.565237
vn -0.055389 -0.383300 -0.921962
vn 0.519951 -0.833629 -0.186318
vn 0.301309 -0.825286 -0.477614
vn 0.485363 -0.512325 -0.708482
vn 0.010315 -0.567599 -0.823241
vn -0.011322 -0.811125 -0.584764
vn 0.088596 -0.551704 -0.829321
vn -0.081116 -0.860752 -0.502520
vn 0.010315 -0.567599 -0.823241
vn 0.485363 -0.512325 -0.708482
vn 0.519951 -0.833629 -0.186318
vn -0.055389 -0.383300 -0.921962
vn 0.418989 -0.683838 -0.597339
vn 0.489945 -0.532471 -0.690238
vn 0.418989 -0.683838 -0.597339
vn -0.081116 -0.860752 -0.502520
vn 0.259405 -0.512660 -0.818468
vn 0.418989 -0.683838 -0.597339
vn -0.055389 -0.383300 -0.921962
vn -0.081116 -0.860752 -0.502520
vn 0.088596 -0.551704 -0.829321
vn 0.259405 -0.512660 -0.818468
vn -0.081116 -0.860752 -0.502520
vn -0.174348 0.132848 -0.975682
vn -0.207181 0.274998 -0.938857
vn -0.055389 -0.383300 -0.921962
vn -0.278624 0.157231 -0.947442
vn -0.162903 0.038942 -0.985873
vn -0.193725 0.266242 -0.944238
vn -0.055389 -0.383300 -0.921962
vn -0.207181 0.274998 -0.938857
vn -0.689887 0.703550 -0.170509
vn -0.512107 0.775492 -0.369268
vn -0.607402 0.609282 0.509744
vn -0.138062 0.215980 0.966588
vn -0.689887 0.703550 -0.170509
vn -0.565407 0.610806 -0.554285
vn -0.351102 0.251471 -0.901937
vn -0.512107 0.775492 -0.369268
vn -0.754490 0.654869 -0.043489
vn -0.022370 0.105961 0.994119
vn -0.444459 0.275858 0.852267
vn -0.607402 0.609282 0.509744
vn -0.512107 0.775492 -0.369268
vn -0.287662 0.590723 0.753854
vn -0.512107 0.775492 -0.369268
vn -0.351102 0.251471 -0.901937
vn -0.123596 0.078036 -0.989259
vn -0.693411 0.709210 0.127287
vn -0.392029 0.631795 -0.668692
vn -0.075135 -0.082551 -0.993751
vn -0.534573 0.741077 0.406248
vn -0.693411 0.709210 0.127287
vn -0.534573 0.741077 0.406248
vn -0.528344 0.577769 0.622123
vn -0.680087 0.546100 0.489138
vn -0.075135 -0.082551 -0.993751
vn -0.045746 -0.105377 -0.993380
vn -0.534573 0.741077 0.406248
vn -0.617610 -0.020721 -0.786212
vn -0.717837 -0.070923 -0.692589
vn -0.278624 0.157231 -0.947442
vn -0.420953 0.031434 -0.906538
vn -0.717837 -0.070923 -0.692589
vn -0.831516 0.259897 -0.490953
vn -0.278624 0.157231 -0.947442
vn -0.988606 0.144992 -0.040437
vn -0.278624 0.157231 -0.947442
vn -0.831516 0.259897 -0.490953
vn -0.988606 0.144992 -0.040437
vn -0.883479 -0.061187 -0.464458
vn -0.278624 0.157231 -0.947442
vn -0.883479 -0.061187 -0.464458
vn -0.147616 -0.054109 -0.987564
vn -0.278624 0.157231 -0.947442
vn -0.278624 0.157231 -0.947442
vn -0.147616 -0.054109 -0.987564
vn -0.174348 0.132848 -0.975682
vn -0.371860 0.012879 -0.928199
vn -0.449620 0.541312 -0.710509
vn -0.706825 0.702665 -0.081607
vn -0.371860 0.012879 -0.928199
vn -0.706825 0.702665 -0.081607
vn -0.413977 0.530328 0.739848
vn -0.740022 0.654348 -0.155553
vn -0.754490 0.654869 -0.043489
vn -0.296876 0.919922 -0.256142
vn 0.009369 0.149085 0.988780
vn -0.022370 0.105961 0.994119
vn -0.512107 0.775492 -0.369268
vn -0.123596 0.078036 -0.989259
vn -0.044495 0.208565 -0.976996
vn -0.296876 0.919922 -0.256142
vn -0.304414 0.880980 -0.362225
vn 0.032472 0.187019 0.981820
vn 0.009369 0.149085 0.988780
vn -0.512107 0.775492 -0.369268
vn -0.044495 0.208565 -0.976996
vn -0.309536 0.725050 -0.615215
vn -0.390831 0.790475 -0.471593
vn -0.512107 0.775492 -0.369268
vn -0.390831 0.790475 -0.471593
vn -0.204378 0.874728 -0.439409
vn -0.512107 0.775492 -0.369268
vn -0.015045 0.292639 0.956105
vn 0.010956 0.102084 0.994715
vn -0.287662 0.590723 0.753854
vn -0.045746 -0.105377 -0.993380
vn 0.013489 0.846989 0.531439
vn -0.534573 0.741077 0.406248
vn 0.013489 0.846989 0.531439
vn -0.045044 0.185218 -0.981665
vn -0.290373 0.672533 0.680722
vn -0.534573 0.741077 0.406248
vn -0.534573 0.741077 0.406248
vn -0.057068 0.312570 0.948179
vn -0.037842 0.223062 0.974069
vn -0.528344 0.577769 0.622123
vn -0.204378 0.874728 -0.439409
vn -0.235535 0.965057 -0.114841
vn -0.015045 0.292639 0.956105
vn -0.512107 0.775492 -0.369268
vn -0.045044 0.185218 -0.981665
vn -0.367704 0.553846 -0.747027
vn -0.290373 0.672533 0.680722
vn -0.193725 0.266242 -0.944238
vn -0.258640 0.142157 -0.955456
vn -0.055389 -0.383300 -0.921962
vn -0.449620 0.541312 -0.710509
vn -0.030884 0.484298 0.874358
vn 0.023194 0.405629 0.913744
vn -0.706825 0.702665 -0.081607
vn -0.092469 0.408099 -0.908243
vn -0.153536 0.923622 -0.351211
vn -0.030884 0.484298 0.874358
vn -0.449620 0.541312 -0.710509
vn -0.290373 0.672533 0.680722
vn -0.144806 0.675834 0.722689
vn -0.057068 0.312570 0.948179
vn -0.534573 0.741077 0.406248
vn -0.092469 0.408099 -0.908243
vn -0.199553 0.792073 -0.576888
vn -0.253819 0.885998 -0.388050
vn -0.153536 0.923622 -0.351211
vn -0.258640 0.142157 -0.955456
vn -0.152495 0.038789 -0.987543
vn 0.003967 0.104708 -0.994495
vn -0.055389 -0.383300 -0.921962
vn -0.051727 0.021363 -0.998433
vn 0.003967 0.104708 -0.994495
vn -0.152495 0.038789 -0.987543
vn -0.051727 0.021363 -0.998433
vn -0.053009 0.036348 -0.997932
vn 0.003967 0.104708 -0.994495
vn -0.053009 0.036348 -0.997932
vn 0.044130 0.027344 -0.998652
vn 0.003967 0.104708 -0.994495
vn 0.000000 -0.551183 -0.834384
vn 0.000000 -0.999718 -0.023743
vn -0.306490 -0.602786 -0.736690
vn 0.000000 -0.999718 -0.023743
vn -0.110505 -0.412266 0.904337
vn 0.064180 -0.530759 0.845089
vn -0.282199 -0.241916 -0.928354
vn -0.110505 -0.412266 0.904337
vn 0.000000 -0.999718 -0.023743
vn -0.256895 -0.066253 -0.964166
vn -0.986808 -0.136565 0.086944
vn 0.000000 -0.999718 -0.023743
vn 0.000000 -0.846291 0.532720
vn -0.256895 -0.066253 -0.964166
vn -0.256895 -0.066253 -0.964166
vn 0.000000 -0.846291 0.532720
vn -0.244630 -0.966374 -0.079226
vn -0.244630 -0.966374 -0.079226
vn 0.000000 -0.846291 0.532720
vn 0.082430 -0.351012 0.932736
vn 0.068514 -0.493562 0.867007
vn -0.244630 -0.966374 -0.079226
vn 0.068514 -0.493562 0.867007
vn -0.428151 -0.727064 -0.536716
vn 0.000000 -0.999718 -0.023743
vn -0.282199 -0.241916 -0.928354
vn -0.306490 -0.602786 -0.736690
vn -0.025238 0.375347 -0.926541
vn -0.023529 0.388352 -0.921211
vn 0.412913 -0.284025 0.865351
vn 0.027283 -0.058502 0.997914
vn -0.023529 0.388352 -0.921211
vn 0.074007 -0.086974 0.993458
vn 0.412913 -0.284025 0.865351
vn 0.064180 -0.530759 0.845089
vn -0.426026 -0.626709 -0.652486
vn -0.282199 -0.241916 -0.928354
vn 0.172279 -0.268344 0.947793
vn 0.142185 -0.379912 0.914030
vn -0.041779 -0.946473 0.320069
vn 0.016114 -0.412997 0.910590
vn 0.074007 -0.086974 0.993458
vn 0.016114 -0.412997 0.910590
vn -0.041779 -0.946473 0.320069
vn 0.412913 -0.284025 0.865351
vn 0.064180 -0.530759 0.845089
vn 0.003082 -0.773499 0.633790
vn -0.326294 -0.806061 -0.493759
vn -0.426026 -0.626709 -0.652486
vn 0.082430 -0.351012 0.932736
vn 0.000000 -0.846291 0.532720
vn 0.000000 -0.767007 0.641639
vn -0.662875 -0.584719 0.467653
vn 0.000000 -0.767007 0.641639
vn -0.454928 -0.742405 -0.491808
vn -0.989823 -0.088683 0.111296
vn -0.662875 -0.584719 0.467653
vn -0.454928 -0.742405 -0.491808
vn 0.000000 -0.767007 0.641639
vn 0.000000 -0.747564 0.664190
vn 0.042756 -0.407989 0.911985
vn -0.454928 -0.742405 -0.491808
vn 0.042756 -0.407989 0.911985
vn 0.127721 -0.394075 0.910160
vn -0.265774 -0.909596 -0.319372
vn 0.000000 -0.747564 0.664190
vn -0.683871 -0.538637 0.492128
vn 0.042756 -0.407989 0.911985
vn 0.000000 -0.747564 0.664190
vn 0.000000 -0.825295 0.564703
vn -0.912676 -0.289699 0.288265
vn -0.683871 -0.538637 0.492128
vn 0.000000 -0.825295 0.564703
vn -0.772039 -0.635014 0.026703
vn -0.912676 -0.289699 0.288265
vn -0.400518 -0.719675 0.567146
vn -0.605471 -0.795810 0.009583
vn -0.772039 -0.635014 0.026703
vn 0.000000 -0.825295 0.564703
vn -0.433199 -0.781222 -0.449478
vn -0.428151 -0.727064 -0.536716
vn 0.068514 -0.493562 0.867007
vn 0.049074 -0.660097 0.749575
vn -0.433199 -0.781222 -0.449478
vn 0.049074 -0.660097 0.749575
vn -0.177825 -0.640745 -0.746877
vn -0.265774 -0.909596 -0.319372
vn 0.127721 -0.394075 0.910160
vn 0.066439 -0.546844 0.834594
vn 0.291729 -0.835303 0.466007
vn 0.291729 -0.835303 0.466007
vn 0.066439 -0.546844 0.834594
vn 0.283271 -0.197417 0.938501
vn -0.265774 -0.909596 -0.319372
vn 0.291729 -0.835303 0.466007
vn -0.375974 -0.767817 -0.518750
vn -0.375974 -0.767817 -0.518750
vn 0.291729 -0.835303 0.466007
vn 0.003266 -0.666239 -0.745731
vn -0.041779 -0.946473 0.320069
vn 0.142185 -0.379912 0.914030
vn 0.252235 -0.041016 0.966796
vn 0.278149 -0.603554 0.747232
vn 0.003082 -0.773499 0.633790
vn 0.241613 -0.387997 0.889427
vn -0.119202 -0.795688 -0.593862
vn -0.326294 -0.806061 -0.493759
vn 0.241613 -0.387997 0.889427
vn 0.276073 -0.255068 0.926674
vn -0.119202 -0.795688 -0.593862
vn 0.027283 -0.058502 0.997914
vn 0.412913 -0.284025 0.865351
vn 0.408453 0.144747 0.901230
vn 0.278149 -0.603554 0.747232
vn 0.215065 -0.924350 0.315156
vn 0.412913 -0.284025 0.865351
vn -0.041779 -0.946473 0.320069
vn 0.412913 -0.284025 0.865351
vn 0.215065 -0.924350 0.315156
vn 0.323224 -0.010407 0.946265
vn 0.412913 -0.284025 0.865351
vn 0.323224 -0.010407 0.946265
vn 0.801355 0.022950 0.597748
vn -0.119202 -0.795688 -0.593862
vn 0.846803 -0.519504 0.114198
vn -0.070648 -0.679528 -0.730240
vn -0.070648 -0.679528 -0.730240
vn 0.846803 -0.519504 0.114198
vn 0.470957 -0.113646 -0.874805
vn -0.119202 -0.795688 -0.593862
vn 0.276073 -0.255068 0.926674
vn 0.300548 -0.607760 0.735050
vn 0.846803 -0.519504 0.114198
vn 0.846803 -0.519504 0.114198
vn 0.300548 -0.607760 0.735050
vn 0.290411 0.197788 0.936238
vn 0.291150 -0.001831 0.956676
vn 0.291150 -0.001831 0.956676
vn 0.353866 0.040285 0.934428
vn 0.958101 0.284433 -0.033754
vn 0.846803 -0.519504 0.114198
vn -0.177825 -0.640745 -0.746877
vn 0.049074 -0.660097 0.749575
vn 0.299445 -0.834222 0.463040
vn -0.020355 -0.775568 -0.630935
vn 0.299445 -0.834222 0.463040
vn 0.229990 0.015748 0.973065
vn 0.276342 -0.109587 0.954791
vn 0.834865 -0.519043 0.183289
vn 0.291729 -0.835303 0.466007
vn 0.283271 -0.197417 0.938501
vn 0.192876 0.069154 0.978783
vn 0.382699 -0.267088 0.884424
vn 0.003266 -0.666239 -0.745731
vn 0.291729 -0.835303 0.466007
vn 0.097446 -0.684665 -0.722315
vn 0.291729 -0.835303 0.466007
vn 0.242587 -0.690507 -0.681434
vn 0.097446 -0.684665 -0.722315
vn 0.291729 -0.835303 0.466007
vn 0.382699 -0.267088 0.884424
vn 0.665359 -0.524074 0.531642
vn 0.242587 -0.690507 -0.681434
vn -0.020355 -0.775568 -0.630935
vn 0.299445 -0.834222 0.463040
vn 0.834865 -0.519043 0.183289
vn 0.241496 -0.936717 -0.253459
vn 0.241496 -0.936717 -0.253459
vn 0.834865 -0.519043 0.183289
vn 0.190588 -0.086945 -0.977812
vn 0.834865 -0.519043 0.183289
vn 0.276342 -0.109587 0.954791
vn 0.372448 -0.331116 0.866974
vn 0.570329 -0.162231 0.805236
vn 0.834865 -0.519043 0.183289
vn 0.570329 -0.162231 0.805236
vn 0.624254 0.042085 0.780087
vn 0.998010 0.062227 -0.010193
vn 0.242587 -0.690507 -0.681434
vn 0.665359 -0.524074 0.531642
vn -0.010712 -0.330502 -0.943745
vn -0.010712 -0.330502 -0.943745
vn 0.665359 -0.524074 0.531642
vn 0.641611 -0.124937 -0.756786
vn 0.641611 -0.124937 -0.756786
vn 0.665359 -0.524074 0.531642
vn 0.458203 0.071321 0.885982
vn 0.830877 0.042299 0.554847
vn 0.639632 -0.054595 -0.766740
vn 0.641611 -0.124937 -0.756786
vn 0.830877 0.042299 0.554847
vn 0.970094 -0.020264 0.241883
vn 0.014435 -0.048065 0.998740
vn 0.022309 -0.061401 0.997864
vn 0.237463 0.306587 0.921746
vn -0.014954 0.028230 0.999490
vn 0.022309 -0.061401 0.997864
vn 0.027283 -0.058502 0.997914
vn 0.408453 0.144747 0.901230
vn 0.237463 0.306587 0.921746
vn -0.014954 0.028230 0.999490
vn 0.237463 0.306587 0.921746
vn 0.146092 0.868405 0.473847
vn 0.153538 0.922906 0.353087
vn 0.259285 0.870997 0.417297
vn 0.188025 0.843227 0.503602
vn 0.237463 0.306587 0.921746
vn 0.293009 0.771419 0.564852
vn 0.146092 0.868405 0.473847
vn 0.237463 0.306587 0.921746
vn 0.188025 0.843227 0.503602
vn 0.232551 0.813106 -0.533647
vn 0.204654 0.772443 -0.601206
vn 0.721771 0.688567 -0.070163
vn 0.268316 0.923635 -0.273688
vn 0.204654 0.772443 -0.601206
vn 0.372419 0.242196 -0.895905
vn 0.721771 0.688567 -0.070163
vn 0.730006 0.682519 0.035492
vn 0.881988 0.470628 0.024628
vn 0.113498 0.075624 0.990656
vn 0.160833 0.120365 0.979615
vn 0.412913 -0.284025 0.865351
vn 0.801355 0.022950 0.597748
vn 0.881988 0.470628 0.024628
vn 0.408453 0.144747 0.901230
vn 0.801355 0.022950 0.597748
vn 0.075105 0.056672 0.995564
vn 0.881988 0.470628 0.024628
vn 0.075105 0.056672 0.995564
vn 0.066225 0.056765 0.996189
vn 0.881988 0.470628 0.024628
vn 0.113498 0.075624 0.990656
vn 0.881988 0.470628 0.024628
vn 0.066225 0.056765 0.996189
vn 0.846803 -0.519504 0.114198
vn 0.958101 0.284433 -0.033754
vn 0.516615 -0.037414 -0.855400
vn 0.470957 -0.113646 -0.874805
vn 0.353866 0.040285 0.934428
vn 0.602837 0.208809 0.770056
vn 0.958101 0.284433 -0.033754
vn 0.420787 -0.043396 -0.906121
vn 0.516615 -0.037414 -0.855400
vn 0.958101 0.284433 -0.033754
vn 0.657525 0.401412 -0.637596
vn 0.958101 0.284433 -0.033754
vn 0.884574 0.436534 0.164214
vn 0.564257 0.484176 -0.668721
vn 0.657525 0.401412 -0.637596
vn 0.958101 0.284433 -0.033754
vn 0.602837 0.208809 0.770056
vn 0.270579 0.221383 0.936897
vn 0.736563 0.672871 -0.068697
vn 0.884574 0.436534 0.164214
vn 0.958101 0.284433 -0.033754
vn 0.736563 0.672871 -0.068697
vn 0.906969 0.195042 0.373317
vn 0.408453 0.144747 0.901230
vn 0.881988 0.470628 0.024628
vn 0.730006 0.682519 0.035492
vn 0.237463 0.306587 0.921746
vn 0.237463 0.306587 0.921746
vn 0.730006 0.682519 0.035492
vn 0.293009 0.771419 0.564852
vn 0.308236 0.167271 0.936489
vn 0.565195 -0.093596 0.819630
vn 0.730006 0.682519 0.035492
vn 0.160833 0.120365 0.979615
vn 0.293009 0.771419 0.564852
vn 0.730006 0.682519 0.035492
vn 0.565195 -0.093596 0.819630
vn 0.796385 0.595359 -0.106388
vn 0.466445 0.442366 0.765991
vn 0.492056 0.322096 0.808786
vn 0.834865 -0.519043 0.183289
vn 0.998010 0.062227 -0.010193
vn 0.188176 -0.051239 -0.980798
vn 0.190588 -0.086945 -0.977812
vn 0.624254 0.042085 0.780087
vn 0.899367 0.160800 0.406549
vn 0.998010 0.062227 -0.010193
vn 0.033936 -0.055359 -0.997890
vn 0.188176 -0.051239 -0.980798
vn 0.998010 0.062227 -0.010193
vn 0.150884 -0.010559 -0.988495
vn 0.315957 -0.784512 -0.533584
vn 0.150884 -0.010559 -0.988495
vn 0.998010 0.062227 -0.010193
vn 0.961651 0.259533 0.088716
vn 0.998010 0.062227 -0.010193
vn 0.899367 0.160800 0.406549
vn 0.611500 -0.627259 0.482300
vn 0.961651 0.259533 0.088716
vn 0.611500 -0.627259 0.482300
vn 0.899367 0.160800 0.406549
vn 0.001221 -0.879669 0.475586
vn 0.617307 -0.620615 0.483497
vn 0.639632 -0.054595 -0.766740
vn 0.970094 -0.020264 0.241883
vn 0.621359 -0.205354 0.756137
vn 0.639632 -0.054595 -0.766740
vn 0.617307 -0.620615 0.483497
vn 0.431768 -0.896071 0.103117
vn 0.739984 0.671775 0.033814
vn 0.581230 0.503316 0.639410
vn 0.193030 0.129582 0.972599
vn 0.695368 0.649834 0.306886
vn 0.739984 0.671775 0.033814
vn 0.193030 0.129582 0.972599
vn 0.372419 0.242196 -0.895905
vn 0.633290 0.399396 -0.662893
vn 0.796385 0.595359 -0.106388
vn 0.721771 0.688567 -0.070163
vn 0.633290 0.399396 -0.662893
vn 0.751096 0.637352 -0.172156
vn 0.796385 0.595359 -0.106388
vn 0.796385 0.595359 -0.106388
vn 0.492056 0.322096 0.808786
vn 0.536755 0.330604 0.776270
vn 0.721771 0.688567 -0.070163
vn 0.000000 -0.825295 0.564703
vn -0.758046 -0.435327 0.485650
vn -0.400518 -0.719675 0.567146
vn 0.000000 -0.825295 0.564703
vn -0.017242 -0.983972 0.177489
vn -0.870205 -0.429503 0.241393
vn -0.758046 -0.435327 0.485650
vn -0.758046 -0.435327 0.485650
vn -0.070160 -0.303954 0.950100
vn -0.400518 -0.719675 0.567146
vn -0.870205 -0.429503 0.241393
vn -0.017242 -0.983972 0.177489
vn -0.326353 -0.685788 -0.650530
vn -0.017242 -0.983972 0.177489
vn -0.515844 -0.852731 0.082185
vn -0.428038 -0.614560 -0.662646
vn -0.326353 -0.685788 -0.650530
vn -0.515844 -0.852731 0.082185
vn -0.017242 -0.983972 0.177489
vn -0.011322 -0.811125 -0.584764
vn -0.732034 -0.679238 0.052552
vn -0.515844 -0.852731 0.082185
vn -0.732034 -0.679238 0.052552
vn -0.941941 -0.169614 0.289790
vn -0.011322 -0.811125 -0.584764
vn -0.006531 -0.727885 -0.685669
vn -0.954948 -0.296659 -0.008209
vn -0.732034 -0.679238 0.052552
vn -0.011322 -0.811125 -0.584764
vn 0.010315 -0.567599 -0.823241
vn 0.008759 -0.559356 -0.828881
vn -0.006531 -0.727885 -0.685669
vn 0.294692 -0.848435 0.439675
vn 0.372694 -0.884374 0.281038
vn -0.198884 -0.209504 -0.957368
vn 0.076236 -0.883008 -0.463125
vn 0.335670 -0.533960 0.776023
vn 0.293804 -0.211397 0.932197
vn 0.372694 -0.884374 0.281038
vn 0.294692 -0.848435 0.439675
vn -0.814703 -0.335055 -0.473284
vn 0.008759 -0.559356 -0.828881
vn 0.010315 -0.567599 -0.823241
vn -0.609405 -0.466827 -0.640858
vn 0.010315 -0.567599 -0.823241
vn -0.081116 -0.860752 -0.502520
vn -0.132631 -0.476935 -0.868874
vn -0.609405 -0.466827 -0.640858
vn -0.132631 -0.476935 -0.868874
vn -0.081116 -0.860752 -0.502520
vn -0.259397 -0.512661 -0.818469
vn -0.081116 -0.860752 -0.502520
vn -0.382051 -0.627413 -0.678520
vn -0.259397 -0.512661 -0.818469
vn -0.055389 -0.383300 -0.921962
vn -0.451664 -0.751928 -0.480212
vn -0.382051 -0.627413 -0.678520
vn -0.081116 -0.860752 -0.502520
vn -0.055389 -0.383300 -0.921962
vn 0.062716 -0.255341 -0.964815
vn -0.531501 -0.819132 -0.215707
vn -0.451664 -0.751928 -0.480212
vn -0.531501 -0.819132 -0.215707
vn 0.062716 -0.255341 -0.964815
vn -0.062377 -0.660273 -0.748430
vn 0.372694 -0.884374 0.281038
vn -0.160891 -0.164736 -0.973127
vn -0.198884 -0.209504 -0.957368
vn 0.372694 -0.884374 0.281038
vn 0.031465 -0.376500 -0.925882
vn -0.160891 -0.164736 -0.973127
vn 0.372694 -0.884374 0.281038
vn 0.507274 -0.727655 0.461727
vn 0.466388 -0.845710 0.259340
vn 0.031465 -0.376500 -0.925882
vn 0.372694 -0.884374 0.281038
vn 0.293804 -0.211397 0.932197
vn 0.507274 -0.727655 0.461727
vn -0.062377 -0.660273 -0.748430
vn 0.062716 -0.255341 -0.964815
vn 0.387032 0.040833 -0.921162
vn 0.220924 -0.582185 -0.782466
vn 0.220924 -0.582185 -0.782466
vn 0.387032 0.040833 -0.921162
vn 0.617603 -0.020721 -0.786217
vn 0.220218 0.817057 -0.532843
vn 0.523429 0.768008 -0.369034
vn 0.181767 0.878806 -0.441204
vn 0.268316 0.923635 -0.273688
vn -0.009369 0.149085 0.988780
vn -0.032471 0.187019 0.981820
vn -0.025177 0.596614 0.802134
vn 0.721771 0.688567 -0.070163
vn 0.090092 0.057497 0.994272
vn -0.009369 0.149085 0.988780
vn 0.268316 0.923635 -0.273688
vn 0.220218 0.817057 -0.532843
vn 0.368266 0.718190 -0.590409
vn 0.045107 0.207254 -0.977247
vn 0.523429 0.768008 -0.369034
vn 0.523429 0.768008 -0.369034
vn 0.045107 0.207254 -0.977247
vn 0.123600 0.078036 -0.989259
vn 0.029756 0.995648 0.088319
vn 0.523429 0.768008 -0.369034
vn 0.338447 0.530194 0.777398
vn 0.016633 0.254375 0.966963
vn 0.181767 0.878806 -0.441204
vn 0.523429 0.768008 -0.369034
vn 0.029756 0.995648 0.088319
vn 0.365311 0.703308 0.609841
vn 0.046419 0.154454 -0.986909
vn 0.106633 0.732299 0.672583
vn 0.365311 0.703308 0.609841
vn 0.106633 0.732299 0.672583
vn 0.569690 0.742943 0.351410
vn 0.052217 0.319831 0.946035
vn 0.106633 0.732299 0.672583
vn 0.045747 -0.105377 -0.993380
vn 0.569690 0.742943 0.351410
vn 0.037843 0.223062 0.974069
vn 0.052217 0.319831 0.946035
vn 0.569690 0.742943 0.351410
vn 0.528333 0.577773 0.622128
vn 0.181767 0.878806 -0.441204
vn 0.016633 0.254375 0.966963
vn 0.369147 0.840470 0.396663
vn 0.365311 0.703308 0.609841
vn 0.301403 0.469714 -0.829774
vn 0.046419 0.154454 -0.986909
vn -0.055389 -0.383300 -0.921962
vn 0.304914 0.214426 -0.927927
vn 0.267981 0.263830 -0.926596
vn 0.062716 -0.255341 -0.964815
vn -0.055389 -0.383300 -0.921962
vn 0.003967 0.104708 -0.994495
vn 0.361039 0.087406 -0.928446
vn 0.304914 0.214426 -0.927927
vn 0.062716 -0.255341 -0.964815
vn 0.267981 0.263830 -0.926596
vn 0.276587 0.249181 -0.928121
vn 0.387032 0.040833 -0.921162
vn 0.361039 0.087406 -0.928446
vn 0.003967 0.104708 -0.994495
vn 0.032197 0.012879 -0.999399
vn 0.044130 0.027344 -0.998652
vn 0.053011 0.036348 -0.997932
vn 0.003967 0.104708 -0.994495
vn 0.032197 0.012879 -0.999399
vn 0.003967 0.104708 -0.994495
vn -0.002350 -0.010529 -0.999942
vn 0.003967 0.104708 -0.994495
vn 0.044405 0.014435 -0.998909
vn -0.002350 -0.010529 -0.999942
vn 0.003967 0.104708 -0.994495
vn 0.053011 0.036348 -0.997932
vn 0.050477 0.018708 -0.998550
vn 0.003967 0.104708 -0.994495
vn 0.050477 0.018708 -0.998550
vn 0.044405 0.014435 -0.998909
vn 0.097843 0.489246 -0.866640
vn 0.047487 0.604328 0.795319
vn -0.045990 0.209845 0.976653
vn 0.112675 0.935914 -0.333721
vn 0.097843 0.489246 -0.866640
vn 0.593681 0.431840 -0.679012
vn 0.680679 0.723069 0.117675
vn 0.047487 0.604328 0.795319
vn 0.365311 0.703308 0.609841
vn 0.052217 0.319831 0.946035
vn 0.200630 0.557883 0.805304
vn 0.253820 0.886003 -0.388038
vn 0.088259 0.806145 -0.585100
vn 0.097843 0.489246 -0.866640
vn 0.112675 0.935914 -0.333721
vn 0.488538 0.512830 0.705929
vn 0.523429 0.768008 -0.369034
vn 0.702414 0.687338 -0.184881
vn 0.516648 0.662587 0.542267
vn 0.721771 0.688567 -0.070163
vn 0.536755 0.330604 0.776270
vn 0.090092 0.057497 0.994272
vn 0.488538 0.512830 0.705929
vn 0.338447 0.530194 0.777398
vn 0.523429 0.768008 -0.369034
vn 0.523429 0.768008 -0.369034
vn 0.123600 0.078036 -0.989259
vn 0.351111 0.251470 -0.901933
vn 0.523429 0.768008 -0.369034
vn 0.351111 0.251470 -0.901933
vn 0.561136 0.455604 -0.691051
vn 0.702414 0.687338 -0.184881
vn 0.732934 0.676444 0.072327
vn 0.569690 0.742943 0.351410
vn 0.075137 -0.082551 -0.993750
vn 0.501019 0.784687 -0.365030
vn 0.075137 -0.082551 -0.993750
vn 0.569690 0.742943 0.351410
vn 0.045747 -0.105377 -0.993380
vn 0.680082 0.546104 0.489141
vn 0.528333 0.577773 0.622128
vn 0.569690 0.742943 0.351410
vn 0.732934 0.676444 0.072327
vn 0.387032 0.040833 -0.921162
vn 0.276587 0.249181 -0.928121
vn 0.114505 0.071626 -0.990837
vn 0.138004 0.093111 -0.986045
vn 0.387032 0.040833 -0.921162
vn 0.138004 0.093111 -0.986045
vn 0.134586 0.084017 -0.987334
vn 0.292096 0.096409 -0.951517
vn 0.134586 0.084017 -0.987334
vn 0.130009 -0.056549 -0.989899
vn 0.292096 0.096409 -0.951517
vn 0.130009 -0.056549 -0.989899
vn 0.156285 -0.088562 -0.983734
vn 0.292096 0.096409 -0.951517
vn 0.617603 -0.020721 -0.786217
vn 0.387032 0.040833 -0.921162
vn 0.292096 0.096409 -0.951517
vn 0.717833 -0.070924 -0.692594
vn 0.717833 -0.070924 -0.692594
vn 0.292096 0.096409 -0.951517
vn 0.831514 0.259898 -0.490955
vn 0.883478 -0.061188 -0.464460
vn 0.292096 0.096409 -0.951517
vn 0.156285 -0.088562 -0.983734
vn 0.988606 0.144992 -0.040437
vn 0.292096 0.096409 -0.951517
vn 0.883478 -0.061188 -0.464460
vn 0.988606 0.144992 -0.040437
vn 0.831514 0.259898 -0.490955
vn 0.292096 0.096409 -0.951517
vn 0.558067 0.716887 -0.417894
vn 0.802906 0.573744 0.161742
vn 0.699146 0.178136 -0.692432
vn 0.802906 0.573744 0.161742
vn 0.680679 0.723069 0.117675
vn 0.593681 0.431840 -0.679012
vn 0.699146 0.178136 -0.692432
vn -0.592280 -0.765527 0.251341
vn -0.541601 -0.723731 0.427647
vn -0.729342 -0.479799 0.487703
vn -0.592280 -0.765527 0.251341
vn -0.979939 -0.193113 -0.049256
vn -0.677339 -0.220642 -0.701805
vn -0.443725 -0.782805 -0.436261
vn -0.979939 -0.193113 -0.049256
vn -0.910005 -0.393189 -0.131504
vn -0.976084 -0.096437 -0.194832
vn -0.979939 -0.193113 -0.049256
vn -0.819122 -0.434540 0.374451
vn -0.910005 -0.393189 -0.131504
vn -0.592280 -0.765527 0.251341
vn -0.729342 -0.479799 0.487703
vn -0.819122 -0.434540 0.374451
vn -0.979939 -0.193113 -0.049256
vn -0.979939 -0.193113 -0.049256
vn -0.976084 -0.096437 -0.194832
vn -0.881219 0.080782 0.465756
vn -0.443725 -0.782805 -0.436261
vn -0.677339 -0.220642 -0.701805
vn -0.360813 -0.314884 -0.877874
vn -0.348477 -0.399044 -0.848132
vn -0.443725 -0.782805 -0.436261
vn -0.348477 -0.399044 -0.848132
vn -0.176726 -0.632564 -0.754076
vn -0.677339 -0.220642 -0.701805
vn -0.662938 -0.137391 -0.735959
vn -0.608831 -0.466099 -0.641932
vn -0.500919 -0.387637 -0.773833
vn -0.360813 -0.314884 -0.877874
vn -0.677339 -0.220642 -0.701805
vn -0.500919 -0.387637 -0.773833
vn -0.677339 -0.220642 -0.701805
vn -0.620814 0.115878 -0.775347
vn -0.662938 -0.137391 -0.735959
vn -0.677339 -0.220642 -0.701805
vn -0.707573 0.213749 -0.673536
vn -0.620814 0.115878 -0.775347
vn -0.592280 -0.765527 0.251341
vn -0.372775 -0.458164 0.806922
vn -0.484435 -0.780272 0.395599
vn -0.541601 -0.723731 0.427647
vn -0.443725 -0.782805 -0.436261
vn -0.176726 -0.632564 -0.754076
vn -0.046784 -0.577914 -0.814756
vn -0.592280 -0.765527 0.251341
vn -0.093201 -0.982974 0.158356
vn -0.372775 -0.458164 0.806922
vn -0.592280 -0.765527 0.251341
vn -0.443725 -0.782805 -0.436261
vn -0.004150 -0.981608 -0.190865
vn -0.093201 -0.982974 0.158356
vn -0.443725 -0.782805 -0.436261
vn -0.046784 -0.577914 -0.814756
vn 0.045748 -0.632633 -0.773099
vn -0.004150 -0.981608 -0.190865
vn -0.372775 -0.458164 0.806922
vn -0.093201 -0.982974 0.158356
vn -0.005951 -0.951422 0.307833
vn -0.093201 -0.982974 0.158356
vn -0.004150 -0.981608 -0.190865
vn 0.845001 -0.533847 -0.031312
vn 0.739458 -0.670589 0.059265
vn -0.005951 -0.951422 0.307833
vn -0.093201 -0.982974 0.158356
vn 0.739458 -0.670589 0.059265
vn 0.415968 -0.786348 0.456758
vn 0.045748 -0.632633 -0.773099
vn 0.670404 -0.487430 -0.559438
vn -0.004150 -0.981608 -0.190865
vn -0.004150 -0.981608 -0.190865
vn 0.073458 -0.545291 -0.835022
vn 0.871384 -0.447718 -0.200596
vn 0.845001 -0.533847 -0.031312
vn 0.670404 -0.487430 -0.559438
vn 0.803071 -0.344302 -0.486347
vn 0.073458 -0.545291 -0.835022
vn -0.004150 -0.981608 -0.190865
vn -0.979939 -0.193113 -0.049256
vn -0.881219 0.080782 0.465756
vn -0.925562 0.357248 0.125335
vn -0.914509 0.404426 -0.010620
vn -0.921754 0.357860 0.149353
vn -0.925562 0.357248 0.125335
vn -0.881219 0.080782 0.465756
vn -0.979939 -0.193113 -0.049256
vn -0.925562 0.357248 0.125335
vn -0.707573 0.213749 -0.673536
vn -0.677339 -0.220642 -0.701805
vn -0.620814 0.115878 -0.775347
vn -0.707573 0.213749 -0.673536
vn -0.643807 0.121221 -0.755525
vn -0.925562 0.357248 0.125335
vn -0.921754 0.357860 0.149353
vn -0.384769 0.345594 0.855872
vn -0.707573 0.213749 -0.673536
vn -0.171357 0.155218 -0.972905
vn -0.690469 0.068698 -0.720093
vn -0.643807 0.121221 -0.755525
vn -0.707573 0.213749 -0.673536
vn -0.570009 0.740686 -0.355633
vn -0.171357 0.155218 -0.972905
vn -0.384769 0.345594 0.855872
vn -0.171356 0.381481 0.908355
vn -0.474394 0.678577 0.560789
vn -0.925562 0.357248 0.125335
vn -0.925562 0.357248 0.125335
vn -0.474394 0.678577 0.560789
vn -0.570009 0.740686 -0.355633
vn -0.707573 0.213749 -0.673536
vn -0.171356 0.381481 0.908355
vn -0.680087 0.546100 0.489138
vn -0.528344 0.577769 0.622123
vn -0.474394 0.678577 0.560789
vn -0.512936 0.622513 -0.591079
vn -0.371860 0.012879 -0.928199
vn -0.740022 0.654348 -0.155553
vn -0.512936 0.622513 -0.591079
vn -0.171357 0.155218 -0.972905
vn -0.570009 0.740686 -0.355633
vn -0.371860 0.012879 -0.928199
vn -0.371860 0.012879 -0.928199
vn -0.570009 0.740686 -0.355633
vn -0.449620 0.541312 -0.710509
vn -0.528344 0.577769 0.622123
vn -0.037842 0.223062 0.974069
vn -0.474394 0.678577 0.560789
vn -0.449620 0.541312 -0.710509
vn -0.570009 0.740686 -0.355633
vn -0.092469 0.408099 -0.908243
vn -0.057068 0.312570 0.948179
vn -0.144806 0.675834 0.722689
vn -0.422087 0.587174 0.690702
vn -0.474394 0.678577 0.560789
vn -0.037842 0.223062 0.974069
vn -0.057068 0.312570 0.948179
vn 0.000000 0.718394 0.695637
vn -0.570009 0.740686 -0.355633
vn -0.474394 0.678577 0.560789
vn 0.000000 0.718394 0.695637
vn 0.000000 0.996189 0.087220
vn -0.092469 0.408099 -0.908243
vn -0.295317 0.217596 -0.930290
vn -0.199553 0.792073 -0.576888
vn -0.092469 0.408099 -0.908243
vn -0.570009 0.740686 -0.355633
vn 0.000000 0.996189 0.087220
vn -0.295317 0.217596 -0.930290
vn -0.422087 0.587174 0.690702
vn 0.100986 0.519946 0.848209
vn 0.000000 0.718394 0.695637
vn -0.057068 0.312570 0.948179
vn -0.295317 0.217596 -0.930290
vn 0.000000 0.996189 0.087220
vn 0.037446 0.649309 -0.759602
vn 0.093204 -0.982973 0.158356
vn -0.732034 -0.679238 0.052552
vn -0.954948 -0.296659 -0.008209
vn 0.005951 -0.983487 -0.180883
vn -0.175931 -0.913592 0.366603
vn -0.941941 -0.169614 0.289790
vn -0.732034 -0.679238 0.052552
vn 0.093204 -0.982973 0.158356
vn 0.005951 -0.983487 -0.180883
vn -0.954948 -0.296659 -0.008209
vn -0.006531 -0.727885 -0.685669
vn 0.008759 -0.559356 -0.828881
vn -0.611321 -0.444484 -0.654767
vn 0.005951 -0.983487 -0.180883
vn 0.008759 -0.559356 -0.828881
vn -0.814703 -0.335055 -0.473284
vn 0.093204 -0.982973 0.158356
vn 0.433881 -0.680815 0.590117
vn -0.175931 -0.913592 0.366603
vn 0.093204 -0.982973 0.158356
vn 0.592292 -0.765519 0.251338
vn 0.433881 -0.680815 0.590117
vn 0.005951 -0.983487 -0.180883
vn -0.611321 -0.444484 -0.654767
vn 0.004212 -0.652810 -0.757510
vn 0.437146 -0.778776 -0.449902
vn 0.004212 -0.652810 -0.757510
vn 0.083834 -0.641353 -0.762652
vn 0.437146 -0.778776 -0.449902
vn 0.005951 -0.983487 -0.180883
vn 0.437146 -0.778776 -0.449902
vn 0.592292 -0.765519 0.251338
vn 0.093204 -0.982973 0.158356
vn 0.083834 -0.641353 -0.762652
vn 0.142552 -0.698454 -0.701314
vn 0.437146 -0.778776 -0.449902
vn 0.537095 -0.753906 0.378357
vn 0.433881 -0.680815 0.590117
vn 0.592292 -0.765519 0.251338
vn 0.543537 -0.615542 0.570681
vn 0.592292 -0.765519 0.251338
vn 0.729338 -0.479802 0.487706
vn 0.543537 -0.615542 0.570681
vn 0.592292 -0.765519 0.251338
vn 0.979939 -0.193113 -0.049256
vn 0.819131 -0.434531 0.374443
vn 0.729338 -0.479802 0.487706
vn 0.592292 -0.765519 0.251338
vn 0.437146 -0.778776 -0.449902
vn 0.677333 -0.220644 -0.701809
vn 0.979939 -0.193113 -0.049256
vn 0.819131 -0.434531 0.374443
vn 0.979939 -0.193113 -0.049256
vn 0.910004 -0.393190 -0.131505
vn 0.910004 -0.393190 -0.131505
vn 0.979939 -0.193113 -0.049256
vn 0.976084 -0.096437 -0.194832
vn 0.976084 -0.096437 -0.194832
vn 0.979939 -0.193113 -0.049256
vn 0.958753 0.159828 0.235050
vn 0.437146 -0.778776 -0.449902
vn 0.142552 -0.698454 -0.701314
vn 0.221685 -0.381864 -0.897238
vn 0.437146 -0.778776 -0.449902
vn 0.221685 -0.381864 -0.897238
vn 0.390155 -0.321234 -0.862895
vn 0.677333 -0.220644 -0.701809
vn 0.390155 -0.321234 -0.862895
vn 0.551410 -0.392488 -0.736139
vn 0.677333 -0.220644 -0.701809
vn 0.677333 -0.220644 -0.701809
vn 0.551410 -0.392488 -0.736139
vn 0.608843 -0.466094 -0.641925
vn 0.662933 -0.137392 -0.735965
vn 0.677333 -0.220644 -0.701809
vn 0.662933 -0.137392 -0.735965
vn 0.557540 0.098635 -0.824270
vn 0.677333 -0.220644 -0.701809
vn 0.557540 0.098635 -0.824270
vn 0.707569 0.213751 -0.673541
vn 0.000000 0.718394 0.695637
vn 0.100986 0.519946 0.848209
vn 0.347696 0.512861 0.784908
vn 0.052217 0.319831 0.946035
vn 0.088259 0.806145 -0.585100
vn 0.444438 0.449626 -0.774798
vn 0.097843 0.489246 -0.866640
vn 0.000000 0.996189 0.087220
vn 0.097843 0.489246 -0.866640
vn 0.444438 0.449626 -0.774798
vn 0.037446 0.649309 -0.759602
vn 0.347696 0.512861 0.784908
vn 0.200630 0.557883 0.805304
vn 0.052217 0.319831 0.946035
vn 0.000000 0.718394 0.695637
vn 0.474382 0.678582 0.560793
vn 0.577472 0.756433 -0.307139
vn 0.000000 0.996189 0.087220
vn 0.000000 0.996189 0.087220
vn 0.577472 0.756433 -0.307139
vn 0.097843 0.489246 -0.866640
vn 0.052217 0.319831 0.946035
vn 0.037843 0.223062 0.974069
vn 0.474382 0.678582 0.560793
vn 0.000000 0.718394 0.695637
vn 0.037843 0.223062 0.974069
vn 0.528333 0.577773 0.622128
vn 0.474382 0.678582 0.560793
vn 0.097843 0.489246 -0.866640
vn 0.577472 0.756433 -0.307139
vn 0.593681 0.431840 -0.679012
vn 0.979939 -0.193113 -0.049256
vn 0.925562 0.357248 0.125335
vn 0.958753 0.159828 0.235050
vn 0.914509 0.404427 -0.010620
vn 0.958753 0.159828 0.235050
vn 0.925562 0.357248 0.125335
vn 0.783988 0.292672 0.547454
vn 0.557540 0.098635 -0.824270
vn 0.615502 0.166327 -0.770385
vn 0.707569 0.213751 -0.673541
vn 0.979939 -0.193113 -0.049256
vn 0.677333 -0.220644 -0.701809
vn 0.707569 0.213751 -0.673541
vn 0.925562 0.357248 0.125335
vn 0.783988 0.292672 0.547454
vn 0.925562 0.357248 0.125335
vn 0.374195 0.451286 0.810135
vn 0.751359 0.103945 -0.651656
vn 0.396983 0.157749 -0.904168
vn 0.707569 0.213751 -0.673541
vn 0.615502 0.166327 -0.770385
vn 0.699146 0.178136 -0.692432
vn 0.593681 0.431840 -0.679012
vn 0.577472 0.756433 -0.307139
vn 0.699146 0.178136 -0.692432
vn 0.577472 0.756433 -0.307139
vn 0.512948 0.622508 -0.591074
vn 0.558067 0.716887 -0.417894
vn 0.680082 0.546104 0.489141
vn 0.127264 0.265179 0.955764
vn 0.474382 0.678582 0.560793
vn 0.528333 0.577773 0.622128
vn 0.396983 0.157749 -0.904168
vn 0.512948 0.622508 -0.591074
vn 0.577472 0.756433 -0.307139
vn 0.374195 0.451286 0.810135
vn 0.925562 0.357248 0.125335
vn 0.474382 0.678582 0.560793
vn 0.127264 0.265179 0.955764
vn 0.577472 0.756433 -0.307139
vn 0.474382 0.678582 0.560793
vn 0.925562 0.357248 0.125335
vn 0.707569 0.213751 -0.673541
vn 0.396983 0.157749 -0.904168
vn 0.577472 0.756433 -0.307139
vn 0.707569 0.213751 -0.673541
vn -0.495362 -0.716950 0.490509
vn -0.397345 -0.454963 0.796948
vn -0.473751 -0.585231 0.658076
vn -0.495362 -0.716950 0.490509
vn -0.293796 -0.211397 0.932199
vn -0.498382 -0.801299 0.330963
vn -0.397345 -0.454963 0.796948
vn -0.417055 -0.873540 -0.250985
vn -0.382904 -0.484527 -0.786523
vn -0.360659 -0.760869 -0.539448
vn -0.306180 -0.762200 -0.570355
vn -0.946233 -0.323458 0.004242
vn -0.637360 -0.391510 0.663696
vn -0.973047 -0.230467 0.008057
vn -0.946233 -0.323458 0.004242
vn -0.973047 -0.230467 0.008057
vn -0.985153 -0.062072 0.160062
vn -0.495362 -0.716950 0.490509
vn -0.473751 -0.585231 0.658076
vn -0.637360 -0.391510 0.663696
vn -0.946233 -0.323458 0.004242
vn -0.495362 -0.716950 0.490509
vn -0.946233 -0.323458 0.004242
vn -0.792179 -0.340791 -0.506274
vn -0.417055 -0.873540 -0.250985
vn -0.946233 -0.323458 0.004242
vn -0.985153 -0.062072 0.160062
vn -0.844482 0.122471 0.521393
vn -0.792179 -0.340791 -0.506274
vn -0.541445 -0.325197 -0.775296
vn -0.520602 -0.469302 -0.713252
vn -0.382904 -0.484527 -0.786523
vn -0.417055 -0.873540 -0.250985
vn -0.792179 -0.340791 -0.506274
vn -0.520602 -0.469302 -0.713252
vn -0.792179 -0.340791 -0.506274
vn -0.667455 0.062747 -0.742002
vn -0.774053 -0.110657 -0.623375
vn -0.541445 -0.325197 -0.775296
vn -0.792179 -0.340791 -0.506274
vn -0.704198 0.262431 -0.659724
vn -0.667455 0.062747 -0.742002
vn -0.495362 -0.716950 0.490509
vn -0.342958 -0.477603 0.808873
vn -0.335688 -0.533957 0.776018
vn -0.293796 -0.211397 0.932199
vn -0.417055 -0.873540 -0.250985
vn -0.306180 -0.762200 -0.570355
vn -0.314364 -0.872718 -0.373549
vn -0.495362 -0.716950 0.490509
vn -0.094757 -0.825043 0.557068
vn -0.310735 -0.401129 0.861707
vn -0.342958 -0.477603 0.808873
vn -0.495362 -0.716950 0.490509
vn -0.417055 -0.873540 -0.250985
vn 0.004700 -0.984029 0.177946
vn -0.094757 -0.825043 0.557068
vn -0.417055 -0.873540 -0.250985
vn -0.314364 -0.872718 -0.373549
vn 0.032563 -0.682405 -0.730249
vn 0.004700 -0.984029 0.177946
vn -0.310735 -0.401129 0.861707
vn -0.094757 -0.825043 0.557068
vn -0.008484 -0.524441 0.851404
vn -0.008484 -0.524441 0.851404
vn -0.094757 -0.825043 0.557068
vn 0.758043 -0.435330 0.485653
vn 0.811139 -0.122313 0.571921
vn -0.094757 -0.825043 0.557068
vn 0.004700 -0.984029 0.177946
vn 0.870204 -0.429504 0.241394
vn 0.758043 -0.435330 0.485653
vn 0.811139 -0.122313 0.571921
vn 0.758043 -0.435330 0.485653
vn 0.070162 -0.303954 0.950100
vn 0.032563 -0.682405 -0.730249
vn 0.765942 -0.426141 -0.481391
vn 0.004700 -0.984029 0.177946
vn 0.004700 -0.984029 0.177946
vn 0.326335 -0.685792 -0.650534
vn 0.870204 -0.429504 0.241394
vn 0.765942 -0.426141 -0.481391
vn 0.823347 -0.434641 -0.364948
vn 0.326335 -0.685792 -0.650534
vn 0.004700 -0.984029 0.177946
vn -0.946233 -0.323458 0.004242
vn -0.844482 0.122471 0.521393
vn -0.899265 0.426467 0.097199
vn -0.816682 0.413435 0.402619
vn -0.449651 0.710082 0.541846
vn -0.899265 0.426467 0.097199
vn -0.844482 0.122471 0.521393
vn -0.899265 0.426467 0.097199
vn -0.449651 0.710082 0.541846
vn -0.060883 0.243722 0.967932
vn -0.946233 -0.323458 0.004242
vn -0.899265 0.426467 0.097199
vn -0.704198 0.262431 -0.659724
vn -0.792179 -0.340791 -0.506274
vn -0.667455 0.062747 -0.742002
vn -0.704198 0.262431 -0.659724
vn -0.653848 0.184701 -0.733736
vn -0.704198 0.262431 -0.659724
vn -0.610330 0.574367 -0.545527
vn -0.653848 0.184701 -0.733736
vn -0.610330 0.574367 -0.545527
vn -0.704198 0.262431 -0.659724
vn -0.075135 -0.082551 -0.993751
vn -0.392029 0.631795 -0.668692
vn -0.060883 0.243722 0.967932
vn -0.138062 0.215980 0.966588
vn -0.417387 0.762440 0.494443
vn -0.899265 0.426467 0.097199
vn -0.899265 0.426467 0.097199
vn -0.417387 0.762440 0.494443
vn -0.422184 0.690273 -0.587608
vn -0.704198 0.262431 -0.659724
vn -0.607402 0.609282 0.509744
vn -0.287662 0.590723 0.753854
vn -0.417387 0.762440 0.494443
vn -0.138062 0.215980 0.966588
vn -0.075135 -0.082551 -0.993751
vn -0.704198 0.262431 -0.659724
vn -0.422184 0.690273 -0.587608
vn -0.045746 -0.105377 -0.993380
vn -0.287662 0.590723 0.753854
vn 0.010956 0.102084 0.994715
vn -0.417387 0.762440 0.494443
vn -0.422184 0.690273 -0.587608
vn -0.045044 0.185218 -0.981665
vn 0.013489 0.846989 0.531439
vn -0.045746 -0.105377 -0.993380
vn -0.417387 0.762440 0.494443
vn 0.010956 0.102084 0.994715
vn -0.015045 0.292639 0.956105
vn 0.000458 0.840623 0.541620
vn -0.015045 0.292639 0.956105
vn -0.235535 0.965057 -0.114841
vn -0.638332 0.747942 0.181975
vn -0.609585 0.792591 0.014343
vn -0.015045 0.292639 0.956105
vn -0.609585 0.792591 0.014343
vn 0.000458 0.840623 0.541620
vn -0.422184 0.690273 -0.587608
vn -0.417387 0.762440 0.494443
vn 0.000458 0.840623 0.541620
vn 0.000000 0.802447 -0.596723
vn -0.045044 0.185218 -0.981665
vn -0.422184 0.690273 -0.587608
vn 0.000000 0.802447 -0.596723
vn -0.367704 0.553846 -0.747027
vn -0.609585 0.792591 0.014343
vn -0.435364 0.896604 -0.080996
vn 0.000458 0.840623 0.541620
vn -0.435364 0.896604 -0.080996
vn 0.000000 0.998041 0.062561
vn 0.000458 0.840623 0.541620
vn -0.367704 0.553846 -0.747027
vn 0.000000 0.802447 -0.596723
vn -0.182009 0.241191 -0.953257
vn -0.647635 0.742901 -0.169314
vn -0.182009 0.241191 -0.953257
vn 0.000000 0.802447 -0.596723
vn -0.370513 0.905605 -0.206396
vn -0.370513 0.905605 -0.206396
vn 0.000000 0.802447 -0.596723
vn 0.000000 0.974994 -0.222233
vn 0.094730 -0.825045 0.557070
vn -0.758046 -0.435327 0.485650
vn -0.870205 -0.429503 0.241393
vn -0.004517 -0.983736 0.179566
vn 0.094730 -0.825045 0.557070
vn 0.308665 -0.406770 0.859805
vn -0.138152 -0.402858 0.904776
vn -0.138152 -0.402858 0.904776
vn -0.811130 -0.122315 0.571932
vn -0.758046 -0.435327 0.485650
vn 0.094730 -0.825045 0.557070
vn -0.811130 -0.122315 0.571932
vn -0.070160 -0.303954 0.950100
vn -0.758046 -0.435327 0.485650
vn -0.004517 -0.983736 0.179566
vn -0.870205 -0.429503 0.241393
vn -0.326353 -0.685788 -0.650530
vn -0.649663 -0.315402 -0.691708
vn -0.004517 -0.983736 0.179566
vn -0.326353 -0.685788 -0.650530
vn -0.428038 -0.614560 -0.662646
vn -0.004517 -0.983736 0.179566
vn -0.649663 -0.315402 -0.691708
vn 0.090549 -0.902413 -0.421251
vn 0.414625 -0.872561 -0.258309
vn 0.090549 -0.902413 -0.421251
vn 0.312538 -0.901513 -0.299323
vn 0.414625 -0.872561 -0.258309
vn 0.308665 -0.406770 0.859805
vn 0.094730 -0.825045 0.557070
vn 0.495350 -0.716955 0.490513
vn 0.344678 -0.494297 0.798040
vn -0.004517 -0.983736 0.179566
vn 0.414625 -0.872561 -0.258309
vn 0.495350 -0.716955 0.490513
vn 0.094730 -0.825045 0.557070
vn 0.312538 -0.901513 -0.299323
vn 0.356519 -0.810063 -0.465501
vn 0.414625 -0.872561 -0.258309
vn 0.335670 -0.533960 0.776023
vn 0.344678 -0.494297 0.798040
vn 0.495350 -0.716955 0.490513
vn 0.293804 -0.211397 0.932197
vn 0.495350 -0.716955 0.490513
vn 0.431835 -0.678983 0.593717
vn 0.507274 -0.727655 0.461727
vn 0.293804 -0.211397 0.932197
vn 0.495350 -0.716955 0.490513
vn 0.494011 -0.585154 0.643077
vn 0.431835 -0.678983 0.593717
vn 0.414625 -0.872561 -0.258309
vn 0.356519 -0.810063 -0.465501
vn 0.428089 -0.813182 -0.394304
vn 0.382888 -0.484531 -0.786528
vn 0.495350 -0.716955 0.490513
vn 0.946233 -0.323458 0.004242
vn 0.637353 -0.391513 0.663701
vn 0.494011 -0.585154 0.643077
vn 0.495350 -0.716955 0.490513
vn 0.414625 -0.872561 -0.258309
vn 0.792177 -0.340793 -0.506277
vn 0.946233 -0.323458 0.004242
vn 0.637353 -0.391513 0.663701
vn 0.946233 -0.323458 0.004242
vn 0.974882 -0.173553 0.139587
vn 0.974882 -0.173553 0.139587
vn 0.946233 -0.323458 0.004242
vn 0.972201 -0.145478 0.183472
vn 0.972201 -0.145478 0.183472
vn 0.946233 -0.323458 0.004242
vn 0.904574 -0.031189 0.425174
vn 0.382888 -0.484531 -0.786528
vn 0.520592 -0.469306 -0.713258
vn 0.792177 -0.340793 -0.506277
vn 0.414625 -0.872561 -0.258309
vn 0.520592 -0.469306 -0.713258
vn 0.541436 -0.325199 -0.775302
vn 0.792177 -0.340793 -0.506277
vn 0.792177 -0.340793 -0.506277
vn 0.541436 -0.325199 -0.775302
vn 0.774050 -0.110658 -0.623379
vn 0.637830 0.035401 -0.769363
vn 0.792177 -0.340793 -0.506277
vn 0.637830 0.035401 -0.769363
vn 0.704194 0.262432 -0.659728
vn 0.435375 0.896598 -0.080996
vn 0.000458 0.840623 0.541620
vn 0.000000 0.998041 0.062561
vn 0.435375 0.896598 -0.080996
vn 0.325053 0.448836 0.832398
vn 0.000458 0.840623 0.541620
vn 0.000000 0.974994 -0.222233
vn 0.000000 0.802447 -0.596723
vn 0.370523 0.905601 -0.206396
vn 0.182014 0.241191 -0.953257
vn 0.370523 0.905601 -0.206396
vn 0.000000 0.802447 -0.596723
vn 0.182014 0.241191 -0.953257
vn 0.000000 0.802447 -0.596723
vn 0.301403 0.469714 -0.829774
vn 0.597651 0.743073 0.301090
vn 0.629667 0.759800 -0.161934
vn 0.369147 0.840470 0.396663
vn 0.016633 0.254375 0.966963
vn 0.325053 0.448836 0.832398
vn 0.000458 0.840623 0.541620
vn 0.325053 0.448836 0.832398
vn 0.016633 0.254375 0.966963
vn 0.410811 0.751277 0.516543
vn 0.000458 0.840623 0.541620
vn 0.410811 0.751277 0.516543
vn 0.422194 0.690270 -0.587605
vn 0.000000 0.802447 -0.596723
vn 0.016633 0.254375 0.966963
vn 0.029756 0.995648 0.088319
vn 0.410811 0.751277 0.516543
vn 0.029756 0.995648 0.088319
vn 0.338447 0.530194 0.777398
vn 0.410811 0.751277 0.516543
vn 0.301403 0.469714 -0.829774
vn 0.000000 0.802447 -0.596723
vn 0.422194 0.690270 -0.587605
vn 0.046419 0.154454 -0.986909
vn 0.946233 -0.323458 0.004242
vn 0.904681 0.424569 0.035980
vn 0.904574 -0.031189 0.425174
vn 0.885831 0.423048 0.190613
vn 0.904574 -0.031189 0.425174
vn 0.904681 0.424569 0.035980
vn 0.653655 0.630796 0.418128
vn 0.093387 0.322736 0.941871
vn 0.653655 0.630796 0.418128
vn 0.904681 0.424569 0.035980
vn 0.946233 -0.323458 0.004242
vn 0.792177 -0.340793 -0.506277
vn 0.704194 0.262432 -0.659728
vn 0.904681 0.424569 0.035980
vn 0.637830 0.035401 -0.769363
vn 0.683571 0.219638 -0.696053
vn 0.704194 0.262432 -0.659728
vn 0.524207 0.348088 -0.777201
vn 0.501019 0.784687 -0.365030
vn 0.075137 -0.082551 -0.993750
vn 0.704194 0.262432 -0.659728
vn 0.524207 0.348088 -0.777201
vn 0.704194 0.262432 -0.659728
vn 0.683571 0.219638 -0.696053
vn 0.488538 0.512830 0.705929
vn 0.410811 0.751277 0.516543
vn 0.338447 0.530194 0.777398
vn 0.488538 0.512830 0.705929
vn 0.516648 0.662587 0.542267
vn 0.093387 0.322736 0.941871
vn 0.410811 0.751277 0.516543
vn 0.075137 -0.082551 -0.993750
vn 0.045747 -0.105377 -0.993380
vn 0.422194 0.690270 -0.587605
vn 0.704194 0.262432 -0.659728
vn 0.106633 0.732299 0.672583
vn 0.046419 0.154454 -0.986909
vn 0.422194 0.690270 -0.587605
vn 0.045747 -0.105377 -0.993380
vn 0.093387 0.322736 0.941871
vn 0.904681 0.424569 0.035980
vn 0.410811 0.751277 0.516543
vn 0.904681 0.424569 0.035980
vn 0.704194 0.262432 -0.659728
vn 0.422194 0.690270 -0.587605
vn 0.410811 0.751277 0.516543
vn -0.998850 -0.043488 0.020172
vn -0.947044 0.294532 0.127898
vn -0.986662 0.162297 0.012543
vn -0.947044 0.294532 0.127898
vn -0.884181 0.466778 0.018494
vn -0.986662 0.162297 0.012543
vn -0.947044 0.294532 0.127898
vn -0.757179 0.646572 0.092866
vn -0.884181 0.466778 0.018494
vn -0.757179 0.646572 0.092866
vn -0.715695 0.698199 0.017303
vn -0.884181 0.466778 0.018494
vn -0.986662 0.162297 0.012543
vn -0.884181 0.466778 0.018494
vn -0.922209 0.386577 -0.009461
vn -0.986662 0.162297 0.012543
vn -0.922209 0.386577 -0.009461
vn -0.997396 0.072115 -0.000122
vn -0.884181 0.466778 0.018494
vn -0.715695 0.698199 0.017303
vn -0.765157 0.643841 0.001831
vn -0.884181 0.466778 0.018494
vn -0.765157 0.643841 0.001831
vn -0.922209 0.386577 -0.009461
vn -0.998850 -0.043488 0.020172
vn -0.986662 0.162297 0.012543
vn -0.997396 0.072115 -0.000122
vn -0.998850 -0.043488 0.020172
vn -0.997396 0.072115 -0.000122
vn -0.998176 -0.060364 0.000000
vn -0.765157 0.643841 0.001831
vn -0.764310 0.638628 0.089355
vn -0.850454 0.507334 0.139067
vn -0.715695 0.698199 0.017303
vn -0.764310 0.638628 0.089355
vn -0.765157 0.643841 0.001831
vn -0.715695 0.698199 0.017303
vn -0.739887 0.647135 0.183804
vn -0.812704 0.582103 -0.025849
vn -0.715695 0.698199 0.017303
vn -0.812704 0.582103 -0.025849
vn -0.764310 0.638628 0.089355
vn -0.812704 0.582103 -0.025849
vn -0.984112 0.095280 -0.149817
vn -0.764310 0.638628 0.089355
vn -0.757179 0.646572 0.092866
vn -0.472200 0.791775 0.387453
vn -0.578183 0.808247 0.111541
vn -0.757179 0.646572 0.092866
vn -0.578183 0.808247 0.111541
vn -0.715695 0.698199 0.017303
vn -0.739887 0.647135 0.183804
vn -0.715695 0.698199 0.017303
vn -0.578183 0.808247 0.111541
vn -0.739887 0.647135 0.183804
vn -0.578183 0.808247 0.111541
vn -0.673221 0.545215 0.499514
vn -0.673221 0.545215 0.499514
vn -0.875582 0.392622 0.281434
vn -0.739887 0.647135 0.183804
vn -0.875582 0.392622 0.281434
vn -0.964341 0.248692 -0.090547
vn -0.812704 0.582103 -0.025849
vn -0.875582 0.392622 0.281434
vn -0.812704 0.582103 -0.025849
vn -0.739887 0.647135 0.183804
vn -0.812704 0.582103 -0.025849
vn -0.964341 0.248692 -0.090547
vn -0.984112 0.095280 -0.149817
vn -0.984112 0.095280 -0.149817
vn -0.964341 0.248692 -0.090547
vn -0.676541 0.734973 0.045898
vn -0.984112 0.095280 -0.149817
vn -0.676541 0.734973 0.045898
vn -0.764310 0.638628 0.089355
vn -0.764310 0.638628 0.089355
vn -0.676541 0.734973 0.045898
vn -0.626035 0.777212 0.063415
vn -0.764310 0.638628 0.089355
vn -0.626035 0.777212 0.063415
vn -0.896328 0.367868 0.247527
vn -0.896328 0.367868 0.247527
vn -0.850454 0.507334 0.139067
vn -0.764310 0.638628 0.089355
vn -0.896328 0.367868 0.247527
vn -0.718808 -0.082428 0.690305
vn -0.850454 0.507334 0.139067
vn -0.922209 0.386577 -0.009461
vn -0.765157 0.643841 0.001831
vn -0.817995 0.574146 -0.035218
vn -0.765157 0.643841 0.001831
vn -0.847992 0.277230 0.451721
vn -0.817995 0.574146 -0.035218
vn -0.765157 0.643841 0.001831
vn -0.850454 0.507334 0.139067
vn -0.758635 0.496871 0.421417
vn -0.850454 0.507334 0.139067
vn -0.718808 -0.082428 0.690305
vn -0.758635 0.496871 0.421417
vn -0.765157 0.643841 0.001831
vn -0.758635 0.496871 0.421417
vn -0.847992 0.277230 0.451721
vn -0.896328 0.367868 0.247527
vn -0.626035 0.777212 0.063415
vn -0.504295 0.858259 -0.095277
vn -0.964341 0.248692 -0.090547
vn -0.478487 0.878021 -0.011353
vn -0.676541 0.734973 0.045898
vn -0.478487 0.878021 -0.011353
vn -0.343778 0.926475 -0.153171
vn -0.676541 0.734973 0.045898
vn -0.676541 0.734973 0.045898
vn -0.343778 0.926475 -0.153171
vn -0.540097 0.715410 0.443265
vn -0.676541 0.734973 0.045898
vn -0.540097 0.715410 0.443265
vn -0.582798 0.790434 -0.188575
vn -0.626035 0.777212 0.063415
vn -0.676541 0.734973 0.045898
vn -0.582798 0.790434 -0.188575
vn -0.875582 0.392622 0.281434
vn -0.603814 0.787827 0.121398
vn -0.478487 0.878021 -0.011353
vn -0.875582 0.392622 0.281434
vn -0.478487 0.878021 -0.011353
vn -0.964341 0.248692 -0.090547
vn -0.673221 0.545215 0.499514
vn -0.603814 0.787827 0.121398
vn -0.875582 0.392622 0.281434
vn -0.472200 0.791775 0.387453
vn -0.673221 0.545215 0.499514
vn -0.578183 0.808247 0.111541
vn -0.472200 0.791775 0.387453
vn -0.592161 0.535202 0.602415
vn -0.673221 0.545215 0.499514
vn -0.603814 0.787827 0.121398
vn -0.343778 0.926475 -0.153171
vn -0.478487 0.878021 -0.011353
vn -0.592161 0.535202 0.602415
vn -0.327970 0.942892 0.058227
vn -0.603814 0.787827 0.121398
vn -0.592161 0.535202 0.602415
vn -0.603814 0.787827 0.121398
vn -0.673221 0.545215 0.499514
vn -0.603814 0.787827 0.121398
vn -0.327970 0.942892 0.058227
vn -0.343778 0.926475 -0.153171
vn -0.343778 0.926475 -0.153171
vn -0.081453 0.804845 0.587868
vn -0.540097 0.715410 0.443265
vn -0.540097 0.715410 0.443265
vn -0.330170 0.838741 0.433014
vn -0.345793 0.757863 -0.553237
vn -0.540097 0.715410 0.443265
vn -0.345793 0.757863 -0.553237
vn -0.582798 0.790434 -0.188575
vn -0.582798 0.790434 -0.188575
vn -0.255035 0.387004 0.886107
vn -0.777317 0.629020 0.010590
vn -0.582798 0.790434 -0.188575
vn -0.777317 0.629020 0.010590
vn -0.626035 0.777212 0.063415
vn -0.777317 0.629020 0.010590
vn -0.573854 0.786250 -0.229134
vn -0.626035 0.777212 0.063415
vn -0.573854 0.786250 -0.229134
vn -0.566193 0.823268 0.040680
vn -0.626035 0.777212 0.063415
vn -0.626035 0.777212 0.063415
vn -0.566193 0.823268 0.040680
vn -0.504295 0.858259 -0.095277
vn -0.566193 0.823268 0.040680
vn -0.542355 0.825887 -0.154148
vn -0.504295 0.858259 -0.095277
vn -0.582798 0.790434 -0.188575
vn -0.345793 0.757863 -0.553237
vn 0.030397 0.305735 -0.951631
vn 0.030397 0.305735 -0.951631
vn -0.345793 0.757863 -0.553237
vn 0.007080 0.847783 -0.530296
vn -0.345793 0.757863 -0.553237
vn -0.330170 0.838741 0.433014
vn 0.007080 0.847783 -0.530296
vn -0.330170 0.838741 0.433014
vn 0.052186 0.858352 0.510400
vn 0.007080 0.847783 -0.530296
vn -0.330170 0.838741 0.433014
vn -0.540097 0.715410 0.443265
vn -0.081453 0.804845 0.587868
vn -0.081453 0.804845 0.587868
vn 0.052186 0.858352 0.510400
vn -0.330170 0.838741 0.433014
vn -0.343778 0.926475 -0.153171
vn -0.327970 0.942892 0.058227
vn 0.234044 0.956045 -0.176640
vn -0.327970 0.942892 0.058227
vn 0.287696 0.917594 0.274321
vn 0.234044 0.956045 -0.176640
vn -0.343778 0.926475 -0.153171
vn 0.234044 0.956045 -0.176640
vn -0.081453 0.804845 0.587868
vn -0.592161 0.535202 0.602415
vn -0.228362 0.538405 0.811154
vn -0.327970 0.942892 0.058227
vn -0.228362 0.538405 0.811154
vn 0.287696 0.917594 0.274321
vn -0.327970 0.942892 0.058227
vn -0.472200 0.791775 0.387453
vn -0.228362 0.538405 0.811154
vn -0.592161 0.535202 0.602415
vn -0.228362 0.538405 0.811154
vn -0.472200 0.791775 0.387453
vn 0.002594 0.631366 0.775481
vn -0.228362 0.538405 0.811154
vn 0.002594 0.631366 0.775481
vn 0.062532 0.437723 0.896933
vn -0.228362 0.538405 0.811154
vn 0.062532 0.437723 0.896933
vn 0.287696 0.917594 0.274321
vn 0.365766 0.776882 0.512514
vn 0.342171 0.900961 0.266813
vn 0.052186 0.858352 0.510400
vn 0.365766 0.776882 0.512514
vn 0.052186 0.858352 0.510400
vn -0.081453 0.804845 0.587868
vn 0.052186 0.858352 0.510400
vn 0.342171 0.900961 0.266813
vn 0.007080 0.847783 -0.530296
vn 0.342171 0.900961 0.266813
vn 0.244663 0.672710 -0.698284
vn 0.007080 0.847783 -0.530296
vn 0.030397 0.305735 -0.951631
vn 0.007080 0.847783 -0.530296
vn -0.035827 0.221471 -0.974509
vn 0.007080 0.847783 -0.530296
vn 0.244663 0.672710 -0.698284
vn -0.035827 0.221471 -0.974509
vn 0.244663 0.672710 -0.698284
vn 0.101597 0.718318 -0.688257
vn -0.035827 0.221471 -0.974509
vn 0.585438 0.757441 -0.289042
vn 0.101597 0.718318 -0.688257
vn 0.244663 0.672710 -0.698284
vn 0.674790 0.702776 0.225310
vn 0.585438 0.757441 -0.289042
vn 0.244663 0.672710 -0.698284
vn 0.674790 0.702776 0.225310
vn 0.244663 0.672710 -0.698284
vn 0.342171 0.900961 0.266813
vn 0.342171 0.900961 0.266813
vn 0.365766 0.776882 0.512514
vn 0.674790 0.702776 0.225310
vn 0.234044 0.956045 -0.176640
vn 0.365766 0.776882 0.512514
vn -0.081453 0.804845 0.587868
vn 0.287696 0.917594 0.274321
vn 0.546213 0.827193 0.131926
vn 0.234044 0.956045 -0.176640
vn 0.546213 0.827193 0.131926
vn 0.636159 0.771509 -0.008637
vn 0.234044 0.956045 -0.176640
vn 0.365766 0.776882 0.512514
vn 0.234044 0.956045 -0.176640
vn 0.636159 0.771509 -0.008637
vn 0.282294 0.686020 0.670587
vn 0.410964 0.281413 0.867131
vn 0.062532 0.437723 0.896933
vn 0.410964 0.281413 0.867131
vn 0.287696 0.917594 0.274321
vn 0.062532 0.437723 0.896933
vn 0.287696 0.917594 0.274321
vn 0.410964 0.281413 0.867131
vn 0.546213 0.827193 0.131926
vn 0.410964 0.281413 0.867131
vn 0.564811 0.632471 0.530065
vn 0.546213 0.827193 0.131926
vn 0.564811 0.632471 0.530065
vn 0.671529 0.522263 0.525634
vn 0.546213 0.827193 0.131926
vn 0.671529 0.522263 0.525634
vn 0.884953 0.379532 0.269839
vn 0.546213 0.827193 0.131926
vn 0.884953 0.379532 0.269839
vn 0.636159 0.771509 -0.008637
vn 0.546213 0.827193 0.131926
vn 0.914365 0.346935 0.208740
vn 0.585438 0.757441 -0.289042
vn 0.674790 0.702776 0.225310
vn 0.914365 0.346935 0.208740
vn 0.674790 0.702776 0.225310
vn 0.636159 0.771509 -0.008637
vn 0.365766 0.776882 0.512514
vn 0.636159 0.771509 -0.008637
vn 0.674790 0.702776 0.225310
vn 0.489484 0.872001 0.004456
vn 0.585438 0.757441 -0.289042
vn 0.914365 0.346935 0.208740
vn 0.585438 0.757441 -0.289042
vn 0.489484 0.872001 0.004456
vn 0.688843 0.633817 0.351812
vn 0.688843 0.633817 0.351812
vn 0.101597 0.718318 -0.688257
vn 0.585438 0.757441 -0.289042
vn 0.010193 0.233256 0.972362
vn -0.035827 0.221471 -0.974509
vn 0.101597 0.718318 -0.688257
vn 0.168980 0.140964 0.975487
vn 0.010193 0.233256 0.972362
vn 0.101597 0.718318 -0.688257
vn 0.168980 0.140964 0.975487
vn 0.101597 0.718318 -0.688257
vn 0.688843 0.633817 0.351812
vn 0.000702 0.637201 0.770697
vn 0.010193 0.233256 0.972362
vn 0.168980 0.140964 0.975487
vn 0.000702 0.637201 0.770697
vn 0.168980 0.140964 0.975487
vn 0.519305 0.721491 0.458010
vn 0.688843 0.633817 0.351812
vn 0.519305 0.721491 0.458010
vn 0.168980 0.140964 0.975487
vn 0.688843 0.633817 0.351812
vn 0.489484 0.872001 0.004456
vn 0.543444 0.769343 -0.335827
vn 0.489484 0.872001 0.004456
vn 0.561693 0.825007 0.062164
vn 0.543444 0.769343 -0.335827
vn 0.688843 0.633817 0.351812
vn 0.543444 0.769343 -0.335827
vn 0.519305 0.721491 0.458010
vn 0.489484 0.872001 0.004456
vn 0.914365 0.346935 0.208740
vn 0.910558 0.324994 0.255465
vn 0.489484 0.872001 0.004456
vn 0.910558 0.324994 0.255465
vn 0.510550 0.854894 -0.092167
vn 0.489484 0.872001 0.004456
vn 0.510550 0.854894 -0.092167
vn 0.561693 0.825007 0.062164
vn 0.510550 0.854894 -0.092167
vn 0.686296 0.711168 -0.152439
vn 0.561693 0.825007 0.062164
vn 0.988832 0.142979 -0.042055
vn 0.729389 0.676165 0.103881
vn 0.914365 0.346935 0.208740
vn 0.988832 0.142979 -0.042055
vn 0.914365 0.346935 0.208740
vn 0.636159 0.771509 -0.008637
vn 0.884953 0.379532 0.269839
vn 0.740859 0.624677 0.246793
vn 0.882687 0.464980 -0.068239
vn 0.884953 0.379532 0.269839
vn 0.882687 0.464980 -0.068239
vn 0.636159 0.771509 -0.008637
vn 0.616226 0.787495 -0.010803
vn 0.988832 0.142979 -0.042055
vn 0.882687 0.464980 -0.068239
vn 0.988832 0.142979 -0.042055
vn 0.636159 0.771509 -0.008637
vn 0.882687 0.464980 -0.068239
vn 0.740859 0.624677 0.246793
vn 0.884953 0.379532 0.269839
vn 0.671529 0.522263 0.525634
vn 0.740859 0.624677 0.246793
vn 0.713581 0.700397 0.015655
vn 0.882687 0.464980 -0.068239
vn 0.882687 0.464980 -0.068239
vn 0.713581 0.700397 0.015655
vn 0.616226 0.787495 -0.010803
vn 0.988832 0.142979 -0.042055
vn 0.616226 0.787495 -0.010803
vn 0.729389 0.676165 0.103881
vn 0.616226 0.787495 -0.010803
vn 0.713581 0.700397 0.015655
vn 0.729389 0.676165 0.103881
vn 0.729389 0.676165 0.103881
vn 0.713581 0.700397 0.015655
vn 0.677020 0.735188 0.033783
vn 0.677020 0.735188 0.033783
vn 0.885595 0.430010 0.175539
vn 0.914365 0.346935 0.208740
vn 0.677020 0.735188 0.033783
vn 0.914365 0.346935 0.208740
vn 0.729389 0.676165 0.103881
vn 0.910558 0.324994 0.255465
vn 0.914365 0.346935 0.208740
vn 0.885595 0.430010 0.175539
vn 0.910558 0.324994 0.255465
vn 0.885595 0.430010 0.175539
vn 0.818206 0.519520 0.246248
vn 0.818206 0.519520 0.246248
vn 0.746296 0.112887 0.655972
vn 0.910558 0.324994 0.255465
vn 0.746296 0.112887 0.655972
vn 0.510550 0.854894 -0.092167
vn 0.910558 0.324994 0.255465
vn 0.818206 0.519520 0.246248
vn 0.885595 0.430010 0.175539
vn 0.767510 0.641011 0.005859
vn 0.885595 0.430010 0.175539
vn 0.677020 0.735188 0.033783
vn 0.767510 0.641011 0.005859
vn 0.677020 0.735188 0.033783
vn 0.713581 0.700397 0.015655
vn 0.767510 0.641011 0.005859
vn 0.908967 0.416488 0.017792
vn 0.767510 0.641011 0.005859
vn 0.713581 0.700397 0.015655
vn 0.561653 0.820079 0.109617
vn 0.713581 0.700397 0.015655
vn 0.740859 0.624677 0.246793
vn 0.561653 0.820079 0.109617
vn 0.740859 0.624677 0.246793
vn 0.671529 0.522263 0.525634
vn 0.561653 0.820079 0.109617
vn 0.467035 0.819257 0.332710
vn 0.768045 0.635780 0.076750
vn 0.561653 0.820079 0.109617
vn 0.768045 0.635780 0.076750
vn 0.713581 0.700397 0.015655
vn 0.941204 0.320510 0.106813
vn 0.908967 0.416488 0.017792
vn 0.768045 0.635780 0.076750
vn 0.908967 0.416488 0.017792
vn 0.713581 0.700397 0.015655
vn 0.768045 0.635780 0.076750
vn 0.941204 0.320510 0.106813
vn 0.992293 0.122595 0.018036
vn 0.908967 0.416488 0.017792
vn 0.992293 0.122595 0.018036
vn 0.995709 0.092533 -0.000610
vn 0.908967 0.416488 0.017792
vn 0.995709 0.092533 -0.000610
vn 0.901411 0.432502 -0.019989
vn 0.908967 0.416488 0.017792
vn 0.908967 0.416488 0.017792
vn 0.901411 0.432502 -0.019989
vn 0.767510 0.641011 0.005859
vn 0.818206 0.519520 0.246248
vn 0.767510 0.641011 0.005859
vn 0.822467 0.341621 0.454800
vn 0.767510 0.641011 0.005859
vn 0.820727 0.570142 -0.036683
vn 0.822467 0.341621 0.454800
vn 0.901411 0.432502 -0.019989
vn 0.820727 0.570142 -0.036683
vn 0.767510 0.641011 0.005859
vn 0.818206 0.519520 0.246248
vn 0.822467 0.341621 0.454800
vn 0.746296 0.112887 0.655972
vn 0.822467 0.341621 0.454800
vn 0.792049 0.602437 0.098633
vn 0.746296 0.112887 0.655972
vn 0.746296 0.112887 0.655972
vn 0.792049 0.602437 0.098633
vn 0.510550 0.854894 -0.092167
vn 0.924415 0.379929 0.033326
vn 0.822467 0.341621 0.454800
vn 0.820727 0.570142 -0.036683
vn 0.924415 0.379929 0.033326
vn 0.820727 0.570142 -0.036683
vn 0.901411 0.432502 -0.019989
vn 0.995709 0.092533 -0.000610
vn 0.891641 0.452687 -0.007050
vn 0.901411 0.432502 -0.019989
vn 0.901411 0.432502 -0.019989
vn 0.891641 0.452687 -0.007050
vn 0.924415 0.379929 0.033326
vn 0.998125 -0.061217 0.000000
vn 0.998481 -0.055054 0.002075
vn 0.995709 0.092533 -0.000610
vn 0.998799 -0.043975 0.021606
vn 0.998125 -0.061217 0.000000
vn 0.995709 0.092533 -0.000610
vn 0.998799 -0.043975 0.021606
vn 0.995709 0.092533 -0.000610
vn 0.992293 0.122595 0.018036
vn 0.998799 -0.043975 0.021606
vn 0.992293 0.122595 0.018036
vn 0.941204 0.320510 0.106813
vn 0.979897 0.199257 0.009888
vn 0.924415 0.379929 0.033326
vn 0.891641 0.452687 -0.007050
vn 0.924415 0.379929 0.033326
vn 0.978339 0.204537 0.031891
vn 0.885364 0.427347 0.183043
vn 0.924415 0.379929 0.033326
vn 0.885364 0.427347 0.183043
vn 0.822467 0.341621 0.454800
vn 0.792049 0.602437 0.098633
vn 0.822467 0.341621 0.454800
vn 0.885364 0.427347 0.183043
vn 0.885364 0.427347 0.183043
vn 0.978339 0.204537 0.031891
vn 0.716137 0.690441 -0.102174
vn 0.885364 0.427347 0.183043
vn 0.716137 0.690441 -0.102174
vn 0.792049 0.602437 0.098633
vn 0.792049 0.602437 0.098633
vn 0.716137 0.690441 -0.102174
vn 0.510550 0.854894 -0.092167
vn 0.979897 0.199257 0.009888
vn 0.982962 0.088106 -0.161319
vn 0.978339 0.204537 0.031891
vn 0.979897 0.199257 0.009888
vn 0.978339 0.204537 0.031891
vn 0.924415 0.379929 0.033326
vn 0.982962 0.088106 -0.161319
vn 0.813321 0.580830 0.033844
vn 0.978339 0.204537 0.031891
vn 0.979897 0.199257 0.009888
vn 0.955954 -0.292722 -0.021576
vn 0.982962 0.088106 -0.161319
vn 0.995709 0.092533 -0.000610
vn 0.929416 0.368635 0.017151
vn 0.891641 0.452687 -0.007050
vn 0.891641 0.452687 -0.007050
vn 0.929416 0.368635 0.017151
vn 0.851643 0.524121 -0.001007
vn 0.891641 0.452687 -0.007050
vn 0.851643 0.524121 -0.001007
vn 0.979897 0.199257 0.009888
vn 0.851643 0.524121 -0.001007
vn 0.955954 -0.292722 -0.021576
vn 0.979897 0.199257 0.009888
vn 0.764464 0.644220 -0.023988
vn 0.777027 0.102053 -0.621139
vn 0.851643 0.524121 -0.001007
vn 0.764464 0.644220 -0.023988
vn 0.851643 0.524121 -0.001007
vn 0.929416 0.368635 0.017151
vn 0.851643 0.524121 -0.001007
vn 0.982962 0.088106 -0.161319
vn 0.955954 -0.292722 -0.021576
vn 0.813321 0.580830 0.033844
vn 0.982962 0.088106 -0.161319
vn 0.826168 0.272103 -0.493363
vn 0.813321 0.580830 0.033844
vn 0.711419 0.689690 0.134949
vn 0.732319 0.632463 -0.252387
vn 0.813321 0.580830 0.033844
vn 0.732319 0.632463 -0.252387
vn 0.846368 0.516861 -0.128513
vn 0.813321 0.580830 0.033844
vn 0.846368 0.516861 -0.128513
vn 0.978339 0.204537 0.031891
vn 0.846368 0.516861 -0.128513
vn 0.789514 0.540940 0.289917
vn 0.978339 0.204537 0.031891
vn 0.989624 -0.135590 -0.047548
vn 0.711419 0.689690 0.134949
vn 0.813321 0.580830 0.033844
vn 0.813321 0.580830 0.033844
vn 0.826168 0.272103 -0.493363
vn 0.989624 -0.135590 -0.047548
vn 0.989624 -0.135590 -0.047548
vn 0.826168 0.272103 -0.493363
vn 0.951593 -0.207396 -0.226843
vn 0.777027 0.102053 -0.621139
vn 0.826168 0.272103 -0.493363
vn 0.982962 0.088106 -0.161319
vn 0.777027 0.102053 -0.621139
vn 0.982962 0.088106 -0.161319
vn 0.851643 0.524121 -0.001007
vn 0.621202 0.328103 -0.711658
vn 0.517316 0.502118 -0.693010
vn 0.826168 0.272103 -0.493363
vn 0.434531 0.252057 -0.864668
vn 0.951593 -0.207396 -0.226843
vn 0.826168 0.272103 -0.493363
vn 0.434531 0.252057 -0.864668
vn 0.826168 0.272103 -0.493363
vn 0.517316 0.502118 -0.693010
vn 0.826168 0.272103 -0.493363
vn 0.777027 0.102053 -0.621139
vn 0.618314 0.165474 -0.768314
vn 0.826168 0.272103 -0.493363
vn 0.618314 0.165474 -0.768314
vn 0.621202 0.328103 -0.711658
vn 0.412729 0.889242 -0.197240
vn 0.161198 0.183446 -0.969723
vn 0.764464 0.644220 -0.023988
vn 0.764464 0.644220 -0.023988
vn 0.161198 0.183446 -0.969723
vn 0.618314 0.165474 -0.768314
vn 0.764464 0.644220 -0.023988
vn 0.618314 0.165474 -0.768314
vn 0.777027 0.102053 -0.621139
vn 0.192540 0.956442 -0.219426
vn 0.412729 0.889242 -0.197240
vn 0.600243 0.794159 -0.094974
vn 0.412729 0.889242 -0.197240
vn 0.764464 0.644220 -0.023988
vn 0.600243 0.794159 -0.094974
vn 0.929416 0.368635 0.017151
vn 0.887269 0.461137 0.010315
vn 0.764464 0.644220 -0.023988
vn 0.887269 0.461137 0.010315
vn 0.600243 0.794159 -0.094974
vn 0.764464 0.644220 -0.023988
vn 0.995709 0.092533 -0.000610
vn 0.989102 0.147190 0.003540
vn 0.929416 0.368635 0.017151
vn 0.989102 0.147190 0.003540
vn 0.887269 0.461137 0.010315
vn 0.929416 0.368635 0.017151
vn 0.998481 -0.055054 0.002075
vn 0.989102 0.147190 0.003540
vn 0.995709 0.092533 -0.000610
vn -0.026520 0.976880 -0.212137
vn -0.009491 0.305922 -0.952009
vn 0.038850 0.246773 -0.968294
vn -0.026520 0.976880 -0.212137
vn 0.038850 0.246773 -0.968294
vn 0.412729 0.889242 -0.197240
vn 0.192540 0.956442 -0.219426
vn -0.026520 0.976880 -0.212137
vn 0.412729 0.889242 -0.197240
vn 0.161198 0.183446 -0.969723
vn 0.412729 0.889242 -0.197240
vn 0.038850 0.246773 -0.968294
vn 0.161198 0.183446 -0.969723
vn 0.621202 0.328103 -0.711658
vn 0.618314 0.165474 -0.768314
vn 0.161198 0.183446 -0.969723
vn 0.206184 0.369643 -0.906009
vn 0.621202 0.328103 -0.711658
vn 0.517316 0.502118 -0.693010
vn 0.621202 0.328103 -0.711658
vn 0.206184 0.369643 -0.906009
vn 0.517316 0.502118 -0.693010
vn 0.437177 0.781333 -0.445416
vn 0.783473 0.513475 -0.350018
vn 0.434531 0.252057 -0.864668
vn 0.517316 0.502118 -0.693010
vn 0.783473 0.513475 -0.350018
vn 0.951593 -0.207396 -0.226843
vn 0.434531 0.252057 -0.864668
vn 0.783473 0.513475 -0.350018
vn 0.989624 -0.135590 -0.047548
vn 0.951593 -0.207396 -0.226843
vn 0.783473 0.513475 -0.350018
vn 0.989624 -0.135590 -0.047548
vn 0.783473 0.513475 -0.350018
vn 0.971065 -0.083038 -0.223914
vn 0.764309 0.630851 -0.133641
vn 0.783473 0.513475 -0.350018
vn 0.615647 0.758504 -0.213659
vn 0.615647 0.758504 -0.213659
vn 0.783473 0.513475 -0.350018
vn 0.437177 0.781333 -0.445416
vn 0.915130 -0.125397 -0.383161
vn 0.971065 -0.083038 -0.223914
vn 0.764309 0.630851 -0.133641
vn 0.971065 -0.083038 -0.223914
vn 0.783473 0.513475 -0.350018
vn 0.764309 0.630851 -0.133641
vn 0.278177 0.645437 -0.711357
vn 0.437177 0.781333 -0.445416
vn 0.517316 0.502118 -0.693010
vn 0.167056 0.963365 -0.209812
vn 0.290142 0.931645 -0.218758
vn 0.437177 0.781333 -0.445416
vn 0.167056 0.963365 -0.209812
vn 0.437177 0.781333 -0.445416
vn 0.278177 0.645437 -0.711357
vn 0.290142 0.931645 -0.218758
vn 0.615647 0.758504 -0.213659
vn 0.437177 0.781333 -0.445416
vn 0.278177 0.645437 -0.711357
vn 0.517316 0.502118 -0.693010
vn 0.206184 0.369643 -0.906009
vn 0.161198 0.183446 -0.969723
vn 0.038850 0.246773 -0.968294
vn 0.206184 0.369643 -0.906009
vn 0.038850 0.246773 -0.968294
vn 0.133792 0.487713 -0.862691
vn 0.206184 0.369643 -0.906009
vn 0.278177 0.645437 -0.711357
vn 0.206184 0.369643 -0.906009
vn 0.133792 0.487713 -0.862691
vn 0.038850 0.246773 -0.968294
vn 0.003967 0.344983 -0.938601
vn 0.133792 0.487713 -0.862691
vn 0.195168 0.714721 -0.671628
vn 0.133792 0.487713 -0.862691
vn 0.003967 0.344983 -0.938601
vn 0.195168 0.714721 -0.671628
vn 0.003967 0.344983 -0.938601
vn 0.069673 0.574412 -0.815596
vn 0.195168 0.714721 -0.671628
vn 0.278177 0.645437 -0.711357
vn 0.133792 0.487713 -0.862691
vn 0.195168 0.714721 -0.671628
vn 0.069673 0.574412 -0.815596
vn 0.167056 0.963365 -0.209812
vn 0.195168 0.714721 -0.671628
vn 0.167056 0.963365 -0.209812
vn 0.278177 0.645437 -0.711357
vn 0.002106 0.998676 -0.051393
vn 0.278789 0.948768 0.148714
vn 0.167056 0.963365 -0.209812
vn 0.002106 0.998676 -0.051393
vn 0.167056 0.963365 -0.209812
vn 0.001923 0.963320 -0.268350
vn -0.118226 0.654599 -0.746674
vn 0.001923 0.963320 -0.268350
vn 0.069673 0.574412 -0.815596
vn 0.001923 0.963320 -0.268350
vn 0.167056 0.963365 -0.209812
vn 0.069673 0.574412 -0.815596
vn 0.278789 0.948768 0.148714
vn 0.338330 0.596427 0.727879
vn 0.027070 0.999631 0.002228
vn 0.278789 0.948768 0.148714
vn 0.027070 0.999631 0.002228
vn 0.167056 0.963365 -0.209812
vn 0.167056 0.963365 -0.209812
vn 0.027070 0.999631 0.002228
vn 0.290142 0.931645 -0.218758
vn 0.290142 0.931645 -0.218758
vn 0.526661 0.846435 -0.078586
vn 0.615647 0.758504 -0.213659
vn 0.615647 0.758504 -0.213659
vn 0.526661 0.846435 -0.078586
vn 0.764919 0.624533 -0.157659
vn 0.764309 0.630851 -0.133641
vn 0.615647 0.758504 -0.213659
vn 0.764919 0.624533 -0.157659
vn 0.915130 -0.125397 -0.383161
vn 0.764309 0.630851 -0.133641
vn 0.764919 0.624533 -0.157659
vn 0.915130 -0.125397 -0.383161
vn 0.764919 0.624533 -0.157659
vn 0.390210 0.121616 0.912659
vn 0.390210 0.121616 0.912659
vn -0.252927 -0.798851 0.545771
vn 0.915130 -0.125397 -0.383161
vn 0.390210 0.121616 0.912659
vn 0.490403 0.604482 0.627779
vn -0.206237 -0.133239 0.969388
vn 0.390210 0.121616 0.912659
vn 0.764919 0.624533 -0.157659
vn 0.490403 0.604482 0.627779
vn 0.526661 0.846435 -0.078586
vn 0.490403 0.604482 0.627779
vn 0.764919 0.624533 -0.157659
vn 0.165289 0.984957 0.050385
vn 0.526661 0.846435 -0.078586
vn 0.290142 0.931645 -0.218758
vn 0.165289 0.984957 0.050385
vn 0.290142 0.931645 -0.218758
vn 0.027070 0.999631 0.002228
vn 0.165289 0.984957 0.050385
vn 0.467965 0.643444 0.605796
vn 0.526661 0.846435 -0.078586
vn 0.526661 0.846435 -0.078586
vn 0.467965 0.643444 0.605796
vn 0.490403 0.604482 0.627779
vn 0.143744 0.645656 0.749977
vn 0.165289 0.984957 0.050385
vn 0.027070 0.999631 0.002228
vn 0.143744 0.645656 0.749977
vn 0.027070 0.999631 0.002228
vn 0.338330 0.596427 0.727879
vn 0.143744 0.645656 0.749977
vn 0.348614 -0.212830 0.912783
vn 0.467965 0.643444 0.605796
vn 0.143744 0.645656 0.749977
vn 0.467965 0.643444 0.605796
vn 0.165289 0.984957 0.050385
vn 0.263377 0.075046 0.961770
vn 0.137517 0.056368 0.988894
vn 0.467965 0.643444 0.605796
vn 0.137517 0.056368 0.988894
vn 0.490403 0.604482 0.627779
vn 0.467965 0.643444 0.605796
vn -0.206237 -0.133239 0.969388
vn 0.490403 0.604482 0.627779
vn 0.137517 0.056368 0.988894
vn -0.206237 -0.133239 0.969388
vn 0.092043 -0.029358 0.995322
vn 0.044252 -0.088196 0.995120
vn -0.206237 -0.133239 0.969388
vn 0.137517 0.056368 0.988894
vn 0.092043 -0.029358 0.995322
vn -0.206237 -0.133239 0.969388
vn 0.044252 -0.088196 0.995120
vn -0.252927 -0.798851 0.545771
vn -0.206237 -0.133239 0.969388
vn -0.252927 -0.798851 0.545771
vn 0.390210 0.121616 0.912659
vn 0.680739 0.611921 0.402675
vn -0.252927 -0.798851 0.545771
vn 0.044252 -0.088196 0.995120
vn 0.989624 -0.135590 -0.047548
vn -0.252927 -0.798851 0.545771
vn 0.680739 0.611921 0.402675
vn 0.989624 -0.135590 -0.047548
vn 0.971065 -0.083038 -0.223914
vn 0.915130 -0.125397 -0.383161
vn 0.989624 -0.135590 -0.047548
vn 0.915130 -0.125397 -0.383161
vn -0.252927 -0.798851 0.545771
vn 0.614091 0.726002 0.309538
vn 0.680739 0.611921 0.402675
vn 0.044252 -0.088196 0.995120
vn 0.506547 0.386762 0.770601
vn 0.614091 0.726002 0.309538
vn 0.092043 -0.029358 0.995322
vn 0.614091 0.726002 0.309538
vn 0.044252 -0.088196 0.995120
vn 0.092043 -0.029358 0.995322
vn 0.506547 0.386762 0.770601
vn 0.092043 -0.029358 0.995322
vn 0.137517 0.056368 0.988894
vn 0.506547 0.386762 0.770601
vn 0.137517 0.056368 0.988894
vn 0.186284 0.046144 0.981412
vn 0.263377 0.075046 0.961770
vn 0.186284 0.046144 0.981412
vn 0.137517 0.056368 0.988894
vn 0.199468 -0.006561 0.979882
vn 0.186284 0.046144 0.981412
vn 0.263377 0.075046 0.961770
vn 0.263377 0.075046 0.961770
vn 0.467965 0.643444 0.605796
vn 0.348614 -0.212830 0.912783
vn 0.263377 0.075046 0.961770
vn 0.348614 -0.212830 0.912783
vn 0.199468 -0.006561 0.979882
vn 0.338330 0.596427 0.727879
vn 0.379988 -0.238740 0.893651
vn 0.143744 0.645656 0.749977
vn 0.379988 -0.238740 0.893651
vn 0.348614 -0.212830 0.912783
vn 0.143744 0.645656 0.749977
vn 0.348614 -0.212830 0.912783
vn 0.379988 -0.238740 0.893651
vn 0.222632 -0.134765 0.965543
vn 0.348614 -0.212830 0.912783
vn 0.222632 -0.134765 0.965543
vn 0.199468 -0.006561 0.979882
vn 0.278789 0.948768 0.148714
vn 0.306772 0.911924 0.272553
vn 0.338330 0.596427 0.727879
vn 0.306772 0.911924 0.272553
vn 0.534413 0.674310 0.509616
vn 0.338330 0.596427 0.727879
vn 0.402727 0.879767 0.252627
vn 0.379988 -0.238740 0.893651
vn 0.534413 0.674310 0.509616
vn 0.379988 -0.238740 0.893651
vn 0.338330 0.596427 0.727879
vn 0.534413 0.674310 0.509616
vn 0.402727 0.879767 0.252627
vn 0.423538 0.879913 0.215333
vn 0.379988 -0.238740 0.893651
vn 0.423538 0.879913 0.215333
vn 0.222632 -0.134765 0.965543
vn 0.379988 -0.238740 0.893651
vn 0.199468 -0.006561 0.979882
vn 0.222632 -0.134765 0.965543
vn 0.478565 0.802582 0.356143
vn 0.222632 -0.134765 0.965543
vn 0.423538 0.879913 0.215333
vn 0.478565 0.802582 0.356143
vn 0.478565 0.802582 0.356143
vn 0.456038 0.518784 0.723113
vn 0.199468 -0.006561 0.979882
vn 0.456038 0.518784 0.723113
vn 0.186284 0.046144 0.981412
vn 0.199468 -0.006561 0.979882
vn 0.456038 0.518784 0.723113
vn 0.506547 0.386762 0.770601
vn 0.186284 0.046144 0.981412
vn 0.456038 0.518784 0.723113
vn 0.495162 0.764274 -0.413159
vn 0.506547 0.386762 0.770601
vn 0.495162 0.764274 -0.413159
vn 0.580064 0.701314 -0.414349
vn 0.506547 0.386762 0.770601
vn 0.506547 0.386762 0.770601
vn 0.580064 0.701314 -0.414349
vn 0.614091 0.726002 0.309538
vn 0.580064 0.701314 -0.414349
vn 0.603013 0.519210 -0.605638
vn 0.614091 0.726002 0.309538
vn 0.614091 0.726002 0.309538
vn 0.603013 0.519210 -0.605638
vn 0.680739 0.611921 0.402675
vn 0.453264 0.767423 -0.453447
vn 0.603013 0.519210 -0.605638
vn 0.580064 0.701314 -0.414349
vn 0.453264 0.767423 -0.453447
vn 0.580064 0.701314 -0.414349
vn 0.495162 0.764274 -0.413159
vn 0.662387 0.622041 -0.417502
vn 0.603013 0.519210 -0.605638
vn 0.453264 0.767423 -0.453447
vn 0.453264 0.767423 -0.453447
vn 0.495162 0.764274 -0.413159
vn 0.382461 0.817811 -0.430009
vn 0.382461 0.817811 -0.430009
vn 0.495162 0.764274 -0.413159
vn 0.456038 0.518784 0.723113
vn 0.478565 0.802582 0.356143
vn 0.382461 0.817811 -0.430009
vn 0.456038 0.518784 0.723113
vn 0.478565 0.802582 0.356143
vn 0.152928 0.815879 -0.557633
vn 0.382461 0.817811 -0.430009
vn 0.423538 0.879913 0.215333
vn 0.005676 0.970952 -0.239206
vn 0.152928 0.815879 -0.557633
vn 0.423538 0.879913 0.215333
vn 0.152928 0.815879 -0.557633
vn 0.478565 0.802582 0.356143
vn 0.402727 0.879767 0.252627
vn 0.005676 0.970952 -0.239206
vn 0.423538 0.879913 0.215333
vn 0.005676 0.970952 -0.239206
vn 0.402727 0.879767 0.252627
vn 0.534413 0.674310 0.509616
vn 0.534413 0.674310 0.509616
vn 0.306772 0.911924 0.272553
vn 0.005676 0.970952 -0.239206
vn 0.132543 0.911903 -0.388413
vn 0.152928 0.815879 -0.557633
vn 0.005676 0.970952 -0.239206
vn 0.132543 0.911903 -0.388413
vn 0.453264 0.767423 -0.453447
vn 0.152928 0.815879 -0.557633
vn 0.453264 0.767423 -0.453447
vn 0.382461 0.817811 -0.430009
vn 0.152928 0.815879 -0.557633
vn 0.501061 0.679811 0.535532
vn 0.453264 0.767423 -0.453447
vn 0.132543 0.911903 -0.388413
vn 0.555401 0.620435 0.553706
vn 0.662387 0.622041 -0.417502
vn 0.453264 0.767423 -0.453447
vn 0.555401 0.620435 0.553706
vn 0.453264 0.767423 -0.453447
vn 0.501061 0.679811 0.535532
vn 0.555401 0.620435 0.553706
vn 0.764888 0.502214 -0.403395
vn 0.662387 0.622041 -0.417502
vn 0.764888 0.502214 -0.403395
vn 0.732319 0.632463 -0.252387
vn 0.603013 0.519210 -0.605638
vn 0.764888 0.502214 -0.403395
vn 0.603013 0.519210 -0.605638
vn 0.662387 0.622041 -0.417502
vn 0.603013 0.519210 -0.605638
vn 0.732319 0.632463 -0.252387
vn 0.711419 0.689690 0.134949
vn 0.603013 0.519210 -0.605638
vn 0.711419 0.689690 0.134949
vn 0.680739 0.611921 0.402675
vn 0.846368 0.516861 -0.128513
vn 0.732319 0.632463 -0.252387
vn 0.764888 0.502214 -0.403395
vn 0.639395 0.360303 0.679232
vn 0.764888 0.502214 -0.403395
vn 0.555401 0.620435 0.553706
vn 0.789514 0.540940 0.289917
vn 0.846368 0.516861 -0.128513
vn 0.639395 0.360303 0.679232
vn 0.846368 0.516861 -0.128513
vn 0.764888 0.502214 -0.403395
vn 0.639395 0.360303 0.679232
vn 0.555401 0.620435 0.553706
vn 0.501061 0.679811 0.535532
vn 0.320445 0.183661 0.929292
vn 0.555401 0.620435 0.553706
vn 0.320445 0.183661 0.929292
vn 0.314375 0.314985 0.895518
vn 0.555401 0.620435 0.553706
vn 0.314375 0.314985 0.895518
vn 0.249273 0.334571 0.908804
vn 0.639395 0.360303 0.679232
vn 0.555401 0.620435 0.553706
vn 0.249273 0.334571 0.908804
vn 0.501061 0.679811 0.535532
vn 0.428910 0.348371 0.833471
vn 0.320445 0.183661 0.929292
vn -0.022705 0.951662 0.306306
vn 0.274638 0.961247 -0.024049
vn 0.383930 0.326463 0.863725
vn -0.022705 0.951662 0.306306
vn 0.383930 0.326463 0.863725
vn 0.501061 0.679811 0.535532
vn -0.022705 0.951662 0.306306
vn 0.501061 0.679811 0.535532
vn 0.132543 0.911903 -0.388413
vn 0.501061 0.679811 0.535532
vn 0.383930 0.326463 0.863725
vn 0.456127 0.408976 0.790371
vn 0.501061 0.679811 0.535532
vn 0.456127 0.408976 0.790371
vn 0.428910 0.348371 0.833471
vn -0.022705 0.951662 0.306306
vn 0.132543 0.911903 -0.388413
vn 0.005676 0.970952 -0.239206
vn -0.022705 0.951662 0.306306
vn 0.005676 0.970952 -0.239206
vn 0.274638 0.961247 -0.024049
vn 0.312329 0.945165 -0.095463
vn 0.274638 0.961247 -0.024049
vn 0.306772 0.911924 0.272553
vn 0.274638 0.961247 -0.024049
vn 0.005676 0.970952 -0.239206
vn 0.306772 0.911924 0.272553
vn 0.008728 0.886381 -0.462875
vn 0.383930 0.326463 0.863725
vn 0.071077 0.982316 0.173215
vn 0.383930 0.326463 0.863725
vn 0.274638 0.961247 -0.024049
vn 0.071077 0.982316 0.173215
vn 0.456127 0.408976 0.790371
vn 0.383930 0.326463 0.863725
vn 0.008728 0.886381 -0.462875
vn 0.456127 0.408976 0.790371
vn 0.008728 0.886381 -0.462875
vn -0.039978 0.526409 -0.849291
vn -0.005859 0.481335 -0.876517
vn 0.428910 0.348371 0.833471
vn 0.456127 0.408976 0.790371
vn -0.005859 0.481335 -0.876517
vn 0.456127 0.408976 0.790371
vn -0.039978 0.526409 -0.849291
vn 0.151982 0.589557 -0.793299
vn 0.320445 0.183661 0.929292
vn 0.428910 0.348371 0.833471
vn 0.151982 0.589557 -0.793299
vn 0.428910 0.348371 0.833471
vn -0.005859 0.481335 -0.876517
vn 0.149023 0.424517 -0.893072
vn 0.320445 0.183661 0.929292
vn 0.151982 0.589557 -0.793299
vn 0.170967 0.388322 -0.905526
vn 0.314375 0.314985 0.895518
vn 0.320445 0.183661 0.929292
vn 0.170967 0.388322 -0.905526
vn 0.320445 0.183661 0.929292
vn 0.149023 0.424517 -0.893072
vn 0.323162 0.389937 -0.862274
vn 0.249273 0.334571 0.908804
vn 0.314375 0.314985 0.895518
vn 0.323162 0.389937 -0.862274
vn 0.314375 0.314985 0.895518
vn 0.170967 0.388322 -0.905526
vn 0.323162 0.389937 -0.862274
vn 0.170967 0.388322 -0.905526
vn 0.515072 0.652408 -0.555937
vn 0.377786 0.762195 -0.525678
vn 0.515072 0.652408 -0.555937
vn 0.170967 0.388322 -0.905526
vn 0.377786 0.762195 -0.525678
vn 0.170967 0.388322 -0.905526
vn 0.149023 0.424517 -0.893072
vn 0.151982 0.589557 -0.793299
vn 0.377786 0.762195 -0.525678
vn 0.149023 0.424517 -0.893072
vn -0.005859 0.481335 -0.876517
vn -0.131226 0.982730 -0.130467
vn 0.377786 0.762195 -0.525678
vn -0.005859 0.481335 -0.876517
vn 0.377786 0.762195 -0.525678
vn 0.151982 0.589557 -0.793299
vn -0.039978 0.526409 -0.849291
vn -0.131226 0.982730 -0.130467
vn -0.005859 0.481335 -0.876517
vn 0.008728 0.886381 -0.462875
vn -0.131226 0.982730 -0.130467
vn -0.039978 0.526409 -0.849291
vn 0.071077 0.982316 0.173215
vn -0.131226 0.982730 -0.130467
vn 0.008728 0.886381 -0.462875
vn 0.071077 0.982316 0.173215
vn 0.338210 0.940805 0.022370
vn -0.131226 0.982730 -0.130467
vn 0.274638 0.961247 -0.024049
vn 0.510550 0.854894 -0.092167
vn 0.338210 0.940805 0.022370
vn 0.274638 0.961247 -0.024049
vn 0.338210 0.940805 0.022370
vn 0.071077 0.982316 0.173215
vn 0.510550 0.854894 -0.092167
vn 0.274638 0.961247 -0.024049
vn 0.312329 0.945165 -0.095463
vn 0.312329 0.945165 -0.095463
vn 0.539079 0.761804 -0.359234
vn 0.510550 0.854894 -0.092167
vn 0.539079 0.761804 -0.359234
vn 0.686296 0.711168 -0.152439
vn 0.510550 0.854894 -0.092167
vn 0.307897 0.879838 0.362056
vn -0.131226 0.982730 -0.130467
vn 0.338210 0.940805 0.022370
vn 0.307897 0.879838 0.362056
vn 0.377786 0.762195 -0.525678
vn -0.131226 0.982730 -0.130467
vn 0.307897 0.879838 0.362056
vn 0.607386 0.754457 0.248752
vn 0.377786 0.762195 -0.525678
vn 0.377786 0.762195 -0.525678
vn 0.607386 0.754457 0.248752
vn 0.515072 0.652408 -0.555937
vn 0.607386 0.754457 0.248752
vn 0.808320 0.504414 0.303622
vn 0.515072 0.652408 -0.555937
vn 0.515072 0.652408 -0.555937
vn 0.253335 0.200019 -0.946474
vn 0.323162 0.389937 -0.862274
vn 0.855057 0.375983 -0.357092
vn 0.253335 0.200019 -0.946474
vn 0.515072 0.652408 -0.555937
vn 0.808320 0.504414 0.303622
vn 0.855057 0.375983 -0.357092
vn 0.515072 0.652408 -0.555937
vn 0.323162 0.389937 -0.862274
vn 0.253335 0.200019 -0.946474
vn 0.249273 0.334571 0.908804
vn 0.868830 -0.115906 0.481353
vn 0.855057 0.375983 -0.357092
vn 0.808320 0.504414 0.303622
vn 0.868830 -0.115906 0.481353
vn 0.808320 0.504414 0.303622
vn 0.792482 0.601068 0.103395
vn 0.800442 0.596486 -0.059145
vn 0.855057 0.375983 -0.357092
vn 0.868830 -0.115906 0.481353
vn 0.253335 0.200019 -0.946474
vn 0.855057 0.375983 -0.357092
vn 0.800442 0.596486 -0.059145
vn 0.584584 0.363507 0.725344
vn 0.808320 0.504414 0.303622
vn 0.607386 0.754457 0.248752
vn 0.584584 0.363507 0.725344
vn 0.607386 0.754457 0.248752
vn 0.652520 0.755979 0.052094
vn 0.584584 0.363507 0.725344
vn 0.792482 0.601068 0.103395
vn 0.808320 0.504414 0.303622
vn 0.497793 0.852178 0.161226
vn 0.652520 0.755979 0.052094
vn 0.607386 0.754457 0.248752
vn 0.497793 0.852178 0.161226
vn 0.607386 0.754457 0.248752
vn 0.307897 0.879838 0.362056
vn 0.497793 0.852178 0.161226
vn 0.307897 0.879838 0.362056
vn 0.338210 0.940805 0.022370
vn 0.510550 0.854894 -0.092167
vn 0.497793 0.852178 0.161226
vn 0.338210 0.940805 0.022370
vn 0.510550 0.854894 -0.092167
vn 0.652520 0.755979 0.052094
vn 0.497793 0.852178 0.161226
vn 0.510550 0.854894 -0.092167
vn 0.792482 0.601068 0.103395
vn 0.652520 0.755979 0.052094
vn 0.792482 0.601068 0.103395
vn 0.584584 0.363507 0.725344
vn 0.652520 0.755979 0.052094
vn 0.510550 0.854894 -0.092167
vn 0.716137 0.690441 -0.102174
vn 0.792482 0.601068 0.103395
vn 0.868830 -0.115906 0.481353
vn 0.792482 0.601068 0.103395
vn 0.716137 0.690441 -0.102174
vn 0.716137 0.690441 -0.102174
vn 0.800442 0.596486 -0.059145
vn 0.868830 -0.115906 0.481353
vn 0.978339 0.204537 0.031891
vn 0.800442 0.596486 -0.059145
vn 0.716137 0.690441 -0.102174
vn 0.789514 0.540940 0.289917
vn 0.249273 0.334571 0.908804
vn 0.800442 0.596486 -0.059145
vn 0.789514 0.540940 0.289917
vn 0.800442 0.596486 -0.059145
vn 0.978339 0.204537 0.031891
vn 0.253335 0.200019 -0.946474
vn 0.800442 0.596486 -0.059145
vn 0.249273 0.334571 0.908804
vn 0.639395 0.360303 0.679232
vn 0.249273 0.334571 0.908804
vn 0.789514 0.540940 0.289917
vn 0.539079 0.761804 -0.359234
vn 0.780358 0.579302 -0.235481
vn 0.686296 0.711168 -0.152439
vn 0.561693 0.825007 0.062164
vn 0.686296 0.711168 -0.152439
vn 0.780358 0.579302 -0.235481
vn 0.561693 0.825007 0.062164
vn 0.780358 0.579302 -0.235481
vn 0.552075 0.796556 0.246397
vn 0.552075 0.796556 0.246397
vn 0.780358 0.579302 -0.235481
vn 0.620903 0.760434 -0.190315
vn 0.780358 0.579302 -0.235481
vn 0.559710 0.494553 -0.664938
vn 0.620903 0.760434 -0.190315
vn 0.539079 0.761804 -0.359234
vn 0.413981 0.807240 -0.420695
vn 0.559710 0.494553 -0.664938
vn 0.539079 0.761804 -0.359234
vn 0.559710 0.494553 -0.664938
vn 0.780358 0.579302 -0.235481
vn 0.413981 0.807240 -0.420695
vn 0.539079 0.761804 -0.359234
vn 0.312329 0.945165 -0.095463
vn 0.836966 0.528395 -0.142429
vn 0.870142 0.280617 -0.405102
vn 0.413981 0.807240 -0.420695
vn 0.836966 0.528395 -0.142429
vn 0.413981 0.807240 -0.420695
vn 0.312329 0.945165 -0.095463
vn 0.870142 0.280617 -0.405102
vn 0.858483 0.432721 -0.275246
vn 0.413981 0.807240 -0.420695
vn 0.858483 0.432721 -0.275246
vn 0.559710 0.494553 -0.664938
vn 0.413981 0.807240 -0.420695
vn 0.620903 0.760434 -0.190315
vn 0.559710 0.494553 -0.664938
vn 0.858483 0.432721 -0.275246
vn 0.620903 0.760434 -0.190315
vn 0.858483 0.432721 -0.275246
vn 0.563488 0.803636 -0.191441
vn 0.007324 0.856895 0.515440
vn 0.552075 0.796556 0.246397
vn 0.620903 0.760434 -0.190315
vn 0.007324 0.856895 0.515440
vn 0.620903 0.760434 -0.190315
vn -0.026123 0.995627 -0.089693
vn -0.026123 0.995627 -0.089693
vn 0.620903 0.760434 -0.190315
vn -0.045380 0.815819 -0.576524
vn -0.045380 0.815819 -0.576524
vn 0.620903 0.760434 -0.190315
vn 0.431957 0.865226 -0.254554
vn -0.045380 0.815819 -0.576524
vn 0.431957 0.865226 -0.254554
vn -0.018555 0.973576 -0.227608
vn 0.431957 0.865226 -0.254554
vn 0.620903 0.760434 -0.190315
vn 0.563488 0.803636 -0.191441
vn 0.450791 0.714441 0.535128
vn 0.510905 0.783005 0.354794
vn 0.552075 0.796556 0.246397
vn 0.450791 0.714441 0.535128
vn 0.552075 0.796556 0.246397
vn 0.007324 0.856895 0.515440
vn 0.510905 0.783005 0.354794
vn 0.561693 0.825007 0.062164
vn 0.552075 0.796556 0.246397
vn -0.552683 0.792579 0.257603
vn -0.523284 0.819634 0.233184
vn -0.406136 0.685214 0.604595
vn -0.552683 0.792579 0.257603
vn -0.406136 0.685214 0.604595
vn 0.007324 0.856895 0.515440
vn -0.406136 0.685214 0.604595
vn -0.007233 0.711510 0.702639
vn 0.007324 0.856895 0.515440
vn -0.635196 0.753659 -0.168890
vn -0.552683 0.792579 0.257603
vn 0.007324 0.856895 0.515440
vn -0.635196 0.753659 -0.168890
vn 0.007324 0.856895 0.515440
vn -0.026123 0.995627 -0.089693
vn -0.007233 0.711510 0.702639
vn 0.450791 0.714441 0.535128
vn 0.007324 0.856895 0.515440
vn -0.635196 0.753659 -0.168890
vn -0.026123 0.995627 -0.089693
vn -0.045380 0.815819 -0.576524
vn -0.635196 0.753659 -0.168890
vn -0.045380 0.815819 -0.576524
vn -0.481715 0.841295 -0.245305
vn -0.045380 0.815819 -0.576524
vn -0.018555 0.973576 -0.227608
vn -0.481715 0.841295 -0.245305
vn 0.431957 0.865226 -0.254554
vn 0.563488 0.803636 -0.191441
vn -0.018555 0.973576 -0.227608
vn 0.563488 0.803636 -0.191441
vn 0.002106 0.998676 -0.051393
vn -0.018555 0.973576 -0.227608
vn 0.563488 0.803636 -0.191441
vn 0.858483 0.432721 -0.275246
vn 0.787509 0.603725 -0.123876
vn 0.563488 0.803636 -0.191441
vn 0.787509 0.603725 -0.123876
vn 0.002106 0.998676 -0.051393
vn 0.836966 0.528395 -0.142429
vn 0.839895 0.542586 -0.013306
vn 0.787509 0.603725 -0.123876
vn 0.858483 0.432721 -0.275246
vn 0.870142 0.280617 -0.405102
vn 0.836966 0.528395 -0.142429
vn 0.858483 0.432721 -0.275246
vn 0.836966 0.528395 -0.142429
vn 0.787509 0.603725 -0.123876
vn 0.787509 0.603725 -0.123876
vn 0.278789 0.948768 0.148714
vn 0.002106 0.998676 -0.051393
vn 0.839895 0.542586 -0.013306
vn 0.278789 0.948768 0.148714
vn 0.787509 0.603725 -0.123876
vn -0.586129 0.784703 -0.201730
vn 0.002106 0.998676 -0.051393
vn -0.792056 0.598684 -0.119267
vn -0.586129 0.784703 -0.201730
vn -0.792056 0.598684 -0.119267
vn -0.870645 0.403550 -0.281292
vn -0.792056 0.598684 -0.119267
vn 0.002106 0.998676 -0.051393
vn -0.281215 0.948105 0.148374
vn -0.481715 0.841295 -0.245305
vn -0.018555 0.973576 -0.227608
vn -0.586129 0.784703 -0.201730
vn -0.018555 0.973576 -0.227608
vn 0.002106 0.998676 -0.051393
vn -0.586129 0.784703 -0.201730
vn -0.586129 0.784703 -0.201730
vn -0.635196 0.753659 -0.168890
vn -0.481715 0.841295 -0.245305
vn -0.552683 0.792579 0.257603
vn -0.635196 0.753659 -0.168890
vn -0.801524 0.552484 -0.228739
vn -0.801524 0.552484 -0.228739
vn -0.635196 0.753659 -0.168890
vn -0.571963 0.499742 -0.650474
vn -0.870645 0.403550 -0.281292
vn -0.635196 0.753659 -0.168890
vn -0.586129 0.784703 -0.201730
vn -0.571963 0.499742 -0.650474
vn -0.635196 0.753659 -0.168890
vn -0.870645 0.403550 -0.281292
vn -0.870645 0.403550 -0.281292
vn -0.792056 0.598684 -0.119267
vn -0.850129 0.491287 -0.189520
vn -0.870645 0.403550 -0.281292
vn -0.850129 0.491287 -0.189520
vn -0.865202 0.284432 -0.412945
vn -0.850129 0.491287 -0.189520
vn -0.792056 0.598684 -0.119267
vn -0.835179 0.529652 -0.148138
vn -0.835179 0.529652 -0.148138
vn -0.792056 0.598684 -0.119267
vn -0.680248 0.728305 0.082673
vn -0.792056 0.598684 -0.119267
vn -0.934329 0.304545 0.185151
vn -0.680248 0.728305 0.082673
vn -0.934329 0.304545 0.185151
vn -0.792056 0.598684 -0.119267
vn -0.281215 0.948105 0.148374
vn -0.281215 0.948105 0.148374
vn -0.366418 0.061890 0.928390
vn -0.332094 0.915836 0.225740
vn -0.934329 0.304545 0.185151
vn -0.281215 0.948105 0.148374
vn -0.332094 0.915836 0.225740
vn -0.281215 0.948105 0.148374
vn 0.041352 0.996242 0.076110
vn -0.366418 0.061890 0.928390
vn -0.281215 0.948105 0.148374
vn -0.168733 0.965613 -0.197792
vn 0.041352 0.996242 0.076110
vn -0.168733 0.965613 -0.197792
vn -0.281215 0.948105 0.148374
vn 0.002106 0.998676 -0.051393
vn -0.168733 0.965613 -0.197792
vn 0.002106 0.998676 -0.051393
vn 0.001923 0.963320 -0.268350
vn -0.237271 0.966874 -0.094118
vn -0.680248 0.728305 0.082673
vn -0.332094 0.915836 0.225740
vn -0.680248 0.728305 0.082673
vn -0.934329 0.304545 0.185151
vn -0.332094 0.915836 0.225740
vn -0.835179 0.529652 -0.148138
vn -0.680248 0.728305 0.082673
vn -0.237271 0.966874 -0.094118
vn -0.850129 0.491287 -0.189520
vn -0.835179 0.529652 -0.148138
vn -0.237271 0.966874 -0.094118
vn -0.441251 0.783131 -0.438182
vn -0.865202 0.284432 -0.412945
vn -0.850129 0.491287 -0.189520
vn -0.441251 0.783131 -0.438182
vn -0.850129 0.491287 -0.189520
vn -0.237271 0.966874 -0.094118
vn -0.441251 0.783131 -0.438182
vn -0.870645 0.403550 -0.281292
vn -0.865202 0.284432 -0.412945
vn -0.441251 0.783131 -0.438182
vn -0.571963 0.499742 -0.650474
vn -0.870645 0.403550 -0.281292
vn -0.661093 0.532479 -0.528604
vn -0.801524 0.552484 -0.228739
vn -0.571963 0.499742 -0.650474
vn -0.661093 0.532479 -0.528604
vn -0.571963 0.499742 -0.650474
vn -0.441251 0.783131 -0.438182
vn -0.801524 0.552484 -0.228739
vn -0.661093 0.532479 -0.528604
vn -0.542355 0.825887 -0.154148
vn -0.801524 0.552484 -0.228739
vn -0.542355 0.825887 -0.154148
vn -0.566193 0.823268 0.040680
vn -0.801524 0.552484 -0.228739
vn -0.566193 0.823268 0.040680
vn -0.552683 0.792579 0.257603
vn -0.661093 0.532479 -0.528604
vn -0.441251 0.783131 -0.438182
vn -0.237271 0.966874 -0.094118
vn -0.504295 0.858259 -0.095277
vn -0.542355 0.825887 -0.154148
vn -0.398100 0.912194 -0.097048
vn -0.542355 0.825887 -0.154148
vn -0.237271 0.966874 -0.094118
vn -0.398100 0.912194 -0.097048
vn -0.542355 0.825887 -0.154148
vn -0.661093 0.532479 -0.528604
vn -0.237271 0.966874 -0.094118
vn -0.237271 0.966874 -0.094118
vn 0.062013 0.994219 -0.087648
vn -0.398100 0.912194 -0.097048
vn 0.062013 0.994219 -0.087648
vn -0.237271 0.966874 -0.094118
vn -0.332094 0.915836 0.225740
vn -0.075622 0.963279 -0.257635
vn 0.062013 0.994219 -0.087648
vn -0.332094 0.915836 0.225740
vn -0.075622 0.963279 -0.257635
vn -0.332094 0.915836 0.225740
vn -0.436551 0.837087 0.329710
vn -0.436551 0.837087 0.329710
vn -0.332094 0.915836 0.225740
vn -0.366418 0.061890 0.928390
vn -0.436551 0.837087 0.329710
vn -0.366418 0.061890 0.928390
vn -0.372956 -0.208252 0.904176
vn -0.328640 0.399056 0.856008
vn -0.366418 0.061890 0.928390
vn 0.041352 0.996242 0.076110
vn -0.354739 -0.187990 0.915871
vn -0.372956 -0.208252 0.904176
vn -0.328640 0.399056 0.856008
vn -0.372956 -0.208252 0.904176
vn -0.366418 0.061890 0.928390
vn -0.328640 0.399056 0.856008
vn 0.041352 0.996242 0.076110
vn -0.237485 0.957478 -0.163822
vn -0.151887 0.988381 0.005829
vn 0.041352 0.996242 0.076110
vn -0.151887 0.988381 0.005829
vn -0.328640 0.399056 0.856008
vn 0.041352 0.996242 0.076110
vn -0.168733 0.965613 -0.197792
vn -0.237485 0.957478 -0.163822
vn -0.439114 0.526715 0.727839
vn -0.328640 0.399056 0.856008
vn -0.151887 0.988381 0.005829
vn -0.354739 -0.187990 0.915871
vn -0.328640 0.399056 0.856008
vn -0.439114 0.526715 0.727839
vn -0.320037 0.327982 0.888822
vn -0.372956 -0.208252 0.904176
vn -0.165405 -0.149353 0.974851
vn -0.372956 -0.208252 0.904176
vn -0.354739 -0.187990 0.915871
vn -0.165405 -0.149353 0.974851
vn -0.297942 0.088229 0.950498
vn -0.165405 -0.149353 0.974851
vn -0.354739 -0.187990 0.915871
vn -0.297942 0.088229 0.950498
vn -0.354739 -0.187990 0.915871
vn -0.439114 0.526715 0.727839
vn -0.395876 0.891084 0.221925
vn -0.436551 0.837087 0.329710
vn -0.372956 -0.208252 0.904176
vn -0.395876 0.891084 0.221925
vn -0.075622 0.963279 -0.257635
vn -0.436551 0.837087 0.329710
vn 0.062013 0.994219 -0.087648
vn -0.075622 0.963279 -0.257635
vn -0.082183 0.953999 0.288327
vn -0.075622 0.963279 -0.257635
vn -0.098359 0.893007 -0.439164
vn -0.082183 0.953999 0.288327
vn -0.082183 0.953999 0.288327
vn -0.398100 0.912194 -0.097048
vn 0.062013 0.994219 -0.087648
vn -0.268466 0.960061 0.078797
vn -0.504295 0.858259 -0.095277
vn -0.398100 0.912194 -0.097048
vn -0.268466 0.960061 0.078797
vn -0.398100 0.912194 -0.097048
vn -0.097321 0.994451 0.039948
vn -0.097321 0.994451 0.039948
vn -0.398100 0.912194 -0.097048
vn -0.482302 0.394820 0.781986
vn -0.082183 0.953999 0.288327
vn -0.482302 0.394820 0.781986
vn -0.398100 0.912194 -0.097048
vn -0.502106 0.665518 0.552246
vn -0.447415 0.388498 0.805537
vn -0.482302 0.394820 0.781986
vn -0.502106 0.665518 0.552246
vn -0.482302 0.394820 0.781986
vn -0.082183 0.953999 0.288327
vn -0.502106 0.665518 0.552246
vn -0.082183 0.953999 0.288327
vn -0.098359 0.893007 -0.439164
vn -0.502106 0.665518 0.552246
vn -0.098359 0.893007 -0.439164
vn -0.465612 0.809299 -0.358108
vn -0.098359 0.893007 -0.439164
vn -0.075622 0.963279 -0.257635
vn -0.164274 0.804762 -0.570414
vn -0.098359 0.893007 -0.439164
vn -0.164274 0.804762 -0.570414
vn -0.465612 0.809299 -0.358108
vn -0.395876 0.891084 0.221925
vn -0.458706 0.864766 0.204375
vn -0.075622 0.963279 -0.257635
vn -0.458706 0.864766 0.204375
vn -0.164274 0.804762 -0.570414
vn -0.075622 0.963279 -0.257635
vn -0.458706 0.864766 0.204375
vn -0.395876 0.891084 0.221925
vn -0.372956 -0.208252 0.904176
vn -0.458706 0.864766 0.204375
vn -0.372956 -0.208252 0.904176
vn -0.320037 0.327982 0.888822
vn -0.165405 -0.149353 0.974851
vn -0.431517 0.451154 0.781187
vn -0.481989 0.793198 0.372188
vn -0.165405 -0.149353 0.974851
vn -0.481989 0.793198 0.372188
vn -0.320037 0.327982 0.888822
vn -0.320037 0.327982 0.888822
vn -0.481989 0.793198 0.372188
vn -0.458706 0.864766 0.204375
vn -0.199859 0.008026 0.979792
vn -0.431517 0.451154 0.781187
vn -0.297942 0.088229 0.950498
vn -0.431517 0.451154 0.781187
vn -0.165405 -0.149353 0.974851
vn -0.297942 0.088229 0.950498
vn -0.100157 0.024201 0.994677
vn -0.534058 0.473373 0.700500
vn -0.199859 0.008026 0.979792
vn -0.100157 0.024201 0.994677
vn -0.199859 0.008026 0.979792
vn -0.183990 0.144230 0.972289
vn -0.199859 0.008026 0.979792
vn -0.534058 0.473373 0.700500
vn -0.431517 0.451154 0.781187
vn -0.199859 0.008026 0.979792
vn -0.297942 0.088229 0.950498
vn -0.183990 0.144230 0.972289
vn -0.431517 0.451154 0.781187
vn -0.164274 0.804762 -0.570414
vn -0.481989 0.793198 0.372188
vn -0.481989 0.793198 0.372188
vn -0.164274 0.804762 -0.570414
vn -0.458706 0.864766 0.204375
vn -0.574223 0.639337 0.511387
vn -0.465612 0.809299 -0.358108
vn -0.614845 0.571862 -0.543083
vn -0.465612 0.809299 -0.358108
vn -0.325895 0.677475 -0.659409
vn -0.536718 0.657008 -0.529409
vn -0.614845 0.571862 -0.543083
vn -0.465612 0.809299 -0.358108
vn -0.536718 0.657008 -0.529409
vn -0.614845 0.571862 -0.543083
vn -0.536718 0.657008 -0.529409
vn -0.590371 0.613797 -0.524133
vn -0.574223 0.639337 0.511387
vn -0.502106 0.665518 0.552246
vn -0.465612 0.809299 -0.358108
vn -0.465612 0.809299 -0.358108
vn -0.164274 0.804762 -0.570414
vn -0.325895 0.677475 -0.659409
vn -0.431517 0.451154 0.781187
vn -0.325895 0.677475 -0.659409
vn -0.164274 0.804762 -0.570414
vn -0.431517 0.451154 0.781187
vn -0.534058 0.473373 0.700500
vn -0.536718 0.657008 -0.529409
vn -0.431517 0.451154 0.781187
vn -0.536718 0.657008 -0.529409
vn -0.325895 0.677475 -0.659409
vn -0.663609 0.721065 0.199220
vn -0.590371 0.613797 -0.524133
vn -0.536718 0.657008 -0.529409
vn -0.663609 0.721065 0.199220
vn -0.536718 0.657008 -0.529409
vn -0.534058 0.473373 0.700500
vn -0.100157 0.024201 0.994677
vn -0.185515 0.077517 0.979579
vn -0.663609 0.721065 0.199220
vn -0.100157 0.024201 0.994677
vn -0.663609 0.721065 0.199220
vn -0.534058 0.473373 0.700500
vn 0.242161 -0.146818 0.959063
vn -0.100157 0.024201 0.994677
vn -0.459621 0.567120 0.683465
vn -0.100157 0.024201 0.994677
vn -0.183990 0.144230 0.972289
vn -0.459621 0.567120 0.683465
vn -0.459621 0.567120 0.683465
vn -0.183990 0.144230 0.972289
vn -0.481536 0.729116 0.486327
vn -0.481536 0.729116 0.486327
vn -0.183990 0.144230 0.972289
vn -0.297942 0.088229 0.950498
vn -0.481536 0.729116 0.486327
vn -0.297942 0.088229 0.950498
vn -0.439114 0.526715 0.727839
vn -0.459621 0.567120 0.683465
vn -0.481536 0.729116 0.486327
vn -0.496636 0.818495 -0.288823
vn -0.481536 0.729116 0.486327
vn -0.439114 0.526715 0.727839
vn -0.151887 0.988381 0.005829
vn -0.481536 0.729116 0.486327
vn -0.151887 0.988381 0.005829
vn -0.496636 0.818495 -0.288823
vn -0.385195 0.128209 0.913886
vn -0.459621 0.567120 0.683465
vn -0.771452 0.623187 -0.128452
vn 0.242161 -0.146818 0.959063
vn -0.459621 0.567120 0.683465
vn -0.385195 0.128209 0.913886
vn -0.459621 0.567120 0.683465
vn -0.496636 0.818495 -0.288823
vn -0.771452 0.623187 -0.128452
vn 0.242161 -0.146818 0.959063
vn -0.185515 0.077517 0.979579
vn -0.100157 0.024201 0.994677
vn 0.242161 -0.146818 0.959063
vn -0.385195 0.128209 0.913886
vn 0.181126 -0.784694 0.592831
vn 0.242161 -0.146818 0.959063
vn 0.181126 -0.784694 0.592831
vn -0.185515 0.077517 0.979579
vn -0.663609 0.721065 0.199220
vn -0.725045 0.587885 -0.358749
vn -0.590371 0.613797 -0.524133
vn -0.614845 0.571862 -0.543083
vn -0.590371 0.613797 -0.524133
vn -0.725045 0.587885 -0.358749
vn -0.574223 0.639337 0.511387
vn -0.614845 0.571862 -0.543083
vn -0.826593 0.461925 -0.321510
vn -0.826593 0.461925 -0.321510
vn -0.614845 0.571862 -0.543083
vn -0.725045 0.587885 -0.358749
vn -0.702515 0.676810 0.220001
vn -0.663609 0.721065 0.199220
vn -0.185515 0.077517 0.979579
vn -0.702515 0.676810 0.220001
vn -0.185515 0.077517 0.979579
vn 0.181126 -0.784694 0.592831
vn -0.385195 0.128209 0.913886
vn -0.911090 -0.119994 -0.394355
vn 0.181126 -0.784694 0.592831
vn -0.969338 -0.214113 -0.120580
vn 0.181126 -0.784694 0.592831
vn -0.911090 -0.119994 -0.394355
vn -0.969338 -0.214113 -0.120580
vn -0.911090 -0.119994 -0.394355
vn -0.968594 -0.080200 -0.235358
vn -0.678319 0.444231 0.585271
vn -0.702515 0.676810 0.220001
vn 0.181126 -0.784694 0.592831
vn -0.678319 0.444231 0.585271
vn 0.181126 -0.784694 0.592831
vn -0.969338 -0.214113 -0.120580
vn -0.911090 -0.119994 -0.394355
vn -0.385195 0.128209 0.913886
vn -0.771452 0.623187 -0.128452
vn -0.911090 -0.119994 -0.394355
vn -0.771452 0.623187 -0.128452
vn -0.794189 0.588366 -0.151952
vn -0.794189 0.588366 -0.151952
vn -0.771452 0.623187 -0.128452
vn -0.585459 0.778875 -0.224925
vn -0.771452 0.623187 -0.128452
vn -0.496636 0.818495 -0.288823
vn -0.585459 0.778875 -0.224925
vn -0.585459 0.778875 -0.224925
vn -0.496636 0.818495 -0.288823
vn -0.237485 0.957478 -0.163822
vn -0.496636 0.818495 -0.288823
vn -0.151887 0.988381 0.005829
vn -0.237485 0.957478 -0.163822
vn -0.471437 0.798366 -0.374646
vn -0.237485 0.957478 -0.163822
vn -0.168733 0.965613 -0.197792
vn -0.585459 0.778875 -0.224925
vn -0.237485 0.957478 -0.163822
vn -0.471437 0.798366 -0.374646
vn -0.823215 0.478959 -0.304820
vn -0.585459 0.778875 -0.224925
vn -0.471437 0.798366 -0.374646
vn -0.823215 0.478959 -0.304820
vn -0.794189 0.588366 -0.151952
vn -0.585459 0.778875 -0.224925
vn -0.911090 -0.119994 -0.394355
vn -0.794189 0.588366 -0.151952
vn -0.968594 -0.080200 -0.235358
vn -0.794189 0.588366 -0.151952
vn -0.823215 0.478959 -0.304820
vn -0.968594 -0.080200 -0.235358
vn -0.969338 -0.214113 -0.120580
vn -0.968594 -0.080200 -0.235358
vn -0.823215 0.478959 -0.304820
vn -0.791833 0.609816 0.033539
vn -0.678319 0.444231 0.585271
vn -0.969338 -0.214113 -0.120580
vn -0.791833 0.609816 0.033539
vn -0.969338 -0.214113 -0.120580
vn -0.855709 0.198461 -0.477887
vn -0.791833 0.609816 0.033539
vn -0.702515 0.676810 0.220001
vn -0.678319 0.444231 0.585271
vn -0.702515 0.676810 0.220001
vn -0.725045 0.587885 -0.358749
vn -0.663609 0.721065 0.199220
vn -0.725045 0.587885 -0.358749
vn -0.849238 0.470409 -0.239813
vn -0.826593 0.461925 -0.321510
vn -0.791833 0.609816 0.033539
vn -0.849238 0.470409 -0.239813
vn -0.725045 0.587885 -0.358749
vn -0.791833 0.609816 0.033539
vn -0.725045 0.587885 -0.358749
vn -0.702515 0.676810 0.220001
vn -0.939307 0.325818 0.107453
vn -0.812628 0.577415 0.078919
vn -0.791833 0.609816 0.033539
vn -0.939307 0.325818 0.107453
vn -0.791833 0.609816 0.033539
vn -0.969160 0.076297 -0.234324
vn -0.791833 0.609816 0.033539
vn -0.812628 0.577415 0.078919
vn -0.849238 0.470409 -0.239813
vn -0.969160 0.076297 -0.234324
vn -0.791833 0.609816 0.033539
vn -0.855709 0.198461 -0.477887
vn -0.969338 -0.214113 -0.120580
vn -0.731837 0.286628 -0.618271
vn -0.855709 0.198461 -0.477887
vn -0.969160 0.076297 -0.234324
vn -0.855709 0.198461 -0.477887
vn -0.678860 0.111270 -0.725788
vn -0.969160 0.076297 -0.234324
vn -0.678860 0.111270 -0.725788
vn -0.910218 0.387158 -0.147008
vn -0.731837 0.286628 -0.618271
vn -0.550753 0.586050 -0.594320
vn -0.549292 0.284924 -0.785555
vn -0.731837 0.286628 -0.618271
vn -0.549292 0.284924 -0.785555
vn -0.855709 0.198461 -0.477887
vn -0.855709 0.198461 -0.477887
vn -0.549292 0.284924 -0.785555
vn -0.678860 0.111270 -0.725788
vn -0.969338 -0.214113 -0.120580
vn -0.823215 0.478959 -0.304820
vn -0.731837 0.286628 -0.618271
vn -0.823215 0.478959 -0.304820
vn -0.471437 0.798366 -0.374646
vn -0.731837 0.286628 -0.618271
vn -0.731837 0.286628 -0.618271
vn -0.471437 0.798366 -0.374646
vn -0.550753 0.586050 -0.594320
vn -0.550753 0.586050 -0.594320
vn -0.274845 0.466940 -0.840492
vn -0.549292 0.284924 -0.785555
vn -0.678860 0.111270 -0.725788
vn -0.549292 0.284924 -0.785555
vn -0.255128 0.180274 -0.949953
vn -0.549292 0.284924 -0.785555
vn -0.274845 0.466940 -0.840492
vn -0.119264 0.208138 -0.970801
vn -0.549292 0.284924 -0.785555
vn -0.119264 0.208138 -0.970801
vn -0.255128 0.180274 -0.949953
vn -0.769559 0.638445 -0.012940
vn -0.678860 0.111270 -0.725788
vn -0.255128 0.180274 -0.949953
vn -0.910218 0.387158 -0.147008
vn -0.678860 0.111270 -0.725788
vn -0.769559 0.638445 -0.012940
vn -0.910218 0.387158 -0.147008
vn -0.769559 0.638445 -0.012940
vn -0.919447 0.393115 0.008820
vn -0.939307 0.325818 0.107453
vn -0.969160 0.076297 -0.234324
vn -0.989832 0.142124 0.005707
vn -0.939307 0.325818 0.107453
vn -0.989832 0.142124 0.005707
vn -0.877056 0.480306 -0.008912
vn -0.989832 0.142124 0.005707
vn -0.969160 0.076297 -0.234324
vn -0.910218 0.387158 -0.147008
vn -0.989832 0.142124 0.005707
vn -0.910218 0.387158 -0.147008
vn -0.919447 0.393115 0.008820
vn -0.997396 0.072115 -0.000122
vn -0.919447 0.393115 0.008820
vn -0.988318 0.152349 0.004181
vn -0.919447 0.393115 0.008820
vn -0.889953 0.455550 0.021393
vn -0.988318 0.152349 0.004181
vn -0.919447 0.393115 0.008820
vn -0.769559 0.638445 -0.012940
vn -0.889953 0.455550 0.021393
vn -0.769559 0.638445 -0.012940
vn -0.651986 0.758120 -0.013001
vn -0.889953 0.455550 0.021393
vn -0.769559 0.638445 -0.012940
vn -0.255128 0.180274 -0.949953
vn -0.434786 0.884920 -0.166968
vn -0.769559 0.638445 -0.012940
vn -0.434786 0.884920 -0.166968
vn -0.651986 0.758120 -0.013001
vn -0.434786 0.884920 -0.166968
vn -0.250736 0.956526 -0.148963
vn -0.651986 0.758120 -0.013001
vn -0.255128 0.180274 -0.949953
vn -0.119264 0.208138 -0.970801
vn -0.434786 0.884920 -0.166968
vn -0.119264 0.208138 -0.970801
vn -0.039490 0.220773 -0.974526
vn -0.434786 0.884920 -0.166968
vn -0.550753 0.586050 -0.594320
vn -0.254543 0.633797 -0.730417
vn -0.274845 0.466940 -0.840492
vn -0.274845 0.466940 -0.840492
vn -0.254543 0.633797 -0.730417
vn -0.103394 0.446793 -0.888642
vn -0.274845 0.466940 -0.840492
vn -0.103394 0.446793 -0.888642
vn -0.039490 0.220773 -0.974526
vn -0.274845 0.466940 -0.840492
vn -0.039490 0.220773 -0.974526
vn -0.119264 0.208138 -0.970801
vn -0.550753 0.586050 -0.594320
vn -0.471437 0.798366 -0.374646
vn -0.254543 0.633797 -0.730417
vn -0.103394 0.446793 -0.888642
vn 0.003967 0.344983 -0.938601
vn -0.009491 0.305922 -0.952009
vn -0.103394 0.446793 -0.888642
vn -0.009491 0.305922 -0.952009
vn -0.039490 0.220773 -0.974526
vn -0.103394 0.446793 -0.888642
vn -0.254543 0.633797 -0.730417
vn -0.118226 0.654599 -0.746674
vn -0.103394 0.446793 -0.888642
vn -0.118226 0.654599 -0.746674
vn 0.003967 0.344983 -0.938601
vn -0.434786 0.884920 -0.166968
vn -0.039490 0.220773 -0.974526
vn -0.009491 0.305922 -0.952009
vn -0.434786 0.884920 -0.166968
vn -0.009491 0.305922 -0.952009
vn -0.026520 0.976880 -0.212137
vn -0.434786 0.884920 -0.166968
vn -0.026520 0.976880 -0.212137
vn -0.250736 0.956526 -0.148963
vn -0.026520 0.976880 -0.212137
vn 0.192540 0.956442 -0.219426
vn -0.250736 0.956526 -0.148963
vn -0.254543 0.633797 -0.730417
vn -0.471437 0.798366 -0.374646
vn -0.168733 0.965613 -0.197792
vn -0.254543 0.633797 -0.730417
vn -0.168733 0.965613 -0.197792
vn -0.118226 0.654599 -0.746674
vn -0.168733 0.965613 -0.197792
vn 0.001923 0.963320 -0.268350
vn -0.118226 0.654599 -0.746674
vn -0.118226 0.654599 -0.746674
vn 0.069673 0.574412 -0.815596
vn 0.003967 0.344983 -0.938601
vn -0.009491 0.305922 -0.952009
vn 0.003967 0.344983 -0.938601
vn 0.038850 0.246773 -0.968294
vn -0.997396 0.072115 -0.000122
vn -0.988318 0.152349 0.004181
vn -0.998470 -0.055237 0.002380
vn -0.998176 -0.060364 0.000000
vn -0.997396 0.072115 -0.000122
vn -0.998470 -0.055237 0.002380
vn -0.997396 0.072115 -0.000122
vn -0.922209 0.386577 -0.009461
vn -0.919447 0.393115 0.008820
vn -0.922209 0.386577 -0.009461
vn -0.923730 0.350136 0.155333
vn -0.877056 0.480306 -0.008912
vn -0.922209 0.386577 -0.009461
vn -0.877056 0.480306 -0.008912
vn -0.919447 0.393115 0.008820
vn -0.919447 0.393115 0.008820
vn -0.877056 0.480306 -0.008912
vn -0.989832 0.142124 0.005707
vn -0.877056 0.480306 -0.008912
vn -0.923730 0.350136 0.155333
vn -0.939307 0.325818 0.107453
vn -0.939307 0.325818 0.107453
vn -0.923730 0.350136 0.155333
vn -0.847992 0.277230 0.451721
vn -0.923730 0.350136 0.155333
vn -0.922209 0.386577 -0.009461
vn -0.817995 0.574146 -0.035218
vn -0.923730 0.350136 0.155333
vn -0.817995 0.574146 -0.035218
vn -0.847992 0.277230 0.451721
vn -0.896328 0.367868 0.247527
vn -0.939307 0.325818 0.107453
vn -0.847992 0.277230 0.451721
vn -0.753225 0.656414 -0.042115
vn -0.939307 0.325818 0.107453
vn -0.896328 0.367868 0.247527
vn -0.896328 0.367868 0.247527
vn -0.504295 0.858259 -0.095277
vn -0.753225 0.656414 -0.042115
vn -0.939307 0.325818 0.107453
vn -0.753225 0.656414 -0.042115
vn -0.836006 0.546317 0.051301
vn -0.753225 0.656414 -0.042115
vn -0.789394 0.578781 0.204619
vn -0.836006 0.546317 0.051301
vn -0.939307 0.325818 0.107453
vn -0.836006 0.546317 0.051301
vn -0.812628 0.577415 0.078919
vn -0.955607 0.276531 -0.101719
vn -0.836006 0.546317 0.051301
vn -0.789394 0.578781 0.204619
vn -0.504295 0.858259 -0.095277
vn -0.789394 0.578781 0.204619
vn -0.753225 0.656414 -0.042115
vn -0.504295 0.858259 -0.095277
vn -0.591669 0.766130 0.250944
vn -0.789394 0.578781 0.204619
vn -0.758635 0.496871 0.421417
vn -0.896328 0.367868 0.247527
vn -0.847992 0.277230 0.451721
vn -0.758635 0.496871 0.421417
vn -0.718808 -0.082428 0.690305
vn -0.896328 0.367868 0.247527
vn -0.595948 0.780848 0.187409
vn -0.591669 0.766130 0.250944
vn -0.324306 0.887131 0.328365
vn -0.736133 0.513863 0.440514
vn -0.789394 0.578781 0.204619
vn -0.591669 0.766130 0.250944
vn -0.736133 0.513863 0.440514
vn -0.591669 0.766130 0.250944
vn -0.595948 0.780848 0.187409
vn -0.736133 0.513863 0.440514
vn -0.955607 0.276531 -0.101719
vn -0.789394 0.578781 0.204619
vn -0.955607 0.276531 -0.101719
vn -0.319735 0.297650 -0.899541
vn -0.836006 0.546317 0.051301
vn -0.955607 0.276531 -0.101719
vn -0.504726 0.647414 -0.571057
vn -0.319735 0.297650 -0.899541
vn -0.736133 0.513863 0.440514
vn -0.504726 0.647414 -0.571057
vn -0.955607 0.276531 -0.101719
vn -0.319735 0.297650 -0.899541
vn -0.386870 0.418773 0.821560
vn -0.836006 0.546317 0.051301
vn -0.386870 0.418773 0.821560
vn -0.812628 0.577415 0.078919
vn -0.836006 0.546317 0.051301
vn -0.446565 0.374128 0.812778
vn -0.812628 0.577415 0.078919
vn -0.386870 0.418773 0.821560
vn -0.319735 0.297650 -0.899541
vn -0.261444 0.323496 0.909394
vn -0.386870 0.418773 0.821560
vn -0.319735 0.297650 -0.899541
vn -0.504726 0.647414 -0.571057
vn -0.216491 0.352426 -0.910455
vn -0.736133 0.513863 0.440514
vn -0.595948 0.780848 0.187409
vn -0.504726 0.647414 -0.571057
vn -0.595948 0.780848 0.187409
vn -0.392274 0.754390 -0.526324
vn -0.504726 0.647414 -0.571057
vn -0.504726 0.647414 -0.571057
vn -0.392274 0.754390 -0.526324
vn -0.216491 0.352426 -0.910455
vn -0.595948 0.780848 0.187409
vn -0.324306 0.887131 0.328365
vn -0.392274 0.754390 -0.526324
vn -0.268466 0.960061 0.078797
vn -0.324306 0.887131 0.328365
vn -0.591669 0.766130 0.250944
vn -0.324306 0.887131 0.328365
vn 0.148104 0.976885 -0.154147
vn -0.392274 0.754390 -0.526324
vn -0.268466 0.960061 0.078797
vn 0.148104 0.976885 -0.154147
vn -0.324306 0.887131 0.328365
vn -0.504295 0.858259 -0.095277
vn -0.268466 0.960061 0.078797
vn -0.591669 0.766130 0.250944
vn -0.268466 0.960061 0.078797
vn -0.097321 0.994451 0.039948
vn 0.148104 0.976885 -0.154147
vn 0.051362 0.408579 -0.911277
vn -0.137054 0.449658 -0.882623
vn -0.392274 0.754390 -0.526324
vn 0.051362 0.408579 -0.911277
vn -0.392274 0.754390 -0.526324
vn 0.148104 0.976885 -0.154147
vn 0.051362 0.408579 -0.911277
vn 0.148104 0.976885 -0.154147
vn -0.053253 0.771451 -0.634056
vn -0.053253 0.771451 -0.634056
vn 0.148104 0.976885 -0.154147
vn -0.097321 0.994451 0.039948
vn -0.216491 0.352426 -0.910455
vn -0.392274 0.754390 -0.526324
vn -0.137054 0.449658 -0.882623
vn -0.137054 0.449658 -0.882623
vn -0.324437 0.217447 0.920575
vn -0.216491 0.352426 -0.910455
vn -0.324437 0.217447 0.920575
vn -0.261444 0.323496 0.909394
vn -0.216491 0.352426 -0.910455
vn -0.319735 0.297650 -0.899541
vn -0.216491 0.352426 -0.910455
vn -0.261444 0.323496 0.909394
vn -0.574223 0.639337 0.511387
vn -0.446565 0.374128 0.812778
vn -0.261444 0.323496 0.909394
vn -0.446565 0.374128 0.812778
vn -0.386870 0.418773 0.821560
vn -0.261444 0.323496 0.909394
vn -0.446565 0.374128 0.812778
vn -0.574223 0.639337 0.511387
vn -0.826593 0.461925 -0.321510
vn -0.502106 0.665518 0.552246
vn -0.574223 0.639337 0.511387
vn -0.324437 0.217447 0.920575
vn -0.574223 0.639337 0.511387
vn -0.261444 0.323496 0.909394
vn -0.324437 0.217447 0.920575
vn -0.137054 0.449658 -0.882623
vn -0.447415 0.388498 0.805537
vn -0.324437 0.217447 0.920575
vn 0.051362 0.408579 -0.911277
vn -0.447415 0.388498 0.805537
vn -0.137054 0.449658 -0.882623
vn 0.051362 0.408579 -0.911277
vn -0.053253 0.771451 -0.634056
vn -0.447415 0.388498 0.805537
vn -0.053253 0.771451 -0.634056
vn -0.482302 0.394820 0.781986
vn -0.447415 0.388498 0.805537
vn -0.097321 0.994451 0.039948
vn -0.482302 0.394820 0.781986
vn -0.053253 0.771451 -0.634056
vn -0.502106 0.665518 0.552246
vn -0.324437 0.217447 0.920575
vn -0.447415 0.388498 0.805537
vn -0.826593 0.461925 -0.321510
vn -0.849238 0.470409 -0.239813
vn -0.812628 0.577415 0.078919
vn -0.826593 0.461925 -0.321510
vn -0.812628 0.577415 0.078919
vn -0.446565 0.374128 0.812778
vn -0.552683 0.792579 0.257603
vn -0.566193 0.823268 0.040680
vn -0.523284 0.819634 0.233184
vn -0.573854 0.786250 -0.229134
vn -0.523284 0.819634 0.233184
vn -0.566193 0.823268 0.040680
vn -0.486609 0.736054 -0.470570
vn -0.406136 0.685214 0.604595
vn -0.523284 0.819634 0.233184
vn -0.486609 0.736054 -0.470570
vn -0.523284 0.819634 0.233184
vn -0.573854 0.786250 -0.229134
vn -0.508367 0.785066 0.353885
vn -0.178375 0.946836 -0.267739
vn -0.486609 0.736054 -0.470570
vn -0.508367 0.785066 0.353885
vn -0.486609 0.736054 -0.470570
vn -0.573854 0.786250 -0.229134
vn -0.777317 0.629020 0.010590
vn -0.508367 0.785066 0.353885
vn -0.573854 0.786250 -0.229134
vn -0.777317 0.629020 0.010590
vn -0.255035 0.387004 0.886107
vn -0.508367 0.785066 0.353885
vn -0.508367 0.785066 0.353885
vn -0.255035 0.387004 0.886107
vn -0.150026 0.141119 0.978559
vn -0.508367 0.785066 0.353885
vn 0.000702 0.637201 0.770697
vn -0.178375 0.946836 -0.267739
vn -0.150026 0.141119 0.978559
vn 0.010193 0.233256 0.972362
vn 0.000702 0.637201 0.770697
vn -0.150026 0.141119 0.978559
vn 0.000702 0.637201 0.770697
vn -0.508367 0.785066 0.353885
vn -0.486609 0.736054 -0.470570
vn -0.178375 0.946836 -0.267739
vn -0.338043 0.797296 -0.500046
vn -0.178375 0.946836 -0.267739
vn -0.167967 0.921191 -0.350990
vn -0.338043 0.797296 -0.500046
vn -0.486609 0.736054 -0.470570
vn -0.338043 0.797296 -0.500046
vn -0.406136 0.685214 0.604595
vn -0.167967 0.921191 -0.350990
vn -0.007233 0.711510 0.702639
vn -0.406136 0.685214 0.604595
vn -0.167967 0.921191 -0.350990
vn -0.406136 0.685214 0.604595
vn -0.338043 0.797296 -0.500046
vn -0.167967 0.921191 -0.350990
vn -0.178375 0.946836 -0.267739
vn 0.007660 0.907041 -0.420973
vn 0.007660 0.907041 -0.420973
vn -0.178375 0.946836 -0.267739
vn 0.164313 0.830783 -0.531790
vn 0.164313 0.830783 -0.531790
vn -0.178375 0.946836 -0.267739
vn 0.275274 0.918384 -0.284246
vn 0.164313 0.830783 -0.531790
vn 0.275274 0.918384 -0.284246
vn 0.415813 0.747182 -0.518477
vn -0.178375 0.946836 -0.267739
vn 0.000702 0.637201 0.770697
vn 0.275274 0.918384 -0.284246
vn 0.000702 0.637201 0.770697
vn 0.519305 0.721491 0.458010
vn 0.275274 0.918384 -0.284246
vn 0.030397 0.305735 -0.951631
vn 0.010193 0.233256 0.972362
vn -0.150026 0.141119 0.978559
vn 0.030397 0.305735 -0.951631
vn -0.035827 0.221471 -0.974509
vn 0.010193 0.233256 0.972362
vn -0.255035 0.387004 0.886107
vn -0.582798 0.790434 -0.188575
vn 0.030397 0.305735 -0.951631
vn -0.255035 0.387004 0.886107
vn 0.030397 0.305735 -0.951631
vn -0.150026 0.141119 0.978559
vn 0.543444 0.769343 -0.335827
vn 0.415813 0.747182 -0.518477
vn 0.275274 0.918384 -0.284246
vn 0.543444 0.769343 -0.335827
vn 0.275274 0.918384 -0.284246
vn 0.519305 0.721491 0.458010
vn 0.164313 0.830783 -0.531790
vn 0.415813 0.747182 -0.518477
vn 0.450791 0.714441 0.535128
vn 0.543444 0.769343 -0.335827
vn 0.450791 0.714441 0.535128
vn 0.415813 0.747182 -0.518477
vn 0.164313 0.830783 -0.531790
vn 0.450791 0.714441 0.535128
vn -0.007233 0.711510 0.702639
vn 0.164313 0.830783 -0.531790
vn -0.007233 0.711510 0.702639
vn 0.007660 0.907041 -0.420973
vn -0.167967 0.921191 -0.350990
vn 0.007660 0.907041 -0.420973
vn -0.007233 0.711510 0.702639
vn 0.543444 0.769343 -0.335827
vn 0.510905 0.783005 0.354794
vn 0.450791 0.714441 0.535128
vn 0.510905 0.783005 0.354794
vn 0.543444 0.769343 -0.335827
vn 0.561693 0.825007 0.062164
vn 0.836966 0.528395 -0.142429
vn 0.312329 0.945165 -0.095463
vn 0.839895 0.542586 -0.013306
vn 0.312329 0.945165 -0.095463
vn 0.306772 0.911924 0.272553
vn 0.839895 0.542586 -0.013306
vn 0.573869 0.407513 0.710357
vn 0.278789 0.948768 0.148714
vn 0.839895 0.542586 -0.013306
vn 0.839895 0.542586 -0.013306
vn 0.306772 0.911924 0.272553
vn 0.573869 0.407513 0.710357
vn 0.573869 0.407513 0.710357
vn 0.306772 0.911924 0.272553
vn 0.278789 0.948768 0.148714
vn 0.989624 -0.135590 -0.047548
vn 0.680739 0.611921 0.402675
vn 0.711419 0.689690 0.134949
vn 0.002594 0.631366 0.775481
vn 0.467035 0.819257 0.332710
vn 0.282294 0.686020 0.670587
vn 0.002594 0.631366 0.775481
vn 0.282294 0.686020 0.670587
vn 0.062532 0.437723 0.896933
vn 0.467035 0.819257 0.332710
vn 0.564811 0.632471 0.530065
vn 0.282294 0.686020 0.670587
vn 0.564811 0.632471 0.530065
vn 0.410964 0.281413 0.867131
vn 0.282294 0.686020 0.670587
vn 0.467035 0.819257 0.332710
vn 0.671529 0.522263 0.525634
vn 0.564811 0.632471 0.530065
vn 0.467035 0.819257 0.332710
vn 0.561653 0.820079 0.109617
vn 0.671529 0.522263 0.525634
vn -0.578817 0.559456 0.593280
vn -0.906622 0.417298 -0.062444
vn -0.940702 0.338709 -0.018857
vn -0.953764 0.300556 0.000000
vn -0.487220 0.784562 0.383509
vn -0.530629 0.846352 -0.046052
vn -0.000000 0.678718 0.734399
vn -0.000000 0.932743 0.360541
vn -0.000000 0.913052 0.407843
vn -0.877369 0.356095 0.321591
vn -1.000000 0.000000 0.000000
vn -1.000000 0.000000 0.000000
vn -1.000000 0.000000 0.000000
vn -1.000000 0.000000 0.000000
vn -0.887183 0.450087 -0.101630
vn -0.925395 0.378131 -0.025695
vn -0.494644 0.869085 -0.004283
vn 0.000000 0.999437 0.033560
vn 0.578816 0.559456 0.593280
vn 0.487220 0.784562 0.383509
vn -0.000001 -0.000000 1.000000
vn -0.000001 -0.000000 1.000000
vn -0.000001 -0.000000 1.000000
vn -0.000001 -0.000000 1.000000
vn 0.877369 0.356095 0.321591
vn 0.000001 -0.000000 1.000000
vn 0.000001 -0.000000 1.000000
vn 0.000001 -0.000000 1.000000
vn 0.000001 -0.000000 1.000000
vn -1.000000 0.000000 0.000000
vn -1.000000 0.000000 0.000000
vn 0.000007 -1.000000 0.000000
vn 0.000007 -1.000000 0.000000
vn 0.000007 -1.000000 0.000000
vn 0.000007 -1.000000 0.000000
vn 0.000007 -1.000000 0.000000
vn 0.000007 -1.000000 0.000000
vn 0.000000 0.999005 0.044590
vn -0.890831 0.454069 0.015541
vn -0.487226 0.873182 0.012841
vn -0.921260 0.388905 0.005728
vn 0.530629 0.846352 -0.046052
vn 0.953764 0.300556 0.000000
vn 0.940702 0.338710 -0.018857
vn 0.906622 0.417299 -0.062444
vn 0.000007 -1.000000 0.000000
vn 0.000007 -1.000000 0.000000
vn 0.000007 -1.000000 0.000000
vn 0.000000 -1.000000 0.000011
vn 0.000000 -1.000000 0.000011
vn 0.000000 -1.000000 0.000011
vn -0.000007 -1.000000 0.000000
vn -0.000007 -1.000000 0.000000
vn -0.000007 -1.000000 0.000000
vn -0.000007 -1.000000 0.000000
vn -0.000007 -1.000000 0.000000
vn -0.000007 -1.000000 0.000000
vn -0.000007 -1.000000 0.000000
vn -0.000007 -1.000000 0.000000
vn -0.000007 -1.000000 0.000000
vn 1.000000 0.000000 0.000000
vn 1.000000 0.000000 0.000000
vn -1.000000 0.000000 -0.000000
vn -1.000000 0.000000 -0.000000
vn -0.000000 0.999897 -0.014323
vn 0.494644 0.869085 -0.004283
vn -0.901640 0.414784 0.122476
vn -0.518392 0.855137 0.003176
vn -0.938334 0.344692 0.026782
vn 1.000000 0.000000 0.000000
vn 1.000000 0.000000 0.000000
vn 0.887183 0.450087 -0.101630
vn 0.925395 0.378131 -0.025695
vn 0.000000 -1.000000 0.000000
vn 0.000000 -1.000000 0.000000
vn 0.000000 -1.000000 0.000000
vn 0.000000 -1.000000 0.000001
vn 0.000000 -1.000000 0.000001
vn 0.000000 -1.000000 0.000001
vn 0.921260 0.388905 0.005728
vn 1.000000 -0.000000 -0.000000
vn 1.000000 -0.000000 -0.000000
vn 1.000000 0.000000 0.000000
vn 1.000000 0.000000 0.000000
vn -1.000000 -0.000000 0.000000
vn -1.000000 -0.000000 0.000000
vn 0.487226 0.873182 0.012842
vn -0.000000 0.997305 -0.073364
vn -0.950320 0.295335 0.098332
vn -0.571071 0.820887 0.004801
vn -0.967384 0.252871 0.014978
vn 0.890831 0.454070 0.015541
vn 0.000000 -1.000000 -0.000001
vn 0.000000 -1.000000 -0.000001
vn 0.000000 -1.000000 -0.000001
vn 0.000000 -1.000000 0.000000
vn 0.000000 -1.000000 0.000000
vn 0.000000 -1.000000 0.000000
vn 0.938334 0.344692 0.026782
vn 1.000000 0.000000 0.000000
vn 1.000000 0.000000 0.000000
vn -1.000000 0.000000 0.000000
vn -1.000000 0.000000 0.000000
vn 0.518392 0.855137 0.003176
vn -0.000000 0.998424 -0.056121
vn -0.979527 0.199858 0.024164
vn -0.592994 0.805207 0.000461
vn -0.979786 0.200033 0.002620
vn 0.901640 0.414784 0.122477
vn 0.000000 -1.000000 0.000000
vn 0.000000 -1.000000 0.000000
vn 0.000000 -1.000000 0.000000
vn 0.000000 -1.000000 0.000000
vn 0.000000 -1.000000 0.000000
vn 0.000000 -1.000000 0.000000
vn 0.967384 0.252871 0.014978
vn 1.000000 0.000000 0.000000
vn 1.000000 0.000000 0.000000
vn -1.000000 0.000000 0.000000
vn -1.000000 0.000000 0.000000
vn 0.571071 0.820887 0.004801
vn -0.000000 0.999853 -0.017148
vn -0.960563 0.265388 -0.082997
vn -0.646263 0.763115 -0.000326
vn -0.976447 0.215570 -0.008970
vn 0.950320 0.295335 0.098332
vn 0.000000 -1.000000 -0.000000
vn 0.000000 -1.000000 -0.000000
vn 0.000000 -1.000000 -0.000000
vn 0.000000 -1.000000 0.000000
vn 0.000000 -1.000000 0.000000
vn 0.000000 -1.000000 0.000000
vn 0.979786 0.200033 0.002620
vn 1.000000 0.000000 0.000000
vn 1.000000 0.000000 0.000000
vn -1.000000 0.000000 0.000000
vn -1.000000 0.000000 0.000000
vn 0.592994 0.805207 0.000461
vn -0.000000 0.999009 0.044517
vn -0.856708 0.448918 -0.254015
vn -0.683449 0.714554 -0.149363
vn -0.974347 0.224826 -0.010034
vn 0.979527 0.199858 0.024164
vn 0.000000 -1.000000 0.000000
vn 0.000000 -1.000000 0.000000
vn 0.000000 -1.000000 0.000000
vn 0.000000 -1.000000 0.000000
vn 0.000000 -1.000000 0.000000
vn 0.000000 -1.000000 0.000000
vn 0.976447 0.215570 -0.008970
vn 1.000000 0.000000 0.000000
vn 1.000000 0.000000 0.000000
vn -1.000000 0.000000 0.000000
vn -1.000000 0.000000 0.000000
vn 0.646263 0.763115 -0.000326
vn -0.412226 0.731532 -0.543075
vn -0.423922 0.871422 -0.246807
vn -0.486806 0.117559 -0.865563
vn -0.147163 0.155952 -0.976741
vn 0.960563 0.265388 -0.082997
vn 0.000000 -1.000000 0.000000
vn 0.000000 -1.000000 0.000000
vn 0.000000 -1.000000 0.000000
vn -0.000003 -1.000000 -0.000012
vn -0.000003 -1.000000 -0.000012
vn -0.000003 -1.000000 -0.000012
vn -0.000004 -1.000000 -0.000013
vn -0.000004 -1.000000 -0.000013
vn -0.000004 -1.000000 -0.000013
vn 0.000004 -1.000000 -0.000004
vn 0.000004 -1.000000 -0.000004
vn 0.000004 -1.000000 -0.000004
vn 0.000014 -1.000000 0.000000
vn 0.000014 -1.000000 0.000000
vn 0.000014 -1.000000 0.000000
vn 0.974347 0.224826 -0.010034
vn 1.000000 0.000000 0.000000
vn 1.000000 0.000000 0.000000
vn -1.000000 0.000000 0.000000
vn -1.000000 0.000000 0.000000
vn 0.683449 0.714554 -0.149363
vn -0.000000 0.948335 -0.317270
vn 0.423922 0.871422 -0.246808
vn 0.000000 0.828530 -0.559945
vn 0.000000 0.131458 -0.991322
vn -0.005613 0.000000 -0.999984
vn -0.005613 0.000000 -0.999984
vn -0.016294 0.000000 -0.999867
vn -0.016294 0.000000 -0.999867
vn 0.856708 0.448918 -0.254015
vn 0.486806 0.117559 -0.865563
vn 1.000000 0.000000 0.000000
vn 1.000000 0.000000 0.000000
vn -0.000014 -1.000000 0.000000
vn -0.000014 -1.000000 0.000000
vn -0.000014 -1.000000 0.000000
vn 0.000014 -1.000000 0.000000
vn 0.000014 -1.000000 0.000000
vn 0.000014 -1.000000 0.000000
vn 0.147163 0.155952 -0.976740
vn 0.016295 0.000000 -0.999867
vn 0.016295 0.000000 -0.999867
vn 0.005613 0.000000 -0.999984
vn 0.005613 0.000000 -0.999984
vn 0.412226 0.731532 -0.543075
s off
g sarc2
usemtl lambert2SG
f 17/37/57 19/38/58 21/39/59 18/40/60
f 18/40/61 22/41/62 20/42/63 17/37/64
f 20/42/65 24/43/66 19/38/67 17/37/68
f 21/39/69 28/44/70 23/45/71 18/40/72
f 23/45/73 29/46/74 22/41/75 18/40/76
f 27/47/77 21/39/78 19/38/79 25/48/80
f 19/38/81 24/43/82 32/49/83 25/48/84
f 26/50/85 20/42/86 22/41/87 30/51/88
f 26/50/89 33/52/90 24/43/91 20/42/92
f 27/47/93 35/53/94 28/44/95 21/39/96
f 22/41/97 29/46/98 38/54/99 30/51/100
f 23/45/101 28/44/102 37/55/103 31/56/104
f 39/57/105 29/46/106 23/45/107 31/56/108
f 32/49/109 24/43/110 33/52/111 41/58/112
f 25/48/113 32/49/114 42/59/115 34/60/116
f 34/60/117 36/61/118 27/47/119 25/48/120
f 30/51/121 40/62/122 33/52/123 26/50/124
f 36/61/125 44/63/126 35/53/127 27/47/128
f 37/55/129 28/44/130 35/53/131 45/64/132
f 38/54/133 29/46/134 39/57/135 48/65/136
f 30/51/137 38/54/138 49/66/139 40/62/140
f 31/56/141 37/55/142 47/67/143 39/57/144
f 51/68/145 42/59/146 32/49/147 41/58/148
f 33/52/149 40/62/150 50/69/151 41/58/152
f 34/60/153 42/59/154 52/70/155 43/71/156
f 46/72/157 36/61/158 34/60/159 43/71/160
f 45/64/161 35/53/162 44/63/163 54/73/164
f 55/74/165 44/63/166 36/61/167 46/72/168
f 56/75/169 47/67/170 37/55/171 45/64/172
f 48/65/173 58/76/174 49/66/175 38/54/176
f 39/57/177 47/67/178 58/76/179 48/65/180
f 40/62/181 49/66/182 59/77/183 50/69/184
f 41/58/185 50/69/186 60/78/187 51/68/188
f 52/70/189 42/59/190 51/68/191 61/79/192
f 52/70/193 62/80/194 53/81/195 43/71/196
f 53/81/197 57/82/198 46/72/199 43/71/200
f 54/73/201 44/63/202 55/74/203 64/83/204
f 54/73/205 65/84/206 56/75/207 45/64/208
f 55/74/209 46/72/210 57/82/211 66/85/212
f 58/76/213 47/67/214 56/75/215 67/86/216
f 59/77/217 49/66/218 58/76/219 67/86/220
f 59/77/221 69/87/222 60/78/223 50/69/224
f 51/68/225 60/78/226 70/88/227 61/79/228
f 71/89/229 62/80/230 52/70/231 61/79/232
f 63/90/233 53/81/234 62/80/235 72/91/236
f 68/92/237 57/82/238 53/81/239 63/90/240
f 74/93/241 65/84/242 54/73/243 64/83/244
f 55/74/245 66/85/246 75/94/247 64/83/248
f 67/86/249 56/75/250 65/84/251 76/95/252
f 57/82/253 68/92/254 77/96/255 66/85/256
f 76/95/257 69/87/258 59/77/259 67/86/260
f 60/78/261 69/87/262 79/97/263 70/88/264
f 70/88/265 80/98/266 71/89/267 61/79/268
f 72/91/269 62/80/270 71/89/271 81/99/272
f 72/91/273 82/100/274 73/101/275 63/90/276
f 73/101/277 78/102/278 68/92/279 63/90/280
f 75/94/281 84/103/282 74/93/283 64/83/284
f 76/95/285 65/84/286 74/93/287 85/104/288
f 86/105/289 75/94/290 66/85/291 77/96/292
f 68/92/293 78/102/294 87/106/295 77/96/296
f 79/97/297 69/87/298 76/95/299 85/104/300
f 80/98/301 70/88/302 79/97/303 89/107/304
f 81/99/305 71/89/306 80/98/307 90/108/308
f 91/109/309 82/100/310 72/91/311 81/99/312
f 73/101/313 82/100/314 92/110/315 83/111/316
f 83/111/317 88/112/318 78/102/319 73/101/320
f 74/93/321 84/103/322 93/113/323 85/104/324
f 94/114/325 84/103/326 75/94/327 86/105/328
f 77/96/329 87/106/330 95/115/331 86/105/332
f 78/102/333 88/112/334 96/116/335 87/106/336
f 93/113/337 89/107/338 79/97/339 85/104/340
f 98/117/341 90/108/342 80/98/343 89/107/344
f 90/108/345 99/118/346 91/109/347 81/99/348
f 100/119/349 92/110/350 82/100/351 91/109/352
f 92/110/353 97/120/354 88/112/355 83/111/356
f 101/121/357 93/113/358 84/103/359 94/114/360
f 95/115/361 102/122/362 94/114/363 86/105/364
f 95/115/365 87/106/366 96/116/367 103/123/368
f 96/116/369 88/112/370 97/120/371 104/124/372
f 98/117/373 89/107/374 93/113/375 101/121/376
f 99/118/377 90/108/378 98/117/379 106/125/380
f 91/109/381 99/118/382 105/126/383 100/119/384
f 100/119/385 105/126/386 97/120/387 92/110/388
f 94/114/389 102/122/390 107/127/391 101/121/392
f 103/123/393 108/128/394 102/122/395 95/115/396
f 96/116/397 104/124/398 108/128/399 103/123/400
f 97/120/401 105/126/402 109/129/403 104/124/404
f 107/127/405 106/125/406 98/117/407 101/121/408
f 105/126/409 99/118/410 106/125/411 109/129/412
f 107/127/413 102/122/414 108/128/415 110/130/416
f 108/128/417 104/124/418 109/129/419 110/130/420
f 110/130/421 109/129/422 106/125/423 107/127/424
f 111/131/425 114/132/426 112/133/427 113/134/428
f 114/132/429 115/135/430 112/133/431
f 114/132/432 117/136/433 116/137/434 115/135/435
f 118/138/436 119/139/437 116/137/438 117/136/439
f 120/140/440 121/141/441 122/142/442 124/143/443
f 123/144/444 124/143/445 122/142/446 125/145/447
f 126/146/448 127/147/449 128/148/450
f 123/144/451 125/145/452 130/149/453
f 121/141/454 131/150/455 122/142/456
f 125/145/457 132/151/458 133/152/459 130/149/460
f 134/153/461 135/154/462 133/152/463 132/151/464
f 136/155/465 137/156/466 138/157/467
f 137/156/468 143/158/469 139/159/470 138/157/471
f 139/159/472 143/158/473 141/160/474 142/161/475
f 137/156/476 144/162/477 143/158/478
f 136/155/479 145/163/480 140/164/481 137/156/482
f 136/155/483 146/165/484 145/163/485
f 147/166/486 148/167/487 145/163/488 146/165/489
f 150/168/490 152/169/491 153/170/492 154/171/493
f 150/168/494 154/171/495 155/172/496
f 150/168/497 156/173/498 151/174/499 152/169/500
f 150/168/501 157/175/502 156/173/503
f 150/168/504 155/172/505 159/176/506 158/177/507
f 150/168/508 158/177/509 160/178/510 161/179/511
f 150/168/512 161/179/513 157/175/514
f 154/171/515 153/170/516 163/180/517
f 160/178/518 164/181/519 162/182/520 161/179/521
f 164/181/522 166/183/523 165/184/524 162/182/525
f 147/166/526 167/185/527 168/186/528
f 147/166/529 168/186/530 149/187/531 148/167/532
f 149/187/533 168/186/534 169/188/535
f 164/181/536 170/189/537 166/183/538
f 126/146/539 128/148/540 129/190/541 171/191/542
f 172/192/543 126/146/544 171/191/545 174/193/546
f 173/194/547 175/195/548 171/191/549 129/190/550
f 135/154/551 134/153/552 176/196/553 177/197/554
f 171/191/555 180/198/556 179/199/557 174/193/558
f 171/191/559 175/195/560 178/200/561 180/198/562
f 178/200/563 181/201/564 180/198/565
f 179/199/566 180/198/567 182/202/568
f 176/196/569 184/203/570 185/204/571
f 176/196/572 185/204/573 183/205/574 177/197/575
f 167/185/576 186/206/577 187/207/578 168/186/579
f 168/186/580 187/207/581 188/208/582
f 186/206/583 189/209/584 187/207/585
f 189/209/586 186/206/587 190/210/588 191/211/589
f 193/212/590 195/213/591 194/214/592 192/215/593
f 193/212/594 197/216/595 196/217/596 195/213/597
f 190/210/598 199/218/599 200/219/600
f 190/210/601 200/219/602 198/220/603 191/211/604
f 201/221/605 202/222/606 197/216/607 193/212/608
f 201/221/609 203/223/610 204/224/611 202/222/612
f 203/223/613 205/225/614 204/224/615
f 209/226/616 210/227/617 207/228/618
f 206/229/619 209/226/620 207/228/621 208/230/622
f 213/231/623 211/232/624 212/233/625 214/234/626
f 213/231/627 214/234/628 216/235/629
f 217/236/630 218/237/631 219/238/632
f 217/236/633 219/238/634 220/239/635
f 221/240/636 222/241/637 218/237/638 217/236/639
f 208/230/640 207/228/641 222/241/642
f 221/240/643 208/230/644 222/241/645
f 217/236/646 220/239/647 223/242/648 224/243/649
f 211/232/650 229/244/651 215/245/652 212/233/653
f 229/244/654 226/246/655 228/247/656 215/245/657
f 228/247/658 226/246/659 227/248/660 230/249/661
f 227/248/662 232/250/663 231/251/664 230/249/665
f 233/252/666 236/253/667 234/254/668 235/255/669
f 235/255/670 234/254/671 237/256/672
f 238/257/673 235/255/674 237/256/675 239/258/676
f 245/259/677 242/260/678 241/261/679
f 233/252/680 246/262/681 236/253/682
f 246/262/683 247/263/684 248/264/685 236/253/686
f 249/265/687 251/266/688 248/264/689 247/263/690
f 250/267/691 252/268/692 251/266/693 249/265/694
f 240/269/695 244/270/696 241/261/697 242/260/698
f 243/271/699 241/261/700 244/270/701 253/272/702
f 254/273/703 244/270/704 255/274/705
f 240/269/706 255/274/707 244/270/708
f 253/272/709 244/270/710 256/275/711
f 259/276/712 113/134/713 260/277/714 261/278/715
f 259/276/716 261/278/717 262/279/718
f 214/234/719 264/280/720 263/281/721 216/235/722
f 259/276/723 111/131/724 113/134/725
f 263/281/726 269/282/727 270/283/728
f 117/136/729 271/284/730 118/138/731
f 270/283/732 269/282/733 272/285/734
f 272/285/735 269/282/736 273/286/737 274/287/738
f 265/288/739 269/282/740 263/281/741 264/280/742
f 273/286/743 269/282/744 275/289/745
f 238/257/746 239/258/747 266/290/748
f 266/290/749 239/258/750 267/291/751 268/292/752
f 245/259/753 241/261/754 278/293/755
f 279/294/756 278/293/757 241/261/758 282/295/759
f 280/296/760 281/297/761 241/261/762 243/271/763
f 268/292/764 267/291/765 276/298/766 277/299/767
f 276/298/768 285/300/769 286/301/770
f 287/302/771 277/299/772 284/303/773 288/304/774
f 276/298/775 286/301/776 284/303/777 277/299/778
f 284/303/779 289/305/780 290/306/781
f 288/304/782 284/303/783 290/306/784
f 284/303/785 286/301/786 282/295/787 241/261/788
f 241/261/789 281/297/790 283/307/791 284/303/792
f 284/303/793 283/307/794 289/305/795
f 225/308/796 224/243/797 223/242/798 291/309/799
f 225/308/800 291/309/801 292/310/802
f 292/310/803 291/309/804 293/311/805
f 293/311/806 291/309/807 294/312/808 295/313/809
f 296/314/810 293/311/811 295/313/812 297/315/813
f 296/314/814 297/315/815 298/316/816
f 232/250/817 299/317/818 231/251/819
f 232/250/820 300/318/821 301/319/822 299/317/823
f 302/320/824 303/321/825 301/319/826 300/318/827
f 302/320/828 304/322/829 305/323/830 306/324/831
f 302/320/832 306/324/833 303/321/834
f 305/323/835 307/325/836 306/324/837
f 250/267/838 308/326/839 252/268/840
f 250/267/841 309/327/842 310/328/843 308/326/844
f 311/329/845 312/330/846 313/331/847
f 311/329/848 313/331/849 310/328/850 309/327/851
f 257/332/852 314/333/853 244/270/854 254/273/855
f 244/270/856 314/333/857 258/334/858 256/275/859
f 257/332/860 316/335/861 314/333/862
f 315/336/863 317/337/864 316/335/865 257/332/866
f 316/335/867 317/337/868 318/338/869 319/339/870
f 319/339/871 318/338/872 320/340/873
f 312/330/874 322/341/875 321/342/876 313/331/877
f 323/343/878 324/344/879 321/342/880 322/341/881
f 317/337/882 325/345/883 318/338/884
f 325/345/885 326/346/886 318/338/887
f 332/347/888 328/348/889 331/349/890 333/350/891
f 328/348/892 329/351/893 330/352/894 334/353/895
f 328/348/896 334/353/897 331/349/898
f 334/353/899 330/352/900 335/354/901 336/355/902
f 336/355/903 335/354/904 337/356/905 338/357/906
f 341/358/907 339/359/908 340/360/909 342/361/910
f 339/359/911 343/362/912 340/360/913
f 343/362/914 344/363/915 340/360/916
f 344/363/917 345/364/918 340/360/919
f 345/364/920 346/365/921 340/360/922
f 347/366/923 327/367/924 348/368/925
f 348/368/926 327/367/927 349/369/928
f 320/340/929 318/338/930 327/367/931 347/366/932
f 350/370/933 349/369/934 327/367/935 351/371/936
f 318/338/937 326/346/938 353/372/939
f 318/338/940 354/373/941 355/374/942 352/375/943
f 341/358/944 342/361/945 356/376/946
f 342/361/947 340/360/948 357/377/949
f 358/378/950 361/379/951 359/380/952 360/381/953
f 359/380/954 361/379/955 362/382/956 363/383/957
f 327/367/958 364/384/959 351/371/960
f 327/367/961 318/338/962 352/375/963 364/384/964
f 365/385/965 360/381/966 366/386/967
f 360/381/968 359/380/969 366/386/970
f 355/374/971 354/373/972 367/387/973
f 353/372/974 368/388/975 354/373/976 318/338/977
f 369/389/978 370/390/979 371/391/980 373/392/981
f 373/392/982 371/391/983 374/393/984 375/394/985
f 369/389/986 376/395/987 372/396/988 370/390/989
f 381/397/990 382/398/991 180/198/992 181/201/993
f 381/397/994 384/399/995 382/398/996
f 180/198/997 382/398/998 383/400/999 182/202/1000
f 383/400/1001 382/398/1002 385/401/1003
f 184/203/1004 387/402/1005 386/403/1006 185/204/1007
f 184/203/1008 388/404/1009 387/402/1010
f 389/405/1011 390/406/1012 382/398/1013 384/399/1014
f 382/398/1015 392/407/1016 391/408/1017 385/401/1018
f 388/404/1019 394/409/1020 393/410/1021 387/402/1022
f 199/218/1023 396/411/1024 397/412/1025
f 199/218/1026 397/412/1027 395/413/1028 200/219/1029
f 203/223/1030 399/414/1031 398/415/1032 205/225/1033
f 399/414/1034 400/416/1035 398/415/1036
f 399/414/1037 401/417/1038 402/418/1039 400/416/1040
f 405/419/1041 403/420/1042 404/421/1043 408/422/1044
f 403/420/1045 405/419/1046 406/423/1047 407/424/1048
f 396/411/1049 403/420/1050 407/424/1051 397/412/1052
f 401/417/1053 411/425/1054 402/418/1055
f 401/417/1056 409/426/1057 410/427/1058 411/425/1059
f 412/428/1060 415/429/1061 413/430/1062 414/431/1063
f 413/430/1064 416/432/1065 414/431/1066
f 417/433/1067 392/407/1068 418/434/1069
f 390/406/1070 418/434/1071 392/407/1072 382/398/1073
f 394/409/1074 420/435/1075 419/436/1076 393/410/1077
f 412/428/1078 422/437/1079 423/438/1080
f 412/428/1081 414/431/1082 422/437/1083
f 416/432/1084 421/439/1085 414/431/1086
f 420/435/1087 414/431/1088 421/439/1089 419/436/1090
f 428/440/1091 430/441/1092 429/442/1093 427/443/1094
f 430/441/1095 431/444/1096 432/445/1097 429/442/1098
f 435/446/1099 433/447/1100 434/448/1101 436/449/1102
f 436/449/1103 438/450/1104 439/451/1105
f 439/451/1106 438/450/1107 432/445/1108 431/444/1109
f 436/449/1110 439/451/1111 437/452/1112 435/446/1113
f 446/453/1114 442/454/1115 447/455/1116
f 440/456/1117 441/457/1118 442/454/1119 446/453/1120
f 440/456/1121 446/453/1122 444/458/1123
f 446/453/1124 447/455/1125 448/459/1126
f 444/458/1127 446/453/1128 445/460/1129 443/461/1130
f 446/453/1131 449/462/1132 450/463/1133 445/460/1134
f 446/453/1135 451/464/1136 452/465/1137
f 446/453/1138 452/465/1139 449/462/1140
f 446/453/1141 448/459/1142 453/466/1143
f 446/453/1144 453/466/1145 451/464/1146
f 425/467/1147 426/468/1148 424/469/1149 450/463/1150
f 450/463/1151 449/462/1152 425/467/1153
f 454/470/1154 455/471/1155 408/422/1156 404/421/1157
f 433/447/1158 454/470/1159 404/421/1160 434/448/1161
f 456/472/1162 424/469/1163 426/468/1164
f 373/392/1165 375/394/1166 457/473/1167
f 458/474/1168 460/475/1169 461/476/1170
f 458/474/1171 462/477/1172 463/478/1173
f 458/474/1174 463/478/1175 459/479/1176 460/475/1177
f 377/480/1178 378/481/1179 372/396/1180 376/395/1181
f 464/482/1182 461/476/1183 460/475/1184 470/483/1185
f 379/484/1186 380/485/1187 378/481/1188 377/480/1189
f 377/480/1190 471/486/1191 379/484/1192
f 473/487/1193 484/488/1194 474/489/1195 467/490/1196
f 470/483/1197 475/491/1198 472/492/1199 464/482/1200
f 465/493/1201 468/494/1202 469/495/1203 476/496/1204
f 466/497/1205 477/498/1206 478/499/1207
f 466/497/1208 465/493/1209 476/496/1210 477/498/1211
f 469/495/1212 480/500/1213 476/496/1214
f 467/490/1215 465/493/1216 466/497/1217 473/487/1218
f 476/496/1219 482/501/1220 479/502/1221 477/498/1222
f 476/496/1223 480/500/1224 481/503/1225 483/504/1226
f 473/487/1227 485/505/1228 484/488/1229
f 482/501/1230 489/506/1231 486/507/1232 479/502/1233
f 483/504/1234 487/508/1235 482/501/1236 476/496/1237
f 489/506/1238 482/501/1239 490/509/1240
f 482/501/1241 487/508/1242 488/510/1243 491/511/1244
f 493/512/1245 495/513/1246 494/514/1247 492/515/1248
f 475/491/1249 498/516/1250 497/517/1251 472/492/1252
f 497/517/1253 498/516/1254 499/518/1255 500/519/1256
f 496/520/1257 502/521/1258 495/513/1259 493/512/1260
f 503/522/1261 504/523/1262 502/521/1263 496/520/1264
f 505/524/1265 506/525/1266 504/523/1267
f 503/522/1268 505/524/1269 504/523/1270
f 505/524/1271 508/526/1272 507/527/1273 506/525/1274
f 509/528/1275 510/529/1276 507/527/1277 508/526/1278
f 500/519/1279 499/518/1280 501/530/1281 511/531/1282
f 511/531/1283 501/530/1284 512/532/1285 513/533/1286
f 512/532/1287 515/534/1288 514/535/1289 513/533/1290
f 514/535/1291 515/534/1292 516/536/1293 517/537/1294
f 484/488/1295 485/505/1296 518/538/1297 519/539/1298
f 519/539/1299 518/538/1300 520/540/1301 521/541/1302
f 482/501/1303 523/542/1304 490/509/1305
f 521/541/1306 520/540/1307 522/543/1308 526/544/1309
f 526/544/1310 522/543/1311 527/545/1312 528/546/1313
f 529/547/1314 528/546/1315 527/545/1316 530/548/1317
f 531/549/1318 529/547/1319 530/548/1320 532/550/1321
f 482/501/1322 525/551/1323 524/552/1324 523/542/1325
f 491/511/1326 533/553/1327 525/551/1328 482/501/1329
f 524/552/1330 525/551/1331 534/554/1332
f 533/553/1333 535/555/1334 525/551/1335
f 534/554/1336 525/551/1337 536/556/1338
f 338/357/1339 337/356/1340 540/557/1341 539/558/1342
f 541/559/1343 539/558/1344 540/557/1345 542/560/1346
f 543/561/1347 544/562/1348 545/563/1349 546/564/1350
f 541/559/1351 542/560/1352 547/565/1353 543/561/1354
f 548/566/1355 549/567/1356 340/360/1357
f 346/365/1358 550/568/1359 340/360/1360
f 548/566/1361 340/360/1362 550/568/1363
f 549/567/1364 552/569/1365 551/570/1366 340/360/1367
f 410/427/1368 554/571/1369 411/425/1370
f 543/561/1371 547/565/1372 544/562/1373
f 556/572/1374 557/573/1375 555/574/1376 559/575/1377
f 560/576/1378 555/574/1379 561/577/1380
f 559/575/1381 555/574/1382 560/576/1383
f 562/578/1384 561/577/1385 555/574/1386 563/579/1387
f 340/360/1388 551/570/1389 553/580/1390 357/377/1391
f 362/382/1392 564/581/1393 567/582/1394 363/383/1395
f 564/581/1396 565/583/1397 566/584/1398 567/582/1399
f 551/570/1400 568/585/1401 553/580/1402
f 569/586/1403 565/583/1404 564/581/1405
f 555/574/1406 557/573/1407 558/587/1408 570/588/1409
f 555/574/1410 570/588/1411 571/589/1412 572/590/1413
f 565/583/1414 575/591/1415 566/584/1416
f 555/574/1417 572/590/1418 573/592/1419 576/593/1420
f 577/594/1421 576/593/1422 578/595/1423
f 574/596/1424 367/387/1425 354/373/1426 576/593/1427
f 574/596/1428 576/593/1429 573/592/1430
f 368/388/1431 578/595/1432 576/593/1433 354/373/1434
f 579/597/1435 580/598/1436 581/599/1437
f 583/600/1438 585/601/1439 584/602/1440 510/529/1441
f 509/528/1442 583/600/1443 510/529/1444
f 587/603/1445 589/604/1446 590/605/1447
f 587/603/1448 590/605/1449 588/606/1450 586/607/1451
f 585/601/1452 588/606/1453 590/605/1454 584/602/1455
f 517/537/1456 516/536/1457 591/608/1458 592/609/1459
f 593/610/1460 592/609/1461 594/611/1462 582/612/1463
f 579/597/1464 595/613/1465 582/612/1466 580/598/1467
f 595/613/1468 593/610/1469 582/612/1470
f 591/608/1471 594/611/1472 592/609/1473
f 597/614/1474 596/615/1475 576/593/1476
f 531/549/1477 532/550/1478 598/616/1479 599/617/1480
f 600/618/1481 601/619/1482 599/617/1483 598/616/1484
f 601/619/1485 600/618/1486 602/620/1487 603/621/1488
f 538/622/1489 536/556/1490 525/551/1491 604/623/1492
f 525/551/1493 535/555/1494 537/624/1495 604/623/1496
f 538/622/1497 604/623/1498 605/625/1499
f 606/626/1500 538/622/1501 605/625/1502 607/627/1503
f 605/625/1504 597/614/1505 576/593/1506 607/627/1507
f 608/628/1508 609/629/1509 610/630/1510 611/631/1511
f 602/620/1512 610/630/1513 609/629/1514 603/621/1515
f 555/574/1516 576/593/1517 596/615/1518 563/579/1519
f 607/627/1520 576/593/1521 612/632/1522
f 577/594/1523 612/632/1524 576/593/1525
f 615/633/1526 278/293/1527 279/294/1528
f 613/634/1529 237/256/1530 234/254/1531
f 613/634/1532 267/291/1533 239/258/1534 237/256/1535
f 615/633/1536 245/259/1537 278/293/1538
f 615/633/1539 614/635/1540 242/260/1541 245/259/1542
f 613/634/1543 616/636/1544 614/635/1545 615/633/1546
f 616/636/1547 236/253/1548 248/264/1549
f 613/634/1550 234/254/1551 236/253/1552 616/636/1553
f 616/636/1554 248/264/1555 251/266/1556
f 616/636/1557 251/266/1558 252/268/1559
f 614/635/1560 240/269/1561 242/260/1562
f 614/635/1563 254/273/1564 255/274/1565 240/269/1566
f 614/635/1567 257/332/1568 254/273/1569
f 614/635/1570 617/637/1571 257/332/1572
f 613/634/1573 618/638/1574 267/291/1575
f 613/634/1576 615/633/1577 619/639/1578 618/638/1579
f 267/291/1580 618/638/1581 276/298/1582
f 279/294/1583 282/295/1584 619/639/1585 615/633/1586
f 618/638/1587 619/639/1588 285/300/1589 276/298/1590
f 282/295/1591 286/301/1592 619/639/1593
f 285/300/1594 619/639/1595 286/301/1596
f 616/636/1597 252/268/1598 620/640/1599
f 616/636/1600 620/640/1601 617/637/1602 614/635/1603
f 257/332/1604 617/637/1605 315/336/1606
f 308/326/1607 310/328/1608 620/640/1609 252/268/1610
f 620/640/1611 310/328/1612 313/331/1613
f 617/637/1614 325/345/1615 317/337/1616 315/336/1617
f 620/640/1618 313/331/1619 622/641/1620
f 620/640/1621 622/641/1622 621/642/1623 617/637/1624
f 617/637/1625 621/642/1626 325/345/1627
f 321/342/1628 324/344/1629 622/641/1630 313/331/1631
f 324/344/1632 623/643/1633 622/641/1634
f 325/345/1635 621/642/1636 326/346/1637
f 623/643/1638 624/644/1639 622/641/1640
f 622/641/1641 624/644/1642 625/645/1643 626/646/1644
f 621/642/1645 627/647/1646 353/372/1647 326/346/1648
f 365/385/1649 366/386/1650 359/380/1651 625/645/1652
f 621/642/1653 622/641/1654 626/646/1655 627/647/1656
f 359/380/1657 363/383/1658 626/646/1659 625/645/1660
f 353/372/1661 627/647/1662 368/388/1663
f 628/648/1664 466/497/1665 478/499/1666 629/649/1667
f 478/499/1668 477/498/1669 629/649/1670
f 628/648/1671 473/487/1672 466/497/1673
f 629/649/1674 477/498/1675 479/502/1676 486/507/1677
f 629/649/1678 486/507/1679 631/650/1680
f 628/648/1681 630/651/1682 473/487/1683
f 629/649/1684 631/650/1685 630/651/1686 628/648/1687
f 486/507/1688 489/506/1689 631/650/1690
f 485/505/1691 473/487/1692 630/651/1693 518/538/1694
f 518/538/1695 630/651/1696 520/540/1697
f 489/506/1698 490/509/1699 631/650/1700
f 631/650/1701 490/509/1702 523/542/1703 632/652/1704
f 630/651/1705 633/653/1706 522/543/1707 520/540/1708
f 630/651/1709 631/650/1710 632/652/1711 633/653/1712
f 522/543/1713 633/653/1714 527/545/1715
f 633/653/1716 530/548/1717 527/545/1718
f 633/653/1719 532/550/1720 530/548/1721
f 523/542/1722 524/552/1723 632/652/1724
f 632/652/1725 524/552/1726 534/554/1727 536/556/1728
f 632/652/1729 536/556/1730 538/622/1731
f 632/652/1732 538/622/1733 634/654/1734
f 566/584/1735 575/591/1736 635/655/1737 567/582/1738
f 567/582/1739 635/655/1740 626/646/1741 363/383/1742
f 626/646/1743 635/655/1744 637/656/1745 638/657/1746
f 626/646/1747 638/657/1748 636/658/1749 627/647/1750
f 368/388/1751 627/647/1752 636/658/1753 578/595/1754
f 637/656/1755 639/659/1756 638/657/1757
f 577/594/1758 578/595/1759 636/658/1760
f 633/653/1761 640/660/1762 532/550/1763
f 538/622/1764 606/626/1765 634/654/1766
f 633/653/1767 632/652/1768 634/654/1769 640/660/1770
f 600/618/1771 640/660/1772 602/620/1773
f 607/627/1774 612/632/1775 634/654/1776 606/626/1777
f 598/616/1778 532/550/1779 640/660/1780 600/618/1781
f 611/631/1782 610/630/1783 638/657/1784 639/659/1785
f 577/594/1786 636/658/1787 612/632/1788
f 640/660/1789 638/657/1790 602/620/1791
f 610/630/1792 602/620/1793 638/657/1794
f 634/654/1795 612/632/1796 636/658/1797
f 640/660/1798 634/654/1799 636/658/1800 638/657/1801
f 641/661/1802 642/662/1803 643/663/1804 644/664/1805
f 641/661/1806 646/665/1807 645/666/1808 642/662/1809
f 641/661/1810 647/667/1811 646/665/1812
f 644/664/1813 643/663/1814 649/668/1815 650/669/1816
f 642/662/1817 651/670/1818 652/671/1819
f 645/666/1820 651/670/1821 642/662/1822
f 642/662/1823 652/671/1824 653/672/1825 654/673/1826
f 643/663/1827 655/674/1828 649/668/1829
f 643/663/1830 656/675/1831 655/674/1832
f 643/663/1833 657/676/1834 658/677/1835 656/675/1836
f 641/661/1837 644/664/1838 659/678/1839
f 644/664/1840 650/669/1841 660/679/1842
f 641/661/1843 659/678/1844 648/680/1845 647/667/1846
f 644/664/1847 660/679/1848 661/681/1849 662/682/1850
f 644/664/1851 662/682/1852 659/678/1853
f 648/680/1854 659/678/1855 664/683/1856
f 659/678/1857 665/684/1858 666/685/1859
f 659/678/1860 666/685/1861 667/686/1862
f 659/678/1863 662/682/1864 665/684/1865
f 667/686/1866 668/687/1867 664/683/1868 659/678/1869
f 669/688/1870 668/687/1871 667/686/1872 670/689/1873
f 663/690/1874 671/691/1875 662/682/1876 661/681/1877
f 654/673/1878 653/672/1879 672/692/1880 673/693/1881
f 654/673/1882 673/693/1883 674/694/1884
f 642/662/1885 654/673/1886 657/676/1887 643/663/1888
f 658/677/1889 657/676/1890 676/695/1891
f 676/695/1892 657/676/1893 677/696/1894
f 657/676/1895 125/145/1896 122/142/1897 677/696/1898
f 677/696/1899 122/142/1900 131/150/1901
f 654/673/1902 674/694/1903 675/697/1904 679/698/1905
f 657/676/1906 678/699/1907 125/145/1908
f 675/697/1909 127/147/1910 126/146/1911
f 675/697/1912 126/146/1913 679/698/1914
f 126/146/1915 172/192/1916 679/698/1917
f 654/673/1918 679/698/1919 678/699/1920 657/676/1921
f 125/145/1922 678/699/1923 132/151/1924
f 132/151/1925 678/699/1926 134/153/1927
f 679/698/1928 172/192/1929 174/193/1930
f 134/153/1931 678/699/1932 176/196/1933
f 679/698/1934 174/193/1935 680/700/1936
f 678/699/1937 681/701/1938 176/196/1939
f 179/199/1940 182/202/1941 680/700/1942 174/193/1943
f 678/699/1944 679/698/1945 680/700/1946 681/701/1947
f 176/196/1948 681/701/1949 184/203/1950
f 682/702/1951 666/685/1952 665/684/1953
f 682/702/1954 667/686/1955 666/685/1956
f 682/702/1957 665/684/1958 662/682/1959
f 667/686/1960 685/703/1961 684/704/1962 670/689/1963
f 667/686/1964 687/705/1965 686/706/1966 685/703/1967
f 667/686/1968 688/707/1969 687/705/1970
f 667/686/1971 682/702/1972 683/708/1973 688/707/1974
f 682/702/1975 662/682/1976 690/709/1977
f 682/702/1978 691/710/1979 683/708/1980
f 662/682/1981 671/691/1982 689/711/1983 693/712/1984
f 682/702/1985 690/709/1986 692/713/1987
f 693/712/1988 694/714/1989 690/709/1990 662/682/1991
f 694/714/1992 695/715/1993 690/709/1994
f 691/710/1995 682/702/1996 692/713/1997 696/716/1998
f 692/713/1999 697/717/2000 696/716/2001
f 692/713/2002 700/718/2003 698/719/2004 697/717/2005
f 690/709/2006 695/715/2007 701/720/2008 699/721/2009
f 692/713/2010 690/709/2011 699/721/2012 700/718/2013
f 698/719/2014 700/718/2015 702/722/2016
f 702/722/2017 700/718/2018 703/723/2019
f 700/718/2020 705/724/2021 704/725/2022 703/723/2023
f 701/720/2024 706/726/2025 699/721/2026
f 706/726/2027 707/727/2028 699/721/2029
f 699/721/2030 707/727/2031 708/728/2032 709/729/2033
f 680/700/2034 182/202/2035 383/400/2036 385/401/2037
f 184/203/2038 681/701/2039 388/404/2040
f 680/700/2041 385/401/2042 711/730/2043
f 681/701/2044 710/731/2045 388/404/2046
f 385/401/2047 391/408/2048 711/730/2049
f 680/700/2050 711/730/2051 710/731/2052 681/701/2053
f 388/404/2054 710/731/2055 394/409/2056
f 712/732/2057 704/725/2058 705/724/2059 715/733/2060
f 714/734/2061 715/733/2062 705/724/2063
f 700/718/2064 699/721/2065 709/729/2066 705/724/2067
f 708/728/2068 716/735/2069 709/729/2070
f 709/729/2071 717/736/2072 423/438/2073 422/437/2074
f 709/729/2075 422/437/2076 414/431/2077
f 716/735/2078 717/736/2079 709/729/2080
f 713/737/2081 392/407/2082 417/433/2083
f 713/737/2084 711/730/2085 392/407/2086
f 392/407/2087 711/730/2088 391/408/2089
f 394/409/2090 710/731/2091 420/435/2092
f 705/724/2093 709/729/2094 710/731/2095 711/730/2096
f 420/435/2097 710/731/2098 414/431/2099
f 713/737/2100 714/734/2101 705/724/2102 711/730/2103
f 709/729/2104 414/431/2105 710/731/2106
f 722/738/2107 718/739/2108 721/740/2109 723/741/2110
f 718/739/2111 724/742/2112 721/740/2113
f 720/743/2114 725/744/2115 726/745/2116
f 722/738/2117 727/746/2118 728/747/2119
f 718/739/2120 722/738/2121 719/748/2122 720/743/2123
f 722/738/2124 723/741/2125 727/746/2126
f 722/738/2127 728/747/2128 729/749/2129 153/170/2130
f 722/738/2131 152/169/2132 151/174/2133
f 722/738/2134 153/170/2135 152/169/2136
f 163/180/2137 153/170/2138 729/749/2139
f 720/743/2140 260/277/2141 113/134/2142 730/750/2143
f 718/739/2144 731/751/2145 732/752/2146 724/742/2147
f 720/743/2148 726/745/2149 260/277/2150
f 718/739/2151 720/743/2152 730/750/2153 734/753/2154
f 718/739/2155 734/753/2156 733/754/2157 731/751/2158
f 734/753/2159 736/755/2160 735/756/2161 733/754/2162
f 730/750/2163 113/134/2164 112/133/2165
f 730/750/2166 112/133/2167 115/135/2168
f 730/750/2169 737/757/2170 736/755/2171 734/753/2172
f 730/750/2173 115/135/2174 116/137/2175 737/757/2176
f 116/137/2177 119/139/2178 737/757/2179
f 722/738/2180 151/174/2181 738/758/2182
f 738/758/2183 151/174/2184 156/173/2185
f 738/758/2186 156/173/2187 157/175/2188 161/179/2189
f 738/758/2190 161/179/2191 162/182/2192
f 720/743/2193 719/748/2194 222/241/2195 207/228/2196
f 720/743/2197 207/228/2198 739/759/2199 725/744/2200
f 210/227/2201 739/759/2202 207/228/2203
f 719/748/2204 218/237/2205 222/241/2206
f 719/748/2207 219/238/2208 218/237/2209
f 719/748/2210 223/242/2211 220/239/2212 219/238/2213
f 722/738/2214 738/758/2215 740/760/2216 719/748/2217
f 719/748/2218 740/760/2219 223/242/2220
f 740/760/2221 291/309/2222 223/242/2223
f 740/760/2224 294/312/2225 291/309/2226
f 741/761/2227 295/313/2228 294/312/2229 740/760/2230
f 738/758/2231 162/182/2232 165/184/2233 743/762/2234
f 738/758/2235 743/762/2236 742/763/2237 740/760/2238
f 743/762/2239 165/184/2240 744/764/2241 745/765/2242
f 743/762/2243 745/765/2244 746/766/2245
f 742/763/2246 747/767/2247 741/761/2248 740/760/2249
f 743/762/2250 746/766/2251 748/768/2252
f 742/763/2253 749/769/2254 747/767/2255
f 743/762/2256 748/768/2257 750/770/2258
f 750/770/2259 195/213/2260 196/217/2261 743/762/2262
f 743/762/2263 196/217/2264 197/216/2265
f 329/351/2266 749/769/2267 330/352/2268
f 742/763/2269 743/762/2270 751/771/2271 752/772/2272
f 752/772/2273 330/352/2274 749/769/2275 742/763/2276
f 751/771/2277 743/762/2278 197/216/2279 202/222/2280
f 751/771/2281 202/222/2282 204/224/2283 205/225/2284
f 752/772/2285 335/354/2286 330/352/2287
f 752/772/2288 337/356/2289 335/354/2290
f 753/773/2291 754/774/2292 755/775/2293 756/776/2294
f 757/777/2295 753/773/2296 756/776/2297 759/778/2298
f 757/777/2299 370/390/2300 372/396/2301
f 757/777/2302 371/391/2303 370/390/2304
f 757/777/2305 759/778/2306 374/393/2307 371/391/2308
f 753/773/2309 760/779/2310 758/780/2311 754/774/2312
f 757/777/2313 372/396/2314 378/481/2315 762/781/2316
f 757/777/2317 762/781/2318 760/779/2319 753/773/2320
f 760/779/2321 763/782/2322 761/783/2323 758/780/2324
f 762/781/2325 378/481/2326 380/485/2327 764/784/2328
f 762/781/2329 764/784/2330 765/785/2331
f 760/779/2332 766/786/2333 763/782/2334
f 760/779/2335 769/787/2336 767/788/2337 766/786/2338
f 769/787/2339 770/789/2340 767/788/2341
f 760/779/2342 762/781/2343 768/790/2344 769/787/2345
f 769/787/2346 771/791/2347 770/789/2348
f 769/787/2349 447/455/2350 772/792/2351 771/791/2352
f 442/454/2353 441/457/2354 772/792/2355 447/455/2356
f 769/787/2357 448/459/2358 447/455/2359
f 769/787/2360 773/793/2361 448/459/2362
f 773/793/2363 451/464/2364 453/466/2365
f 773/793/2366 453/466/2367 448/459/2368
f 449/462/2369 452/465/2370 451/464/2371 773/793/2372
f 762/781/2373 765/785/2374 774/794/2375 495/513/2376
f 774/794/2377 494/514/2378 495/513/2379
f 762/781/2380 495/513/2381 502/521/2382 768/790/2383
f 768/790/2384 502/521/2385 504/523/2386
f 768/790/2387 504/523/2388 506/525/2389
f 768/790/2390 506/525/2391 507/527/2392 510/529/2393
f 751/771/2394 205/225/2395 398/415/2396 400/416/2397
f 752/772/2398 540/557/2399 337/356/2400
f 752/772/2401 778/795/2402 542/560/2403 540/557/2404
f 777/796/2405 751/771/2406 400/416/2407 402/418/2408
f 751/771/2409 777/796/2410 776/797/2411 752/772/2412
f 542/560/2413 778/795/2414 547/565/2415
f 752/772/2416 776/797/2417 778/795/2418
f 777/796/2419 402/418/2420 411/425/2421
f 411/425/2422 554/571/2423 779/798/2424 777/796/2425
f 777/796/2426 779/798/2427 780/799/2428
f 769/787/2429 768/790/2430 775/800/2431 773/793/2432
f 768/790/2433 510/529/2434 775/800/2435
f 775/800/2436 510/529/2437 584/602/2438
f 590/605/2439 589/604/2440 781/801/2441 775/800/2442
f 775/800/2443 584/602/2444 590/605/2445
f 777/796/2446 782/802/2447 783/803/2448 784/804/2449
f 777/796/2450 784/804/2451 425/467/2452
f 773/793/2453 775/800/2454 776/797/2455 777/796/2456
f 781/801/2457 785/805/2458 776/797/2459 775/800/2460
f 777/796/2461 780/799/2462 782/802/2463
f 776/797/2464 785/805/2465 778/795/2466
f 773/793/2467 777/796/2468 425/467/2469 449/462/2470
f 789/806/2471 794/807/2472 792/808/2473 793/809/2474
f 789/806/2475 793/809/2476 790/810/2477 791/811/2478
f 786/812/2479 795/813/2480 796/814/2481
f 786/812/2482 787/815/2483 788/816/2484 797/817/2485
f 786/812/2486 797/817/2487 795/813/2488
f 791/811/2489 798/818/2490 799/819/2491
f 789/806/2492 791/811/2493 787/815/2494 786/812/2495
f 790/810/2496 798/818/2497 791/811/2498
f 791/811/2499 799/819/2500 800/820/2501 801/821/2502
f 787/815/2503 802/822/2504 803/823/2505
f 787/815/2506 803/823/2507 788/816/2508
f 787/815/2509 158/177/2510 805/824/2511 802/822/2512
f 789/806/2513 809/825/2514 806/826/2515 794/807/2516
f 786/812/2517 796/814/2518 807/827/2519 808/828/2520
f 789/806/2521 786/812/2522 808/828/2523 809/825/2524
f 807/827/2525 810/829/2526 808/828/2527
f 806/826/2528 809/825/2529 811/830/2530
f 809/825/2531 813/831/2532 812/832/2533 811/830/2534
f 808/828/2535 810/829/2536 813/831/2537 809/825/2538
f 800/820/2539 137/156/2540 801/821/2541
f 800/820/2542 814/833/2543 137/156/2544
f 801/821/2545 137/156/2546 140/164/2547
f 137/156/2548 814/833/2549 144/162/2550
f 791/811/2551 801/821/2552 804/834/2553 787/815/2554
f 787/815/2555 804/834/2556 158/177/2557
f 158/177/2558 159/176/2559 805/824/2560
f 158/177/2561 804/834/2562 160/178/2563
f 804/834/2564 164/181/2565 160/178/2566
f 801/821/2567 140/164/2568 145/163/2569 817/835/2570
f 148/167/2571 149/187/2572 817/835/2573 145/163/2574
f 801/821/2575 817/835/2576 815/836/2577 804/834/2578
f 804/834/2579 815/836/2580 816/837/2581 164/181/2582
f 164/181/2583 816/837/2584 170/189/2585
f 169/188/2586 818/838/2587 817/835/2588 149/187/2589
f 816/837/2590 815/836/2591 819/839/2592
f 819/839/2593 815/836/2594 820/840/2595
f 817/835/2596 818/838/2597 188/208/2598 187/207/2599
f 817/835/2600 187/207/2601 189/209/2602
f 817/835/2603 189/209/2604 191/211/2605
f 815/836/2606 193/212/2607 192/215/2608 820/840/2609
f 815/836/2610 201/221/2611 193/212/2612
f 817/835/2613 191/211/2614 821/841/2615
f 815/836/2616 817/835/2617 821/841/2618 822/842/2619
f 815/836/2620 822/842/2621 201/221/2622
f 198/220/2623 200/219/2624 821/841/2625 191/211/2626
f 201/221/2627 822/842/2628 203/223/2629
f 823/843/2630 824/844/2631 825/845/2632 826/846/2633
f 827/847/2634 823/843/2635 826/846/2636 829/848/2637
f 823/843/2638 830/849/2639 828/850/2640 824/844/2641
f 827/847/2642 829/848/2643 831/851/2644 832/852/2645
f 828/850/2646 830/849/2647 833/853/2648
f 827/847/2649 832/852/2650 830/849/2651 823/843/2652
f 831/851/2653 834/854/2654 832/852/2655
f 830/849/2656 836/855/2657 835/856/2658 833/853/2659
f 834/854/2660 837/857/2661 832/852/2662
f 830/849/2663 840/858/2664 838/859/2665 836/855/2666
f 832/852/2667 837/857/2668 841/860/2669 842/861/2670
f 838/859/2671 840/858/2672 843/862/2673
f 830/849/2674 832/852/2675 839/863/2676 840/858/2677
f 843/862/2678 840/858/2679 844/864/2680
f 840/858/2681 846/865/2682 845/866/2683 844/864/2684
f 842/861/2685 847/867/2686 839/863/2687 832/852/2688
f 847/867/2689 848/868/2690 839/863/2691
f 839/863/2692 848/868/2693 849/869/2694 445/460/2695
f 821/841/2696 200/219/2697 395/413/2698 397/412/2699
f 203/223/2700 822/842/2701 399/414/2702
f 821/841/2703 397/412/2704 851/870/2705
f 822/842/2706 852/871/2707 399/414/2708
f 821/841/2709 851/870/2710 852/871/2711 822/842/2712
f 399/414/2713 852/871/2714 401/417/2715
f 397/412/2716 407/424/2717 851/870/2718
f 406/423/2719 851/870/2720 407/424/2721
f 409/426/2722 401/417/2723 852/871/2724 853/872/2725
f 845/866/2726 439/451/2727 854/873/2728
f 845/866/2729 846/865/2730 439/451/2731
f 431/444/2732 854/873/2733 439/451/2734
f 439/451/2735 846/865/2736 437/452/2737
f 849/869/2738 443/461/2739 445/460/2740
f 840/858/2741 839/863/2742 850/874/2743 846/865/2744
f 839/863/2745 445/460/2746 850/874/2747
f 450/463/2748 424/469/2749 850/874/2750
f 445/460/2751 450/463/2752 850/874/2753
f 851/870/2754 856/875/2755 455/471/2756 454/470/2757
f 853/872/2758 852/871/2759 857/876/2760
f 433/447/2761 435/446/2762 851/870/2763 454/470/2764
f 846/865/2765 850/874/2766 852/871/2767 851/870/2768
f 855/877/2769 424/469/2770 456/472/2771
f 850/874/2772 424/469/2773 855/877/2774 857/876/2775
f 850/874/2776 857/876/2777 852/871/2778
f 405/419/2779 856/875/2780 851/870/2781 406/423/2782
f 435/446/2783 437/452/2784 846/865/2785 851/870/2786
f 858/878/2787 859/879/2788 860/880/2789 861/881/2790
f 858/878/2791 863/882/2792 862/883/2793 859/879/2794
f 858/878/2795 864/884/2796 863/882/2797
f 861/881/2798 865/885/2799 866/886/2800
f 859/879/2801 867/887/2802 868/888/2803
f 859/879/2804 862/883/2805 869/889/2806 867/887/2807
f 859/879/2808 868/888/2809 870/890/2810 871/891/2811
f 861/881/2812 860/880/2813 872/892/2814 865/885/2815
f 860/880/2816 873/893/2817 872/892/2818
f 860/880/2819 874/894/2820 873/893/2821
f 860/880/2822 875/895/2823 876/896/2824 874/894/2825
f 858/878/2826 880/897/2827 877/898/2828 864/884/2829
f 861/881/2830 866/886/2831 879/899/2832 878/900/2833
f 858/878/2834 861/881/2835 878/900/2836 880/897/2837
f 877/898/2838 880/897/2839 882/901/2840
f 880/897/2841 878/900/2842 883/902/2843 882/901/2844
f 881/903/2845 884/904/2846 878/900/2847 879/899/2848
f 883/902/2849 878/900/2850 884/904/2851
f 870/890/2852 885/905/2853 871/891/2854
f 871/891/2855 885/905/2856 886/906/2857
f 871/891/2858 886/906/2859 887/907/2860 123/144/2861
f 887/907/2862 120/140/2863 124/143/2864 123/144/2865
f 123/144/2866 130/149/2867 888/908/2868 871/891/2869
f 859/879/2870 871/891/2871 875/895/2872 860/880/2873
f 876/896/2874 875/895/2875 889/909/2876
f 875/895/2877 138/157/2878 890/910/2879 889/909/2880
f 875/895/2881 136/155/2882 138/157/2883
f 890/910/2884 138/157/2885 139/159/2886 142/161/2887
f 136/155/2888 875/895/2889 891/911/2890 146/165/2891
f 871/891/2892 888/908/2893 891/911/2894 875/895/2895
f 147/166/2896 146/165/2897 891/911/2898 167/185/2899
f 130/149/2900 133/152/2901 888/908/2902
f 133/152/2903 135/154/2904 888/908/2905
f 167/185/2906 891/911/2907 186/206/2908
f 135/154/2909 177/197/2910 888/908/2911
f 891/911/2912 190/210/2913 186/206/2914
f 888/908/2915 177/197/2916 892/912/2917
f 891/911/2918 893/913/2919 190/210/2920
f 891/911/2921 888/908/2922 892/912/2923 893/913/2924
f 183/205/2925 185/204/2926 892/912/2927 177/197/2928
f 190/210/2929 893/913/2930 199/218/2931
f 894/914/2932 895/915/2933 896/916/2934 898/917/2935
f 896/916/2936 899/918/2937 898/917/2938
f 898/917/2939 899/918/2940 900/919/2941 902/920/2942
f 894/914/2943 901/921/2944 897/922/2945 895/915/2946
f 898/917/2947 902/920/2948 903/923/2949 904/924/2950
f 897/922/2951 901/921/2952 905/925/2953
f 898/917/2954 904/924/2955 901/921/2956 894/914/2957
f 901/921/2958 906/926/2959 905/925/2960
f 903/923/2961 908/927/2962 904/924/2963
f 901/921/2964 910/928/2965 907/929/2966 906/926/2967
f 901/921/2968 904/924/2969 909/930/2970 910/928/2971
f 911/931/2972 907/929/2973 910/928/2974 912/932/2975
f 912/932/2976 910/928/2977 913/933/2978
f 913/933/2979 910/928/2980 914/934/2981 915/935/2982
f 904/924/2983 908/927/2984 916/936/2985 909/930/2986
f 916/936/2987 917/937/2988 909/930/2989
f 917/937/2990 918/938/2991 909/930/2992
f 909/930/2993 918/938/2994 919/939/2995 920/940/2996
f 892/912/2997 185/204/2998 386/403/2999 387/402/3000
f 199/218/3001 893/913/3002 396/411/3003
f 892/912/3004 387/402/3005 922/941/3006
f 893/913/3007 921/942/3008 396/411/3009
f 387/402/3010 393/410/3011 922/941/3012
f 892/912/3013 922/941/3014 921/942/3015 893/913/3016
f 396/411/3017 921/942/3018 403/420/3019
f 915/935/3020 914/934/3021 924/943/3022
f 923/944/3023 925/945/3024 413/430/3025 415/429/3026
f 925/945/3027 924/943/3028 914/934/3029
f 925/945/3030 914/934/3031 416/432/3032 413/430/3033
f 416/432/3034 914/934/3035 922/941/3036 421/439/3037
f 910/928/3038 909/930/3039 920/940/3040 914/934/3041
f 919/939/3042 926/946/3043 920/940/3044
f 927/947/3045 427/443/3046 429/442/3047 432/445/3048
f 927/947/3049 432/445/3050 920/940/3051 926/946/3052
f 432/445/3053 438/450/3054 920/940/3055
f 421/439/3056 922/941/3057 419/436/3058
f 914/934/3059 920/940/3060 921/942/3061 922/941/3062
f 436/449/3063 434/448/3064 404/421/3065 921/942/3066
f 393/410/3067 419/436/3068 922/941/3069
f 403/420/3070 921/942/3071 404/421/3072
f 921/942/3073 920/940/3074 438/450/3075 436/449/3076
f 928/948/3077 645/666/3078 646/665/3079 647/667/3080
f 650/669/3081 862/883/3082 863/882/3083 864/884/3084
f 929/949/3085 652/671/3086 651/670/3087
f 929/949/3088 653/672/3089 652/671/3090
f 656/675/3091 931/950/3092 655/674/3093
f 655/674/3094 931/950/3095 649/668/3096
f 931/950/3097 868/888/3098 867/887/3099 869/889/3100
f 931/950/3101 932/951/3102 870/890/3103 868/888/3104
f 928/948/3105 929/949/3106 651/670/3107 645/666/3108
f 650/669/3109 649/668/3110 931/950/3111
f 650/669/3112 931/950/3113 869/889/3114 862/883/3115
f 865/885/3116 933/952/3117 792/808/3118 794/807/3119
f 792/808/3120 933/952/3121 790/810/3122 793/809/3123
f 934/953/3124 788/816/3125 723/741/3126 721/740/3127
f 934/953/3128 721/740/3129 724/742/3130
f 795/813/3131 797/817/3132 934/953/3133
f 874/894/3134 933/952/3135 873/893/3136
f 933/952/3137 872/892/3138 873/893/3139
f 933/952/3140 799/819/3141 798/818/3142 790/810/3143
f 933/952/3144 800/820/3145 799/819/3146
f 802/822/3147 729/749/3148 728/747/3149 727/746/3150
f 802/822/3151 154/171/3152 163/180/3153 729/749/3154
f 865/885/3155 872/892/3156 933/952/3157
f 803/823/3158 723/741/3159 788/816/3160
f 802/822/3161 727/746/3162 723/741/3163 803/823/3164
f 934/953/3165 797/817/3166 788/816/3167
f 928/948/3168 664/683/3169 668/687/3170
f 661/681/3171 935/954/3172 663/690/3173
f 928/948/3174 647/667/3175 648/680/3176 664/683/3177
f 650/669/3178 864/884/3179 660/679/3180
f 864/884/3181 877/898/3182 661/681/3183 660/679/3184
f 663/690/3185 935/954/3186 671/691/3187
f 877/898/3188 882/901/3189 935/954/3190 661/681/3191
f 882/901/3192 883/902/3193 884/904/3194 935/954/3195
f 884/904/3196 936/955/3197 935/954/3198
f 881/903/3199 936/955/3200 884/904/3201
f 881/903/3202 806/826/3203 811/830/3204 936/955/3205
f 928/948/3206 937/956/3207 929/949/3208
f 928/948/3209 668/687/3210 937/956/3211
f 669/688/3212 670/689/3213 937/956/3214 668/687/3215
f 865/885/3216 794/807/3217 866/886/3218
f 794/807/3219 879/899/3220 866/886/3221
f 794/807/3222 806/826/3223 881/903/3224 879/899/3225
f 795/813/3226 934/953/3227 796/814/3228
f 934/953/3229 807/827/3230 796/814/3231
f 732/752/3232 731/751/3233 807/827/3234 934/953/3235
f 934/953/3236 724/742/3237 732/752/3238
f 811/830/3239 812/832/3240 938/957/3241 936/955/3242
f 813/831/3243 810/829/3244 938/957/3245 812/832/3246
f 810/829/3247 733/754/3248 939/958/3249 938/957/3250
f 807/827/3251 731/751/3252 733/754/3253 810/829/3254
f 939/958/3255 733/754/3256 735/756/3257
f 939/958/3258 735/756/3259 736/755/3260 940/959/3261
f 940/959/3262 736/755/3263 737/757/3264
f 940/959/3265 737/757/3266 119/139/3267 118/138/3268
f 929/949/3269 941/960/3270 930/961/3271 653/672/3272
f 653/672/3273 930/961/3274 672/692/3275
f 672/692/3276 930/961/3277 673/693/3278
f 930/961/3279 675/697/3280 674/694/3281 673/693/3282
f 656/675/3283 658/677/3284 932/951/3285 931/950/3286
f 870/890/3287 932/951/3288 885/905/3289
f 676/695/3290 677/696/3291 932/951/3292 658/677/3293
f 932/951/3294 887/907/3295 886/906/3296 885/905/3297
f 929/949/3298 937/956/3299 941/960/3300
f 677/696/3301 131/150/3302 121/141/3303 932/951/3304
f 887/907/3305 932/951/3306 121/141/3307 120/140/3308
f 941/960/3309 943/962/3310 942/963/3311 930/961/3312
f 675/697/3313 930/961/3314 942/963/3315 127/147/3316
f 127/147/3317 942/963/3318 128/148/3319
f 942/963/3320 129/190/3321 128/148/3322
f 933/952/3323 874/894/3324 876/896/3325 944/964/3326
f 933/952/3327 944/964/3328 814/833/3329 800/820/3330
f 889/909/3331 890/910/3332 944/964/3333 876/896/3334
f 890/910/3335 142/161/3336 141/160/3337 944/964/3338
f 944/964/3339 141/160/3340 143/158/3341 814/833/3342
f 814/833/3343 143/158/3344 144/162/3345
f 805/824/3346 155/172/3347 154/171/3348 802/822/3349
f 805/824/3350 159/176/3351 155/172/3352
f 166/183/3353 744/764/3354 165/184/3355
f 168/186/3356 818/838/3357 169/188/3358
f 168/186/3359 188/208/3360 818/838/3361
f 166/183/3362 170/189/3363 816/837/3364 945/965/3365
f 816/837/3366 819/839/3367 945/965/3368
f 166/183/3369 945/965/3370 745/765/3371 744/764/3372
f 941/960/3373 937/956/3374 943/962/3375
f 943/962/3376 175/195/3377 173/194/3378
f 943/962/3379 173/194/3380 129/190/3381 942/963/3382
f 175/195/3383 943/962/3384 937/956/3385 178/200/3386
f 178/200/3387 937/956/3388 181/201/3389
f 820/840/3390 194/214/3391 945/965/3392 819/839/3393
f 820/840/3394 192/215/3395 194/214/3396
f 946/966/3397 739/759/3398 210/227/3399 209/226/3400
f 946/966/3401 725/744/3402 739/759/3403
f 946/966/3404 209/226/3405 947/967/3406
f 253/272/3407 256/275/3408 949/968/3409
f 948/969/3410 243/271/3411 253/272/3412 949/968/3413
f 949/968/3414 950/970/3415 951/971/3416
f 261/278/3417 726/745/3418 725/744/3419 946/966/3420
f 261/278/3421 260/277/3422 726/745/3423
f 946/966/3424 947/967/3425 262/279/3426 261/278/3427
f 118/138/3428 271/284/3429 952/972/3430
f 118/138/3431 952/972/3432 940/959/3433
f 953/973/3434 954/974/3435 940/959/3436 952/972/3437
f 953/973/3438 955/975/3439 954/974/3440
f 273/286/3441 954/974/3442 955/975/3443 274/287/3444
f 273/286/3445 275/289/3446 956/976/3447 954/974/3448
f 956/976/3449 958/977/3450 957/978/3451 954/974/3452
f 958/977/3453 959/979/3454 957/978/3455
f 959/979/3456 960/980/3457 957/978/3458
f 960/980/3459 287/302/3460 288/304/3461 957/978/3462
f 948/969/3463 949/968/3464 951/971/3465
f 948/969/3466 951/971/3467 280/296/3468 243/271/3469
f 288/304/3470 961/981/3471 957/978/3472
f 290/306/3473 962/982/3474 961/981/3475 288/304/3476
f 280/296/3477 951/971/3478 283/307/3479 281/297/3480
f 283/307/3481 962/982/3482 289/305/3483
f 283/307/3484 951/971/3485 962/982/3486
f 290/306/3487 289/305/3488 962/982/3489
f 347/366/3490 348/368/3491 951/971/3492 950/970/3493
f 349/369/3494 350/370/3495 951/971/3496 348/368/3497
f 297/315/3498 964/983/3499 963/984/3500 298/316/3501
f 297/315/3502 295/313/3503 741/761/3504 964/983/3505
f 945/965/3506 746/766/3507 745/765/3508
f 963/984/3509 964/983/3510 966/985/3511
f 964/983/3512 741/761/3513 747/767/3514
f 305/323/3515 304/322/3516 965/986/3517 968/987/3518
f 305/323/3519 968/987/3520 967/988/3521 307/325/3522
f 965/986/3523 969/989/3524 968/987/3525
f 256/275/3526 258/334/3527 950/970/3528 949/968/3529
f 258/334/3530 314/333/3531 950/970/3532
f 316/335/3533 950/970/3534 314/333/3535
f 316/335/3536 319/339/3537 950/970/3538
f 319/339/3539 320/340/3540 950/970/3541
f 950/970/3542 320/340/3543 347/366/3544
f 970/990/3545 971/991/3546 623/643/3547
f 970/990/3548 623/643/3549 324/344/3550 323/343/3551
f 945/965/3552 194/214/3553 748/768/3554 746/766/3555
f 964/983/3556 747/767/3557 749/769/3558
f 194/214/3559 195/213/3560 750/770/3561 748/768/3562
f 964/983/3563 749/769/3564 329/351/3565 328/348/3566
f 964/983/3567 328/348/3568 332/347/3569
f 964/983/3570 973/992/3571 972/993/3572 966/985/3573
f 969/989/3574 974/994/3575 968/987/3576
f 974/994/3577 976/995/3578 341/358/3579 968/987/3580
f 968/987/3581 977/996/3582 975/997/3583 967/988/3584
f 332/347/3585 333/350/3586 973/992/3587 964/983/3588
f 976/995/3589 339/359/3590 341/358/3591
f 350/370/3592 351/371/3593 951/971/3594
f 971/991/3595 625/645/3596 624/644/3597 623/643/3598
f 979/998/3599 365/385/3600 625/645/3601 971/991/3602
f 341/358/3603 356/376/3604 977/996/3605 968/987/3606
f 979/998/3607 358/378/3608 360/381/3609 365/385/3610
f 351/371/3611 364/384/3612 978/999/3613 951/971/3614
f 352/375/3615 978/999/3616 364/384/3617
f 352/375/3618 355/374/3619 978/999/3620
f 355/374/3621 367/387/3622 978/999/3623
f 671/691/3624 935/954/3625 689/711/3626
f 935/954/3627 895/915/3628 897/922/3629 693/712/3630
f 895/915/3631 935/954/3632 899/918/3633 896/916/3634
f 935/954/3635 936/955/3636 899/918/3637
f 899/918/3638 936/955/3639 900/919/3640
f 900/919/3641 936/955/3642 824/844/3643 828/850/3644
f 900/919/3645 828/850/3646 902/920/3647
f 935/954/3648 693/712/3649 689/711/3650
f 686/706/3651 687/705/3652 981/1000/3653 685/703/3654
f 687/705/3655 688/707/3656 981/1000/3657
f 897/922/3658 694/714/3659 693/712/3660
f 691/710/3661 696/716/3662 980/1001/3663 683/708/3664
f 688/707/3665 683/708/3666 980/1001/3667 981/1000/3668
f 897/922/3669 905/925/3670 695/715/3671 694/714/3672
f 824/844/3673 936/955/3674 938/957/3675 825/845/3676
f 938/957/3677 829/848/3678 826/846/3679 825/845/3680
f 829/848/3681 938/957/3682 939/958/3683 754/774/3684
f 829/848/3685 754/774/3686 758/780/3687 831/851/3688
f 939/958/3689 755/775/3690 754/774/3691
f 939/958/3692 940/959/3693 756/776/3694 755/775/3695
f 940/959/3696 759/778/3697 756/776/3698
f 375/394/3699 374/393/3700 759/778/3701 940/959/3702
f 903/923/3703 902/920/3704 828/850/3705 833/853/3706
f 903/923/3707 833/853/3708 908/927/3709
f 831/851/3710 758/780/3711 761/783/3712 984/1002/3713
f 984/1002/3714 761/783/3715 763/782/3716
f 831/851/3717 984/1002/3718 834/854/3719
f 834/854/3720 984/1002/3721 837/857/3722
f 980/1001/3723 696/716/3724 697/717/3725 698/719/3726
f 905/925/3727 906/926/3728 701/720/3729 695/715/3730
f 906/926/3731 907/929/3732 701/720/3733
f 685/703/3734 981/1000/3735 983/1003/3736
f 698/719/3737 702/722/3738 981/1000/3739 980/1001/3740
f 981/1000/3741 702/722/3742 703/723/3743
f 981/1000/3744 703/723/3745 704/725/3746
f 701/720/3747 986/1004/3748 706/726/3749
f 706/726/3750 986/1004/3751 707/727/3752
f 701/720/3753 907/929/3754 911/931/3755 986/1004/3756
f 986/1004/3757 911/931/3758 912/932/3759 913/933/3760
f 913/933/3761 915/935/3762 987/1005/3763 986/1004/3764
f 908/927/3765 833/853/3766 835/856/3767 916/936/3768
f 835/856/3769 836/855/3770 838/859/3771 988/1006/3772
f 984/1002/3773 763/782/3774 766/786/3775 767/788/3776
f 837/857/3777 984/1002/3778 841/860/3779
f 984/1002/3780 842/861/3781 841/860/3782
f 984/1002/3783 767/788/3784 770/789/3785 842/861/3786
f 916/936/3787 835/856/3788 988/1006/3789 917/937/3790
f 917/937/3791 988/1006/3792 918/938/3793
f 988/1006/3794 838/859/3795 843/862/3796 844/864/3797
f 988/1006/3798 844/864/3799 845/866/3800 989/1007/3801
f 842/861/3802 770/789/3803 847/867/3804
f 847/867/3805 770/789/3806 848/868/3807
f 848/868/3808 770/789/3809 771/791/3810 772/792/3811
f 849/869/3812 848/868/3813 772/792/3814 441/457/3815
f 670/689/3816 684/704/3817 982/1008/3818 937/956/3819
f 684/704/3820 685/703/3821 983/1003/3822 982/1008/3823
f 937/956/3824 982/1008/3825 381/397/3826 181/201/3827
f 389/405/3828 384/399/3829 982/1008/3830 390/406/3831
f 381/397/3832 982/1008/3833 384/399/3834
f 409/426/3835 853/872/3836 990/1009/3837 410/427/3838
f 853/872/3839 857/876/3840 990/1009/3841
f 991/1010/3842 985/1011/3843 714/734/3844 713/737/3845
f 981/1000/3846 704/725/3847 985/1011/3848 983/1003/3849
f 704/725/3850 712/732/3851 985/1011/3852
f 712/732/3853 715/733/3854 985/1011/3855
f 714/734/3856 985/1011/3857 715/733/3858
f 986/1004/3859 987/1005/3860 708/728/3861 707/727/3862
f 915/935/3863 924/943/3864 987/1005/3865
f 716/735/3866 708/728/3867 987/1005/3868 717/736/3869
f 987/1005/3870 412/428/3871 423/438/3872 717/736/3873
f 987/1005/3874 924/943/3875 925/945/3876 923/944/3877
f 412/428/3878 987/1005/3879 923/944/3880 415/429/3881
f 983/1003/3882 985/1011/3883 991/1010/3884 982/1008/3885
f 982/1008/3886 991/1010/3887 390/406/3888
f 417/433/3889 418/434/3890 991/1010/3891 713/737/3892
f 390/406/3893 991/1010/3894 418/434/3895
f 426/468/3896 425/467/3897 784/804/3898
f 988/1006/3899 989/1007/3900 919/939/3901 918/938/3902
f 845/866/3903 854/873/3904 989/1007/3905
f 926/946/3906 919/939/3907 989/1007/3908 927/947/3909
f 427/443/3910 927/947/3911 989/1007/3912 428/440/3913
f 989/1007/3914 854/873/3915 430/441/3916 428/440/3917
f 430/441/3918 854/873/3919 431/444/3920
f 444/458/3921 849/869/3922 441/457/3923 440/456/3924
f 849/869/3925 444/458/3926 443/461/3927
f 408/422/3928 455/471/3929 856/875/3930
f 405/419/3931 408/422/3932 856/875/3933
f 857/876/3934 855/877/3935 426/468/3936 990/1009/3937
f 855/877/3938 456/472/3939 426/468/3940
f 426/468/3941 784/804/3942 783/803/3943 990/1009/3944
f 940/959/3945 993/1012/3946 375/394/3947
f 940/959/3948 954/974/3949 992/1013/3950 993/1012/3951
f 993/1012/3952 457/473/3953 375/394/3954
f 992/1013/3955 954/974/3956 994/1014/3957
f 954/974/3958 463/478/3959 462/477/3960 994/1014/3961
f 463/478/3962 954/974/3963 957/978/3964 995/1015/3965
f 463/478/3966 995/1015/3967 459/479/3968
f 957/978/3969 997/1016/3970 996/1017/3971 995/1015/3972
f 957/978/3973 961/981/3974 998/1018/3975 997/1016/3976
f 379/484/3977 999/1019/3978 764/784/3979 380/485/3980
f 471/486/3981 1000/1020/3982 999/1019/3983 379/484/3984
f 468/494/3985 998/1018/3986 961/981/3987 469/495/3988
f 961/981/3989 962/982/3990 480/500/3991 469/495/3992
f 480/500/3993 962/982/3994 481/503/3995
f 962/982/3996 483/504/3997 481/503/3998
f 951/971/3999 487/508/4000 483/504/4001 962/982/4002
f 951/971/4003 1001/1021/4004 488/510/4005 487/508/4006
f 488/510/4007 1001/1021/4008 491/511/4009
f 999/1019/4010 765/785/4011 764/784/4012
f 999/1019/4013 774/794/4014 765/785/4015
f 999/1019/4016 492/515/4017 494/514/4018 774/794/4019
f 999/1019/4020 1000/1020/4021 492/515/4022
f 491/511/4023 1001/1021/4024 1002/1022/4025 533/553/4026
f 533/553/4027 1002/1022/4028 535/555/4029
f 544/562/4030 1004/1023/4031 545/563/4032
f 410/427/4033 780/799/4034 779/798/4035 554/571/4036
f 990/1009/4037 782/802/4038 780/799/4039 410/427/4040
f 544/562/4041 547/565/4042 778/795/4043 1004/1023/4044
f 1004/1023/4045 778/795/4046 785/805/4047
f 1006/1024/4048 1004/1023/4049 1007/1025/4050
f 1005/1026/4051 545/563/4052 1004/1023/4053 1006/1024/4054
f 551/570/4055 1010/1027/4056 1011/1028/4057
f 551/570/4058 1011/1028/4059 1008/1029/4060 1009/1030/4061
f 1011/1028/4062 1013/1031/4063 1008/1029/4064
f 1012/1032/4065 1009/1030/4066 1008/1029/4067 1014/1033/4068
f 545/563/4069 1005/1026/4070 546/564/4071
f 551/570/4072 552/569/4073 1010/1027/4074
f 951/971/4075 557/573/4076 556/572/4077 1001/1021/4078
f 951/971/4079 978/999/4080 558/587/4081 557/573/4082
f 1001/1021/4083 556/572/4084 559/575/4085 1002/1022/4086
f 558/587/4087 978/999/4088 570/588/4089
f 367/387/4090 574/596/4091 978/999/4092
f 570/588/4093 978/999/4094 571/589/4095
f 978/999/4096 572/590/4097 571/589/4098
f 978/999/4099 574/596/4100 573/592/4101
f 978/999/4102 573/592/4103 572/590/4104
f 1015/1034/4105 637/656/4106 635/655/4107 575/591/4108
f 1015/1034/4109 1016/1035/4110 639/659/4111 637/656/4112
f 551/570/4113 1009/1030/4114 568/585/4115
f 565/583/4116 569/586/4117 1015/1034/4118 575/591/4119
f 1017/1036/4120 1004/1023/4121 587/603/4122 586/607/4123
f 990/1009/4124 783/803/4125 782/802/4126
f 1017/1036/4127 1007/1025/4128 1004/1023/4129
f 1004/1023/4130 785/805/4131 781/801/4132
f 1004/1023/4133 781/801/4134 589/604/4135 587/603/4136
f 579/597/4137 1008/1029/4138 1018/1037/4139 595/613/4140
f 1018/1037/4141 1008/1029/4142 1013/1031/4143
f 581/599/4144 1014/1033/4145 1008/1029/4146 579/597/4147
f 1002/1022/4148 559/575/4149 560/576/4150 561/577/4151
f 1002/1022/4152 561/577/4153 562/578/4154 1003/1038/4155
f 562/578/4156 563/579/4157 1003/1038/4158
f 563/579/4159 596/615/4160 1003/1038/4161
f 535/555/4162 1002/1022/4163 1003/1038/4164 537/624/4165
f 537/624/4166 1003/1038/4167 604/623/4168
f 597/614/4169 1003/1038/4170 596/615/4171
f 605/625/4172 1003/1038/4173 597/614/4174
f 605/625/4175 604/623/4176 1003/1038/4177
f 608/628/4178 611/631/4179 1019/1039/4180
f 611/631/4181 639/659/4182 1016/1035/4183 1019/1039/4184
f 1020/1040/4185 214/234/4186 212/233/4187
f 1020/1040/4188 1023/1041/4189 1021/1042/4190 1022/1043/4191
f 1023/1041/4192 228/247/4193 230/249/4194
f 1023/1041/4195 215/245/4196 228/247/4197
f 1020/1040/4198 212/233/4199 215/245/4200 1023/1041/4201
f 1023/1041/4202 230/249/4203 231/251/4204
f 1022/1043/4205 1021/1042/4206 233/252/4207 235/255/4208
f 1022/1043/4209 235/255/4210 238/257/4211
f 1021/1042/4212 249/265/4213 247/263/4214 246/262/4215
f 233/252/4216 1021/1042/4217 246/262/4218
f 1021/1042/4219 250/267/4220 249/265/4221
f 1021/1042/4222 1024/1044/4223 250/267/4224
f 1020/1040/4225 265/288/4226 264/280/4227 214/234/4228
f 1022/1043/4229 238/257/4230 266/290/4231
f 1020/1040/4232 1026/1045/4233 265/288/4234
f 1020/1040/4235 1022/1043/4236 1025/1046/4237 1026/1045/4238
f 1022/1043/4239 266/290/4240 268/292/4241 1025/1046/4242
f 265/288/4243 1026/1045/4244 269/282/4245
f 1026/1045/4246 1025/1046/4247 958/977/4248 956/976/4249
f 269/282/4250 1026/1045/4251 956/976/4252 275/289/4253
f 268/292/4254 277/299/4255 1025/1046/4256
f 1025/1046/4257 960/980/4258 959/979/4259 958/977/4260
f 277/299/4261 287/302/4262 960/980/4263 1025/1046/4264
f 1023/1041/4265 231/251/4266 1027/1047/4267
f 299/317/4268 301/319/4269 1027/1047/4270 231/251/4271
f 1023/1041/4272 1027/1047/4273 1024/1044/4274 1021/1042/4275
f 250/267/4276 1024/1044/4277 309/327/4278
f 1027/1047/4279 301/319/4280 303/321/4281
f 1024/1044/4282 312/330/4283 311/329/4284 309/327/4285
f 1024/1044/4286 1028/1048/4287 312/330/4288
f 303/321/4289 306/324/4290 1029/1049/4291 1027/1047/4292
f 1027/1047/4293 1029/1049/4294 1028/1048/4295 1024/1044/4296
f 306/324/4297 307/325/4298 967/988/4299 1029/1049/4300
f 322/341/4301 970/990/4302 323/343/4303
f 322/341/4304 312/330/4305 1028/1048/4306 970/990/4307
f 970/990/4308 1028/1048/4309 971/991/4310
f 967/988/4311 975/997/4312 1029/1049/4313
f 971/991/4314 1028/1048/4315 979/998/4316
f 977/996/4317 356/376/4318 342/361/4319
f 1029/1049/4320 975/997/4321 977/996/4322 1030/1050/4323
f 1028/1048/4324 1029/1049/4325 1030/1050/4326 1031/1051/4327
f 979/998/4328 361/379/4329 358/378/4330
f 979/998/4331 1028/1048/4332 1031/1051/4333 361/379/4334
f 342/361/4335 357/377/4336 1030/1050/4337 977/996/4338
f 361/379/4339 1031/1051/4340 362/382/4341
f 1032/1052/4342 995/1015/4343 996/1017/4344 1033/1053/4345
f 460/475/4346 459/479/4347 995/1015/4348 1032/1052/4349
f 1033/1053/4350 996/1017/4351 997/1016/4352 998/1018/4353
f 465/493/4354 1033/1053/4355 998/1018/4356 468/494/4357
f 1032/1052/4358 470/483/4359 460/475/4360
f 1032/1052/4361 1034/1054/4362 470/483/4363
f 1033/1053/4364 465/493/4365 467/490/4366 1035/1055/4367
f 467/490/4368 474/489/4369 1035/1055/4370
f 1033/1053/4371 1035/1055/4372 1034/1054/4373 1032/1052/4374
f 474/489/4375 484/488/4376 1035/1055/4377
f 475/491/4378 470/483/4379 1034/1054/4380 498/516/4381
f 1034/1054/4382 499/518/4383 498/516/4384
f 1034/1054/4385 1037/1056/4386 501/530/4387 499/518/4388
f 1034/1054/4389 1035/1055/4390 1036/1057/4391 1037/1056/4392
f 501/530/4393 1037/1056/4394 512/532/4395
f 512/532/4396 1037/1056/4397 515/534/4398
f 515/534/4399 1037/1056/4400 516/536/4401
f 1035/1055/4402 484/488/4403 519/539/4404
f 1035/1055/4405 519/539/4406 521/541/4407 1036/1057/4408
f 521/541/4409 526/544/4410 1036/1057/4411
f 1036/1057/4412 526/544/4413 528/546/4414 529/547/4415
f 1036/1057/4416 529/547/4417 531/549/4418
f 1036/1057/4419 531/549/4420 1038/1058/4421
f 1030/1050/4422 357/377/4423 553/580/4424 1009/1030/4425
f 569/586/4426 564/581/4427 1015/1034/4428
f 1031/1051/4429 1015/1034/4430 564/581/4431 362/382/4432
f 553/580/4433 568/585/4434 1009/1030/4435
f 1030/1050/4436 1040/1059/4437 1039/1060/4438 1031/1051/4439
f 1031/1051/4440 1039/1060/4441 1015/1034/4442
f 1009/1030/4443 1012/1032/4444 1040/1059/4445 1030/1050/4446
f 1012/1032/4447 1014/1033/4448 1040/1059/4449
f 1015/1034/4450 1039/1060/4451 1016/1035/4452
f 1037/1056/4453 1041/1061/4454 516/536/4455
f 591/608/4456 516/536/4457 1041/1061/4458 594/611/4459
f 531/549/4460 599/617/4461 1038/1058/4462
f 1037/1056/4463 1036/1057/4464 1038/1058/4465 1041/1061/4466
f 594/611/4467 1041/1061/4468 582/612/4469
f 601/619/4470 603/621/4471 1038/1058/4472 599/617/4473
f 1019/1039/4474 1016/1035/4475 1039/1060/4476
f 1019/1039/4477 1039/1060/4478 609/629/4479 608/628/4480
f 581/599/4481 580/598/4482 1040/1059/4483 1014/1033/4484
f 603/621/4485 609/629/4486 1039/1060/4487
f 582/612/4488 1041/1061/4489 1040/1059/4490 580/598/4491
f 1039/1060/4492 1040/1059/4493 1041/1061/4494 1038/1058/4495
f 603/621/4496 1039/1060/4497 1038/1058/4498
f 1042/1062/4499 206/229/4500 208/230/4501
f 1042/1062/4502 947/967/4503 209/226/4504 206/229/4505
f 1043/1063/4506 211/232/4507 213/231/4508 216/235/4509
f 1045/1064/4510 221/240/4511 217/236/4512
f 1045/1064/4513 217/236/4514 224/243/4515
f 1042/1062/4516 208/230/4517 221/240/4518 1045/1064/4519
f 1042/1062/4520 1045/1064/4521 1044/1065/4522 1043/1063/4523
f 1045/1064/4524 224/243/4525 225/308/4526
f 1044/1065/4527 226/246/4528 229/244/4529
f 211/232/4530 1043/1063/4531 1044/1065/4532 229/244/4533
f 1044/1065/4534 232/250/4535 227/248/4536 226/246/4537
f 1044/1065/4538 1046/1066/4539 232/250/4540
f 1042/1062/4541 259/276/4542 262/279/4543 947/967/4544
f 1043/1063/4545 216/235/4546 263/281/4547
f 1042/1062/4548 1048/1067/4549 111/131/4550 259/276/4551
f 1042/1062/4552 1043/1063/4553 1047/1068/4554 1048/1067/4555
f 1043/1063/4556 263/281/4557 270/283/4558 1047/1068/4559
f 111/131/4560 1048/1067/4561 114/132/4562
f 114/132/4563 1048/1067/4564 952/972/4565 117/136/4566
f 1048/1067/4567 1047/1068/4568 953/973/4569 952/972/4570
f 117/136/4571 952/972/4572 271/284/4573
f 270/283/4574 272/285/4575 1047/1068/4576
f 1047/1068/4577 955/975/4578 953/973/4579
f 272/285/4580 274/287/4581 955/975/4582 1047/1068/4583
f 1045/1064/4584 225/308/4585 1049/1069/4586
f 292/310/4587 293/311/4588 1049/1069/4589 225/308/4590
f 1049/1069/4591 293/311/4592 296/314/4593
f 1045/1064/4594 1049/1069/4595 1046/1066/4596 1044/1065/4597
f 232/250/4598 1046/1066/4599 300/318/4600
f 1046/1066/4601 302/320/4602 300/318/4603
f 302/320/4604 1046/1066/4605 965/986/4606 304/322/4607
f 296/314/4608 298/316/4609 1051/1070/4610 1049/1069/4611
f 1049/1069/4612 1051/1070/4613 1050/1071/4614 1046/1066/4615
f 963/984/4616 966/985/4617 1051/1070/4618 298/316/4619
f 965/986/4620 1046/1066/4621 1050/1071/4622 969/989/4623
f 966/985/4624 972/993/4625 1051/1070/4626
f 1050/1071/4627 976/995/4628 974/994/4629 969/989/4630
f 1051/1070/4631 972/993/4632 973/992/4633 1052/1072/4634
f 973/992/4635 333/350/4636 331/349/4637 334/353/4638
f 973/992/4639 334/353/4640 1052/1072/4641
f 1050/1071/4642 1051/1070/4643 1052/1072/4644 1053/1073/4645
f 976/995/4646 1050/1071/4647 1053/1073/4648 339/359/4649
f 334/353/4650 336/355/4651 1052/1072/4652
f 336/355/4653 338/357/4654 1052/1072/4655
f 339/359/4656 1053/1073/4657 344/363/4658 343/362/4659
f 344/363/4660 1053/1073/4661 345/364/4662
f 345/364/4663 1053/1073/4664 346/365/4665
f 1054/1074/4666 993/1012/4667 992/1013/4668 1055/1075/4669
f 1054/1074/4670 376/395/4671 369/389/4672
f 369/389/4673 373/392/4674 993/1012/4675 1054/1074/4676
f 373/392/4677 457/473/4678 993/1012/4679
f 1055/1075/4680 992/1013/4681 994/1014/4682
f 458/474/4683 1055/1075/4684 994/1014/4685 462/477/4686
f 1055/1075/4687 458/474/4688 461/476/4689 1057/1076/4690
f 461/476/4691 464/482/4692 1057/1076/4693
f 376/395/4694 1054/1074/4695 1056/1077/4696 377/480/4697
f 1055/1075/4698 1057/1076/4699 1056/1077/4700 1054/1074/4701
f 464/482/4702 472/492/4703 1057/1076/4704
f 471/486/4705 377/480/4706 1056/1077/4707 1000/1020/4708
f 1056/1077/4709 493/512/4710 492/515/4711 1000/1020/4712
f 1056/1077/4713 496/520/4714 493/512/4715
f 1057/1076/4716 472/492/4717 497/517/4718 500/519/4719
f 1056/1077/4720 1059/1078/4721 503/522/4722 496/520/4723
f 1056/1077/4724 1057/1076/4725 1058/1079/4726 1059/1078/4727
f 503/522/4728 1059/1078/4729 505/524/4730
f 505/524/4731 1059/1078/4732 508/526/4733
f 508/526/4734 1059/1078/4735 509/528/4736
f 500/519/4737 511/531/4738 1058/1079/4739 1057/1076/4740
f 511/531/4741 513/533/4742 1058/1079/4743
f 1058/1079/4744 513/533/4745 514/535/4746 517/537/4747
f 1058/1079/4748 517/537/4749 1060/1080/4750
f 539/558/4751 1052/1072/4752 338/357/4753
f 539/558/4754 541/559/4755 1052/1072/4756
f 346/365/4757 1053/1073/4758 550/568/4759
f 548/566/4760 550/568/4761 1053/1073/4762
f 548/566/4763 1053/1073/4764 552/569/4765 549/567/4766
f 543/561/4767 546/564/4768 1005/1026/4769 541/559/4770
f 1052/1072/4771 541/559/4772 1005/1026/4773 1062/1081/4774
f 1052/1072/4775 1062/1081/4776 1061/1082/4777 1053/1073/4778
f 1005/1026/4779 1006/1024/4780 1062/1081/4781
f 1006/1024/4782 1007/1025/4783 1062/1081/4784
f 552/569/4785 1053/1073/4786 1061/1082/4787 1010/1027/4788
f 1059/1078/4789 1063/1083/4790 509/528/4791
f 583/600/4792 509/528/4793 1063/1083/4794 585/601/4795
f 588/606/4796 585/601/4797 1063/1083/4798
f 1059/1078/4799 1058/1079/4800 1060/1080/4801 1063/1083/4802
f 517/537/4803 592/609/4804 1060/1080/4805
f 593/610/4806 595/613/4807 1018/1037/4808 1060/1080/4809
f 593/610/4810 1060/1080/4811 592/609/4812
f 1017/1036/4813 1062/1081/4814 1007/1025/4815
f 1017/1036/4816 586/607/4817 588/606/4818 1062/1081/4819
f 1018/1037/4820 1013/1031/4821 1061/1082/4822 1060/1080/4823
f 1011/1028/4824 1010/1027/4825 1061/1082/4826 1013/1031/4827
f 588/606/4828 1063/1083/4829 1062/1081/4830
f 1063/1083/4831 1060/1080/4832 1061/1082/4833 1062/1081/4834
f 1066/1084/4835 1064/1085/4836 1065/1086/4837
f 1064/1085/4838 1067/1087/4839 1065/1086/4840
f 1064/1085/4841 1068/1088/4842 1067/1087/4843
f 1068/1088/4844 1069/1089/4845 1067/1087/4846
f 1065/1086/4847 1067/1087/4848 1070/1090/4849
f 1065/1086/4850 1070/1090/4851 1408/1091/4852
f 1067/1087/4853 1069/1089/4854 1071/1092/4855
f 1067/1087/4856 1071/1092/4857 1070/1090/4858
f 1066/1084/4859 1065/1086/4860 1408/1091/4861
f 1066/1084/4862 1408/1091/4863 1407/1093/4864
f 1071/1092/4865 1075/1094/4866 1072/1095/4867
f 1069/1089/4868 1075/1094/4869 1071/1092/4870
f 1069/1089/4871 1076/1096/4872 1073/1097/4873
f 1069/1089/4874 1073/1097/4875 1075/1094/4876
f 1073/1097/4877 1074/1098/4878 1075/1094/4879
f 1068/1088/4880 1077/1099/4881 1078/1100/4882
f 1068/1088/4883 1078/1100/4884 1069/1089/4885
f 1076/1096/4886 1069/1089/4887 1078/1100/4888
f 1076/1096/4889 1078/1100/4890 1091/1101/4891
f 1091/1101/4892 1079/1102/4893 1076/1096/4894
f 1079/1102/4895 1080/1103/4896 1073/1097/4897
f 1079/1102/4898 1073/1097/4899 1076/1096/4900
f 1073/1097/4901 1080/1103/4902 1074/1098/4903
f 1074/1098/4904 1080/1103/4905 1081/1104/4906
f 1074/1098/4907 1081/1104/4908 1075/1094/4909
f 1075/1094/4910 1081/1104/4911 1082/1105/4912
f 1075/1094/4913 1082/1105/4914 1083/1106/4915
f 1083/1106/4916 1072/1095/4917 1075/1094/4918
f 1083/1106/4919 1086/1107/4920 1072/1095/4921
f 1070/1090/4922 1071/1092/4923 1084/1108/4924
f 1071/1092/4925 1085/1109/4926 1084/1108/4927
f 1071/1092/4928 1072/1095/4929 1087/1110/4930
f 1072/1095/4931 1086/1107/4932 1087/1110/4933
f 1071/1092/4934 1087/1110/4935 1085/1109/4936
f 1083/1106/4937 1082/1105/4938 1088/1111/4939
f 1080/1103/4940 1089/1112/4941 1081/1104/4942
f 1089/1112/4943 1094/1113/4944 1081/1104/4945
f 1081/1104/4946 1094/1113/4947 1096/1114/4948
f 1081/1104/4949 1096/1114/4950 1103/1115/4951
f 1082/1105/4952 1081/1104/4953 1103/1115/4954
f 1079/1102/4955 1090/1116/4956 1089/1112/4957
f 1079/1102/4958 1089/1112/4959 1080/1103/4960
f 1091/1101/4961 1090/1116/4962 1079/1102/4963
f 1077/1099/4964 1091/1101/4965 1078/1100/4966
f 1077/1099/4967 1092/1117/4968 1091/1101/4969
f 1090/1116/4970 1094/1113/4971 1089/1112/4972
f 1092/1117/4973 1093/1118/4974 1090/1116/4975
f 1092/1117/4976 1090/1116/4977 1091/1101/4978
f 1090/1116/4979 1093/1118/4980 1094/1113/4981
f 1094/1113/4982 1095/1119/4983 1096/1114/4984
f 1096/1114/4985 1097/1120/4986 1098/1121/4987
f 1096/1114/4988 1098/1121/4989 1103/1115/4990
f 1103/1115/4991 1099/1122/4992 1100/1123/4993
f 1103/1115/4994 1100/1123/4995 1082/1105/4996
f 1100/1123/4997 1434/1124/4998 1082/1105/4999
f 1434/1124/5000 1101/1125/5001 1082/1105/5002
f 1082/1105/5003 1101/1125/5004 1088/1111/5005
f 1101/1125/5006 1102/1126/5007 1088/1111/5008
f 1103/1115/5009 1098/1121/5010 1114/1127/5011
f 1114/1127/5012 1098/1121/5013 1104/1128/5014
f 1098/1121/5015 1097/1120/5016 1104/1128/5017
f 1097/1120/5018 1105/1129/5019 1104/1128/5020
f 1097/1120/5021 1096/1114/5022 1095/1119/5023
f 1095/1119/5024 1105/1129/5025 1097/1120/5026
f 1094/1113/5027 1093/1118/5028 1110/1130/5029
f 1093/1118/5030 1109/1131/5031 1110/1130/5032
f 1094/1113/5033 1110/1130/5034 1095/1119/5035
f 1092/1117/5036 1106/1132/5037 1093/1118/5038
f 1106/1132/5039 1109/1131/5040 1093/1118/5041
f 1077/1099/5042 1106/1132/5043 1092/1117/5044
f 1106/1132/5045 1077/1099/5046 1107/1133/5047
f 1106/1132/5048 1107/1133/5049 1108/1134/5050
f 1106/1132/5051 1108/1134/5052 1109/1131/5053
f 1111/1135/5054 1112/1136/5055 1105/1129/5056
f 1111/1135/5057 1105/1129/5058 1095/1119/5059
f 1105/1129/5060 1112/1136/5061 1104/1128/5062
f 1112/1136/5063 1113/1137/5064 1104/1128/5065
f 1114/1127/5066 1104/1128/5067 1115/1138/5068
f 1104/1128/5069 1113/1137/5070 1115/1138/5071
f 1113/1137/5072 1116/1139/5073 1115/1138/5074
f 1117/1140/5075 1116/1139/5076 1113/1137/5077
f 1118/1141/5078 1117/1140/5079 1113/1137/5080
f 1118/1141/5081 1113/1137/5082 1112/1136/5083
f 1112/1136/5084 1111/1135/5085 1118/1141/5086
f 1110/1130/5087 1111/1135/5088 1095/1119/5089
f 1109/1131/5090 1119/1142/5091 1110/1130/5092
f 1119/1142/5093 1125/1143/5094 1110/1130/5095
f 1111/1135/5096 1110/1130/5097 1125/1143/5098
f 1120/1144/5099 1121/1145/5100 1108/1134/5101
f 1121/1145/5102 1109/1131/5103 1108/1134/5104
f 1109/1131/5105 1121/1145/5106 1119/1142/5107
f 1121/1145/5108 1122/1146/5109 1119/1142/5110
f 1122/1146/5111 1123/1147/5112 1119/1142/5113
f 1123/1147/5114 1124/1148/5115 1119/1142/5116
f 1124/1148/5117 1125/1143/5118 1119/1142/5119
f 1132/1149/5120 1117/1140/5121 1118/1141/5122
f 1132/1149/5123 1118/1141/5124 1125/1143/5125
f 1111/1135/5126 1125/1143/5127 1118/1141/5128
f 1126/1150/5129 1117/1140/5130 1132/1149/5131
f 1117/1140/5132 1126/1150/5133 1127/1151/5134
f 1127/1151/5135 1116/1139/5136 1117/1140/5137
f 1439/1152/5138 1115/1138/5139 1116/1139/5140
f 1128/1153/5141 1439/1152/5142 1116/1139/5143
f 1128/1153/5144 1116/1139/5145 1127/1151/5146
f 1129/1154/5147 1439/1152/5148 1128/1153/5149
f 1129/1154/5150 1128/1153/5151 1130/1155/5152
f 1127/1151/5153 1130/1155/5154 1128/1153/5155
f 1127/1151/5156 1126/1150/5157 1131/1156/5158
f 1126/1150/5159 1299/1157/5160 1131/1156/5161
f 1127/1151/5162 1131/1156/5163 1130/1155/5164
f 1126/1150/5165 1132/1149/5166 1133/1158/5167
f 1126/1150/5168 1133/1158/5169 1134/1159/5170
f 1126/1150/5171 1134/1159/5172 1299/1157/5173
f 1134/1159/5174 1135/1160/5175 1299/1157/5176
f 1136/1161/5177 1137/1162/5178 1132/1149/5179
f 1136/1161/5180 1132/1149/5181 1125/1143/5182
f 1124/1148/5183 1139/1163/5184 1138/1164/5185
f 1124/1148/5186 1138/1164/5187 1125/1143/5188
f 1140/1165/5189 1136/1161/5190 1138/1164/5191
f 1136/1161/5192 1125/1143/5193 1138/1164/5194
f 1139/1163/5195 1124/1148/5196 1123/1147/5197
f 1139/1163/5198 1141/1166/5199 1138/1164/5200
f 1138/1164/5201 1141/1166/5202 1140/1165/5203
f 1136/1161/5204 1140/1165/5205 1137/1162/5206
f 1140/1165/5207 1141/1166/5208 1137/1162/5209
f 1137/1162/5210 1141/1166/5211 1142/1167/5212
f 1142/1167/5213 1143/1168/5214 1132/1149/5215
f 1142/1167/5216 1132/1149/5217 1137/1162/5218
f 1133/1158/5219 1132/1149/5220 1143/1168/5221
f 1133/1158/5222 1143/1168/5223 1145/1169/5224
f 1145/1169/5225 1144/1170/5226 1133/1158/5227
f 1144/1170/5228 1134/1159/5229 1133/1158/5230
f 1145/1169/5231 1143/1168/5232 1146/1171/5233
f 1143/1168/5234 1142/1167/5235 1146/1171/5236
f 1142/1167/5237 1141/1166/5238 1146/1171/5239
f 1147/1172/5240 1146/1171/5241 1141/1166/5242
f 1148/1173/5243 1141/1166/5244 1139/1163/5245
f 1148/1173/5246 1139/1163/5247 1123/1147/5248
f 1148/1173/5249 1149/1174/5250 1150/1175/5251
f 1148/1173/5252 1150/1175/5253 1141/1166/5254
f 1151/1176/5255 1147/1172/5256 1150/1175/5257
f 1147/1172/5258 1141/1166/5259 1150/1175/5260
f 1151/1176/5261 1152/1177/5262 1147/1172/5263
f 1152/1177/5264 1153/1178/5265 1147/1172/5266
f 1153/1178/5267 1154/1179/5268 1147/1172/5269
f 1147/1172/5270 1154/1179/5271 1146/1171/5272
f 1145/1169/5273 1146/1171/5274 1156/1180/5275
f 1146/1171/5276 1155/1181/5277 1156/1180/5278
f 1154/1179/5279 1155/1181/5280 1146/1171/5281
f 1145/1169/5282 1156/1180/5283 1144/1170/5284
f 1156/1180/5285 1157/1182/5286 1144/1170/5287
f 1144/1170/5288 1157/1182/5289 1134/1159/5290
f 1162/1183/5291 1156/1180/5292 1155/1181/5293
f 1162/1183/5294 1155/1181/5295 1154/1179/5296
f 1153/1178/5297 1158/1184/5298 1154/1179/5299
f 1154/1179/5300 1158/1184/5301 1162/1183/5302
f 1159/1185/5303 1160/1186/5304 1153/1178/5305
f 1161/1187/5306 1159/1185/5307 1153/1178/5308
f 1161/1187/5309 1153/1178/5310 1152/1177/5311
f 1161/1187/5312 1152/1177/5313 1151/1176/5314
f 1163/1188/5315 1162/1183/5316 1158/1184/5317
f 1162/1183/5318 1164/1189/5319 1165/1190/5320
f 1162/1183/5321 1165/1190/5322 1156/1180/5323
f 1157/1182/5324 1156/1180/5325 1165/1190/5326
f 1165/1190/5327 1164/1189/5328 1166/1191/5329
f 1165/1190/5330 1166/1191/5331 1157/1182/5332
f 1157/1182/5333 1166/1191/5334 1134/1159/5335
f 1163/1188/5336 1173/1192/5337 1164/1189/5338
f 1163/1188/5339 1164/1189/5340 1162/1183/5341
f 1173/1192/5342 1167/1193/5343 1164/1189/5344
f 1163/1188/5345 1168/1194/5346 1173/1192/5347
f 1153/1178/5348 1169/1195/5349 1158/1184/5350
f 1158/1184/5351 1169/1195/5352 1170/1196/5353
f 1158/1184/5354 1170/1196/5355 1163/1188/5356
f 1170/1196/5357 1168/1194/5358 1163/1188/5359
f 1171/1197/5360 1172/1198/5361 1170/1196/5362
f 1171/1197/5363 1170/1196/5364 1169/1195/5365
f 1170/1196/5366 1173/1192/5367 1168/1194/5368
f 1167/1193/5369 1173/1192/5370 1174/1199/5371
f 1167/1193/5372 1175/1200/5373 1176/1201/5374
f 1167/1193/5375 1176/1201/5376 1177/1202/5377
f 1167/1193/5378 1177/1202/5379 1164/1189/5380
f 1177/1202/5381 1282/1203/5382 1164/1189/5383
f 1178/1204/5384 1175/1200/5385 1167/1193/5386
f 1167/1193/5387 1174/1199/5388 1178/1204/5389
f 1178/1204/5390 1174/1199/5391 1179/1205/5392
f 1172/1198/5393 1174/1199/5394 1173/1192/5395
f 1172/1198/5396 1173/1192/5397 1170/1196/5398
f 1180/1206/5399 1181/1207/5400 1174/1199/5401
f 1182/1208/5402 1179/1205/5403 1174/1199/5404
f 1182/1208/5405 1174/1199/5406 1181/1207/5407
f 1174/1199/5408 1172/1198/5409 1183/1209/5410
f 1174/1199/5411 1183/1209/5412 1180/1206/5413
f 1184/1210/5414 1185/1211/5415 1171/1197/5416
f 1171/1197/5417 1185/1211/5418 1183/1209/5419
f 1171/1197/5420 1183/1209/5421 1172/1198/5422
f 1186/1212/5423 1184/1210/5424 1187/1213/5425
f 1184/1210/5426 1171/1197/5427 1187/1213/5428
f 1169/1195/5429 1188/1214/5430 1171/1197/5431
f 1188/1214/5432 1187/1213/5433 1171/1197/5434
f 1153/1178/5435 1189/1215/5436 1169/1195/5437
f 1189/1215/5438 1188/1214/5439 1169/1195/5440
f 1160/1186/5441 1189/1215/5442 1153/1178/5443
f 1190/1216/5444 1405/1217/5445 1191/1218/5446
f 1190/1216/5447 1191/1218/5448 1184/1210/5449
f 1186/1212/5450 1190/1216/5451 1184/1210/5452
f 1185/1211/5453 1184/1210/5454 1191/1218/5455
f 1185/1211/5456 1180/1206/5457 1183/1209/5458
f 1185/1211/5459 1192/1219/5460 1180/1206/5461
f 1181/1207/5462 1180/1206/5463 1192/1219/5464
f 1181/1207/5465 1193/1220/5466 1194/1221/5467
f 1182/1208/5468 1181/1207/5469 1194/1221/5470
f 1179/1205/5471 1182/1208/5472 1194/1221/5473
f 1178/1204/5474 1179/1205/5475 1194/1221/5476
f 1178/1204/5477 1194/1221/5478 1195/1222/5479
f 1196/1223/5480 1194/1221/5481 1197/1224/5482
f 1197/1224/5483 1194/1221/5484 1193/1220/5485
f 1212/1225/5486 1195/1222/5487 1196/1223/5488
f 1195/1222/5489 1194/1221/5490 1196/1223/5491
f 1198/1226/5492 1193/1220/5493 1181/1207/5494
f 1199/1227/5495 1200/1228/5496 1193/1220/5497
f 1199/1227/5498 1193/1220/5499 1198/1226/5500
f 1200/1228/5501 1197/1224/5502 1193/1220/5503
f 1198/1226/5504 1181/1207/5505 1192/1219/5506
f 1185/1211/5507 1191/1218/5508 1192/1219/5509
f 1191/1218/5510 1201/1229/5511 1192/1219/5512
f 1198/1226/5513 1192/1219/5514 1201/1229/5515
f 1191/1218/5516 1403/1230/5517 1201/1229/5518
f 1202/1231/5519 1201/1229/5520 1403/1230/5521
f 1202/1231/5522 1403/1230/5523 1206/1232/5524
f 1202/1231/5525 1198/1226/5526 1201/1229/5527
f 1202/1231/5528 1206/1232/5529 1199/1227/5530
f 1202/1231/5531 1199/1227/5532 1198/1226/5533
f 1203/1233/5534 1204/1234/5535 1199/1227/5536
f 1203/1233/5537 1199/1227/5538 1205/1235/5539
f 1404/1236/5540 1205/1235/5541 1206/1232/5542
f 1205/1235/5543 1199/1227/5544 1206/1232/5545
f 1204/1234/5546 1207/1237/5547 1208/1238/5548
f 1204/1234/5549 1208/1238/5550 1199/1227/5551
f 1199/1227/5552 1208/1238/5553 1200/1228/5554
f 1200/1228/5555 1209/1239/5556 1197/1224/5557
f 1197/1224/5558 1209/1239/5559 1210/1240/5560
f 1196/1223/5561 1197/1224/5562 1210/1240/5563
f 1212/1225/5564 1196/1223/5565 1210/1240/5566
f 1212/1225/5567 1210/1240/5568 1211/1241/5569
f 1211/1241/5570 1213/1242/5571 1212/1225/5572
f 1211/1241/5573 1214/1243/5574 1215/1244/5575
f 1211/1241/5576 1210/1240/5577 1214/1243/5578
f 1209/1239/5579 1214/1243/5580 1210/1240/5581
f 1216/1245/5582 1209/1239/5583 1200/1228/5584
f 1216/1245/5585 1200/1228/5586 1208/1238/5587
f 1216/1245/5588 1219/1246/5589 1209/1239/5590
f 1209/1239/5591 1219/1246/5592 1214/1243/5593
f 1217/1247/5594 1216/1245/5595 1208/1238/5596
f 1217/1247/5597 1208/1238/5598 1207/1237/5599
f 1217/1247/5600 1218/1248/5601 1219/1246/5602
f 1217/1247/5603 1219/1246/5604 1216/1245/5605
f 1227/1249/5606 1220/1250/5607 1219/1246/5608
f 1220/1250/5609 1214/1243/5610 1219/1246/5611
f 1215/1244/5612 1214/1243/5613 1220/1250/5614
f 1215/1244/5615 1221/1251/5616 1222/1252/5617
f 1215/1244/5618 1220/1250/5619 1221/1251/5620
f 1215/1244/5621 1222/1252/5622 1213/1242/5623
f 1215/1244/5624 1213/1242/5625 1211/1241/5626
f 1223/1253/5627 1213/1242/5628 1222/1252/5629
f 1178/1204/5630 1213/1242/5631 1223/1253/5632
f 1178/1204/5633 1195/1222/5634 1212/1225/5635
f 1178/1204/5636 1212/1225/5637 1213/1242/5638
f 1224/1254/5639 1223/1253/5640 1222/1252/5641
f 1225/1255/5642 1224/1254/5643 1221/1251/5644
f 1224/1254/5645 1222/1252/5646 1221/1251/5647
f 1225/1255/5648 1221/1251/5649 1220/1250/5650
f 1225/1255/5651 1220/1250/5652 1226/1256/5653
f 1227/1249/5654 1226/1256/5655 1220/1250/5656
f 1230/1257/5657 1226/1256/5658 1227/1249/5659
f 1227/1249/5660 1219/1246/5661 1218/1248/5662
f 1227/1249/5663 1218/1248/5664 1230/1257/5665
f 1207/1237/5666 1228/1258/5667 1217/1247/5668
f 1228/1258/5669 1218/1248/5670 1217/1247/5671
f 1218/1248/5672 1228/1258/5673 1229/1259/5674
f 1218/1248/5675 1229/1259/5676 1230/1257/5677
f 1204/1234/5678 1231/1260/5679 1207/1237/5680
f 1231/1260/5681 1232/1261/5682 1207/1237/5683
f 1233/1262/5684 1228/1258/5685 1232/1261/5686
f 1228/1258/5687 1207/1237/5688 1232/1261/5689
f 1233/1262/5690 1234/1263/5691 1228/1258/5692
f 1234/1263/5693 1229/1259/5694 1228/1258/5695
f 1230/1257/5696 1229/1259/5697 1235/1264/5698
f 1229/1259/5699 1234/1263/5700 1235/1264/5701
f 1235/1264/5702 1236/1265/5703 1230/1257/5704
f 1236/1265/5705 1226/1256/5706 1230/1257/5707
f 1236/1265/5708 1225/1255/5709 1226/1256/5710
f 1236/1265/5711 1237/1266/5712 1225/1255/5713
f 1237/1266/5714 1238/1267/5715 1225/1255/5716
f 1225/1255/5717 1238/1267/5718 1224/1254/5719
f 1238/1267/5720 1239/1268/5721 1224/1254/5722
f 1224/1254/5723 1239/1268/5724 1223/1253/5725
f 1241/1269/5726 1239/1268/5727 1238/1267/5728
f 1241/1269/5729 1238/1267/5730 1237/1266/5731
f 1240/1270/5732 1239/1268/5733 1241/1269/5734
f 1241/1269/5735 1237/1266/5736 1242/1271/5737
f 1242/1271/5738 1237/1266/5739 1236/1265/5740
f 1235/1264/5741 1242/1271/5742 1236/1265/5743
f 1235/1264/5744 1243/1272/5745 1242/1271/5746
f 1234/1263/5747 1244/1273/5748 1243/1272/5749
f 1234/1263/5750 1243/1272/5751 1235/1264/5752
f 1233/1262/5753 1244/1273/5754 1234/1263/5755
f 1244/1273/5756 1233/1262/5757 1232/1261/5758
f 1232/1261/5759 1231/1260/5760 1244/1273/5761
f 1245/1274/5762 1243/1272/5763 1244/1273/5764
f 1245/1274/5765 1241/1269/5766 1243/1272/5767
f 1241/1269/5768 1242/1271/5769 1243/1272/5770
f 1246/1275/5771 1241/1269/5772 1245/1274/5773
f 1247/1276/5774 1240/1270/5775 1241/1269/5776
f 1247/1276/5777 1241/1269/5778 1246/1275/5779
f 1247/1276/5780 1248/1277/5781 1240/1270/5782
f 1248/1277/5783 1176/1201/5784 1239/1268/5785
f 1248/1277/5786 1239/1268/5787 1240/1270/5788
f 1239/1268/5789 1176/1201/5790 1175/1200/5791
f 1239/1268/5792 1175/1200/5793 1223/1253/5794
f 1177/1202/5795 1176/1201/5796 1248/1277/5797
f 1249/1278/5798 1248/1277/5799 1247/1276/5800
f 1282/1203/5801 1177/1202/5802 1249/1278/5803
f 1177/1202/5804 1248/1277/5805 1249/1278/5806
f 1247/1276/5807 1246/1275/5808 1253/1279/5809
f 1247/1276/5810 1253/1279/5811 1250/1280/5812
f 1247/1276/5813 1250/1280/5814 1251/1281/5815
f 1249/1278/5816 1247/1276/5817 1251/1281/5818
f 1246/1275/5819 1252/1282/5820 1253/1279/5821
f 1254/1283/5822 1257/1284/5823 1255/1285/5824
f 1254/1283/5825 1255/1285/5826 1246/1275/5827
f 1254/1283/5828 1246/1275/5829 1245/1274/5830
f 1246/1275/5831 1255/1285/5832 1256/1286/5833
f 1246/1275/5834 1256/1286/5835 1252/1282/5836
f 1254/1283/5837 1245/1274/5838 1244/1273/5839
f 1254/1283/5840 1244/1273/5841 1257/1284/5842
f 1258/1287/5843 1257/1284/5844 1231/1260/5845
f 1257/1284/5846 1244/1273/5847 1231/1260/5848
f 1260/1288/5849 1255/1285/5850 1259/1289/5851
f 1255/1285/5852 1257/1284/5853 1259/1289/5854
f 1256/1286/5855 1255/1285/5856 1260/1288/5857
f 1256/1286/5858 1260/1288/5859 1261/1290/5860
f 1262/1291/5861 1252/1282/5862 1256/1286/5863
f 1262/1291/5864 1256/1286/5865 1261/1290/5866
f 1263/1292/5867 1253/1279/5868 1252/1282/5869
f 1263/1292/5870 1252/1282/5871 1262/1291/5872
f 1264/1293/5873 1253/1279/5874 1263/1292/5875
f 1265/1294/5876 1250/1280/5877 1253/1279/5878
f 1265/1294/5879 1253/1279/5880 1264/1293/5881
f 1266/1295/5882 1251/1281/5883 1250/1280/5884
f 1266/1295/5885 1250/1280/5886 1265/1294/5887
f 1266/1295/5888 1265/1294/5889 1267/1296/5890
f 1268/1297/5891 1267/1296/5892 1265/1294/5893
f 1268/1297/5894 1265/1294/5895 1264/1293/5896
f 1263/1292/5897 1268/1297/5898 1264/1293/5899
f 1262/1291/5900 1269/1298/5901 1268/1297/5902
f 1262/1291/5903 1268/1297/5904 1263/1292/5905
f 1261/1290/5906 1269/1298/5907 1262/1291/5908
f 1260/1288/5909 1269/1298/5910 1261/1290/5911
f 1259/1289/5912 1269/1298/5913 1260/1288/5914
f 1259/1289/5915 1270/1299/5916 1269/1298/5917
f 1257/1284/5918 1134/1159/5919 1270/1299/5920
f 1257/1284/5921 1270/1299/5922 1259/1289/5923
f 1134/1159/5924 1257/1284/5925 1258/1287/5926
f 1258/1287/5927 1284/1300/5928 1134/1159/5929
f 1284/1300/5930 1135/1160/5931 1134/1159/5932
f 1271/1301/5933 1269/1298/5934 1270/1299/5935
f 1271/1301/5936 1268/1297/5937 1269/1298/5938
f 1271/1301/5939 1272/1302/5940 1268/1297/5941
f 1268/1297/5942 1272/1302/5943 1267/1296/5944
f 1272/1302/5945 1273/1303/5946 1267/1296/5947
f 1267/1296/5948 1275/1304/5949 1266/1295/5950
f 1274/1305/5951 1275/1304/5952 1267/1296/5953
f 1273/1303/5954 1274/1305/5955 1267/1296/5956
f 1266/1295/5957 1275/1304/5958 1251/1281/5959
f 1277/1306/5960 1274/1305/5961 1273/1303/5962
f 1277/1306/5963 1273/1303/5964 1276/1307/5965
f 1278/1308/5966 1274/1305/5967 1277/1306/5968
f 1275/1304/5969 1274/1305/5970 1278/1308/5971
f 1279/1309/5972 1273/1303/5973 1272/1302/5974
f 1279/1309/5975 1272/1302/5976 1280/1310/5977
f 1279/1309/5978 1276/1307/5979 1273/1303/5980
f 1281/1311/5981 1280/1310/5982 1272/1302/5983
f 1281/1311/5984 1272/1302/5985 1271/1301/5986
f 1281/1311/5987 1271/1301/5988 1270/1299/5989
f 1134/1159/5990 1281/1311/5991 1270/1299/5992
f 1134/1159/5993 1280/1310/5994 1281/1311/5995
f 1134/1159/5996 1276/1307/5997 1280/1310/5998
f 1276/1307/5999 1279/1309/6000 1280/1310/6001
f 1134/1159/6002 1166/1191/6003 1276/1307/6004
f 1277/1306/6005 1276/1307/6006 1166/1191/6007
f 1166/1191/6008 1278/1308/6009 1277/1306/6010
f 1164/1189/6011 1278/1308/6012 1166/1191/6013
f 1282/1203/6014 1251/1281/6015 1278/1308/6016
f 1282/1203/6017 1278/1308/6018 1164/1189/6019
f 1275/1304/6020 1278/1308/6021 1251/1281/6022
f 1249/1278/6023 1251/1281/6024 1282/1203/6025
f 1284/1300/6026 1283/1312/6027 1135/1160/6028
f 1299/1157/6029 1135/1160/6030 1283/1312/6031
f 1299/1157/6032 1283/1312/6033 1285/1313/6034
f 1285/1313/6035 1283/1312/6036 1286/1314/6037
f 1283/1312/6038 1287/1315/6039 1286/1314/6040
f 1284/1300/6041 1288/1316/6042 1287/1315/6043
f 1284/1300/6044 1287/1315/6045 1283/1312/6046
f 1288/1316/6047 1284/1300/6048 1258/1287/6049
f 1289/1317/6050 1290/1318/6051 1288/1316/6052
f 1289/1317/6053 1288/1316/6054 1258/1287/6055
f 1290/1318/6056 1291/1319/6057 1288/1316/6058
f 1291/1319/6059 1287/1315/6060 1288/1316/6061
f 1286/1314/6062 1287/1315/6063 1291/1319/6064
f 1286/1314/6065 1291/1319/6066 1292/1320/6067
f 1293/1321/6068 1285/1313/6069 1286/1314/6070
f 1293/1321/6071 1286/1314/6072 1294/1322/6073
f 1294/1322/6074 1286/1314/6075 1295/1323/6076
f 1295/1323/6077 1286/1314/6078 1296/1324/6079
f 1295/1323/6080 1296/1324/6081 1297/1325/6082
f 1296/1324/6083 1286/1314/6084 1292/1320/6085
f 1305/1326/6086 1298/1327/6087 1285/1313/6088
f 1305/1326/6089 1285/1313/6090 1293/1321/6091
f 1298/1327/6092 1299/1157/6093 1285/1313/6094
f 1300/1328/6095 1301/1329/6096 1302/1330/6097
f 1300/1328/6098 1302/1330/6099 1293/1321/6100
f 1302/1330/6101 1303/1331/6102 1293/1321/6103
f 1304/1332/6104 1300/1328/6105 1293/1321/6106
f 1304/1332/6107 1293/1321/6108 1294/1322/6109
f 1303/1331/6110 1305/1326/6111 1293/1321/6112
f 1304/1332/6113 1294/1322/6114 1295/1323/6115
f 1304/1332/6116 1295/1323/6117 1306/1333/6118
f 1295/1323/6119 1297/1325/6120 1306/1333/6121
f 1296/1324/6122 1292/1320/6123 1297/1325/6124
f 1292/1320/6125 1203/1233/6126 1297/1325/6127
f 1292/1320/6128 1291/1319/6129 1307/1334/6130
f 1292/1320/6131 1307/1334/6132 1203/1233/6133
f 1289/1317/6134 1446/1335/6135 1307/1334/6136
f 1291/1319/6137 1290/1318/6138 1289/1317/6139
f 1291/1319/6140 1289/1317/6141 1307/1334/6142
f 1307/1334/6143 1204/1234/6144 1203/1233/6145
f 1446/1335/6146 1204/1234/6147 1307/1334/6148
f 1308/1336/6149 1203/1233/6150 1309/1337/6151
f 1308/1336/6152 1309/1337/6153 1313/1338/6154
f 1309/1337/6155 1203/1233/6156 1310/1339/6157
f 1306/1333/6158 1297/1325/6159 1308/1336/6160
f 1297/1325/6161 1203/1233/6162 1308/1336/6163
f 1308/1336/6164 1304/1332/6165 1306/1333/6166
f 1300/1328/6167 1304/1332/6168 1311/1340/6169
f 1311/1340/6170 1304/1332/6171 1312/1341/6172
f 1313/1338/6173 1304/1332/6174 1308/1336/6175
f 1312/1341/6176 1304/1332/6177 1313/1338/6178
f 1313/1338/6179 1309/1337/6180 1314/1342/6181
f 1313/1338/6182 1314/1342/6183 1315/1343/6184
f 1314/1342/6185 1309/1337/6186 1316/1344/6187
f 1316/1344/6188 1309/1337/6189 1317/1345/6190
f 1309/1337/6191 1318/1346/6192 1317/1345/6193
f 1318/1346/6194 1309/1337/6195 1310/1339/6196
f 1310/1339/6197 1321/1347/6198 1319/1348/6199
f 1318/1346/6200 1310/1339/6201 1319/1348/6202
f 1310/1339/6203 1320/1349/6204 1321/1347/6205
f 1310/1339/6206 1322/1350/6207 1320/1349/6208
f 1322/1350/6209 1310/1339/6210 1203/1233/6211
f 1322/1350/6212 1203/1233/6213 1205/1235/6214
f 1323/1351/6215 1317/1345/6216 1319/1348/6217
f 1317/1345/6218 1318/1346/6219 1319/1348/6220
f 1316/1344/6221 1317/1345/6222 1323/1351/6223
f 1314/1342/6224 1316/1344/6225 1323/1351/6226
f 1324/1352/6227 1315/1343/6228 1314/1342/6229
f 1324/1352/6230 1314/1342/6231 1323/1351/6232
f 1324/1352/6233 1313/1338/6234 1315/1343/6235
f 1324/1352/6236 1312/1341/6237 1313/1338/6238
f 1325/1353/6239 1311/1340/6240 1312/1341/6241
f 1325/1353/6242 1312/1341/6243 1324/1352/6244
f 1311/1340/6245 1325/1353/6246 1102/1126/6247
f 1311/1340/6248 1102/1126/6249 1101/1125/6250
f 1311/1340/6251 1101/1125/6252 1300/1328/6253
f 1325/1353/6254 1324/1352/6255 1323/1351/6256
f 1088/1111/6257 1102/1126/6258 1339/1354/6259
f 1102/1126/6260 1323/1351/6261 1339/1354/6262
f 1102/1126/6263 1325/1353/6264 1323/1351/6265
f 1323/1351/6266 1326/1355/6267 1339/1354/6268
f 1326/1355/6269 1323/1351/6270 1319/1348/6271
f 1336/1356/6272 1326/1355/6273 1319/1348/6274
f 1336/1356/6275 1319/1348/6276 1327/1357/6277
f 1327/1357/6278 1319/1348/6279 1321/1347/6280
f 1327/1357/6281 1321/1347/6282 1333/1358/6283
f 1329/1359/6284 1321/1347/6285 1320/1349/6286
f 1328/1360/6287 1333/1358/6288 1329/1359/6289
f 1333/1358/6290 1321/1347/6291 1329/1359/6292
f 1320/1349/6293 1375/1361/6294 1330/1362/6295
f 1320/1349/6296 1330/1362/6297 1329/1359/6298
f 1320/1349/6299 1322/1350/6300 1375/1361/6301
f 1331/1363/6302 1329/1359/6303 1330/1362/6304
f 1328/1360/6305 1329/1359/6306 1331/1363/6307
f 1332/1364/6308 1333/1358/6309 1334/1365/6310
f 1333/1358/6311 1328/1360/6312 1334/1365/6313
f 1349/1366/6314 1334/1365/6315 1328/1360/6316
f 1349/1366/6317 1328/1360/6318 1331/1363/6319
f 1335/1367/6320 1327/1357/6321 1333/1358/6322
f 1335/1367/6323 1336/1356/6324 1327/1357/6325
f 1326/1355/6326 1336/1356/6327 1338/1368/6328
f 1336/1356/6329 1337/1369/6330 1338/1368/6331
f 1338/1368/6332 1339/1354/6333 1326/1355/6334
f 1340/1370/6335 1088/1111/6336 1339/1354/6337
f 1340/1370/6338 1339/1354/6339 1341/1371/6340
f 1341/1371/6341 1339/1354/6342 1342/1372/6343
f 1338/1368/6344 1342/1372/6345 1339/1354/6346
f 1343/1373/6347 1433/1374/6348 1342/1372/6349
f 1343/1373/6350 1342/1372/6351 1338/1368/6352
f 1343/1373/6353 1338/1368/6354 1337/1369/6355
f 1343/1373/6356 1337/1369/6357 1344/1375/6358
f 1337/1369/6359 1336/1356/6360 1345/1376/6361
f 1337/1369/6362 1345/1376/6363 1344/1375/6364
f 1335/1367/6365 1346/1377/6366 1336/1356/6367
f 1346/1377/6368 1345/1376/6369 1336/1356/6370
f 1346/1377/6371 1335/1367/6372 1333/1358/6373
f 1346/1377/6374 1333/1358/6375 1332/1364/6376
f 1334/1365/6377 1351/1378/6378 1347/1379/6379
f 1334/1365/6380 1347/1379/6381 1332/1364/6382
f 1332/1364/6383 1347/1379/6384 1346/1377/6385
f 1348/1380/6386 1351/1378/6387 1349/1366/6388
f 1351/1378/6389 1334/1365/6390 1349/1366/6391
f 1359/1381/6392 1350/1382/6393 1348/1380/6394
f 1359/1381/6395 1348/1380/6396 1352/1383/6397
f 1348/1380/6398 1350/1382/6399 1351/1378/6400
f 1348/1380/6401 1349/1366/6402 1352/1383/6403
f 1351/1378/6404 1345/1376/6405 1347/1379/6406
f 1347/1379/6407 1345/1376/6408 1346/1377/6409
f 1353/1384/6410 1344/1375/6411 1354/1385/6412
f 1344/1375/6413 1355/1386/6414 1356/1387/6415
f 1354/1385/6416 1344/1375/6417 1356/1387/6418
f 1354/1385/6419 1356/1387/6420 1357/1388/6421
f 1353/1384/6422 1343/1373/6423 1344/1375/6424
f 1344/1375/6425 1345/1376/6426 1355/1386/6427
f 1351/1378/6428 1355/1386/6429 1345/1376/6430
f 1351/1378/6431 1350/1382/6432 1356/1387/6433
f 1351/1378/6434 1356/1387/6435 1355/1386/6436
f 1358/1389/6437 1357/1388/6438 1356/1387/6439
f 1358/1389/6440 1356/1387/6441 1350/1382/6442
f 1359/1381/6443 1367/1390/6444 1358/1389/6445
f 1359/1381/6446 1358/1389/6447 1350/1382/6448
f 1360/1391/6449 1359/1381/6450 1361/1392/6451
f 1359/1381/6452 1352/1383/6453 1361/1392/6454
f 1361/1392/6455 1352/1383/6456 1362/1393/6457
f 1362/1393/6458 1352/1383/6459 1349/1366/6460
f 1362/1393/6461 1349/1366/6462 1331/1363/6463
f 1361/1392/6464 1362/1393/6465 1363/1394/6466
f 1362/1393/6467 1331/1363/6468 1330/1362/6469
f 1362/1393/6470 1330/1362/6471 1363/1394/6472
f 1365/1395/6473 1361/1392/6474 1364/1396/6475
f 1360/1391/6476 1361/1392/6477 1365/1395/6478
f 1361/1392/6479 1363/1394/6480 1364/1396/6481
f 1360/1391/6482 1367/1390/6483 1359/1381/6484
f 1360/1391/6485 1365/1395/6486 1366/1397/6487
f 1360/1391/6488 1366/1397/6489 1367/1390/6490
f 1358/1389/6491 1368/1398/6492 1357/1388/6493
f 1354/1385/6494 1357/1388/6495 1368/1398/6496
f 1353/1384/6497 1354/1385/6498 1369/1399/6499
f 1369/1399/6500 1354/1385/6501 1368/1398/6502
f 1381/1400/6503 1358/1389/6504 1367/1390/6505
f 1381/1400/6506 1367/1390/6507 1366/1397/6508
f 1365/1395/6509 1372/1401/6510 1366/1397/6511
f 1378/1402/6512 1366/1397/6513 1372/1401/6514
f 1378/1402/6515 1372/1401/6516 1370/1403/6517
f 1371/1404/6518 1381/1400/6519 1366/1397/6520
f 1371/1404/6521 1366/1397/6522 1378/1402/6523
f 1372/1401/6524 1365/1395/6525 1364/1396/6526
f 1372/1401/6527 1364/1396/6528 1373/1405/6529
f 1373/1405/6530 1364/1396/6531 1374/1406/6532
f 1364/1396/6533 1363/1394/6534 1374/1406/6535
f 1374/1406/6536 1363/1394/6537 1375/1361/6538
f 1363/1394/6539 1330/1362/6540 1375/1361/6541
f 1376/1407/6542 1375/1361/6543 1322/1350/6544
f 1374/1406/6545 1375/1361/6546 1376/1407/6547
f 1377/1408/6548 1374/1406/6549 1376/1407/6550
f 1377/1408/6551 1373/1405/6552 1374/1406/6553
f 1372/1401/6554 1373/1405/6555 1370/1403/6556
f 1373/1405/6557 1377/1408/6558 1370/1403/6559
f 1378/1402/6560 1370/1403/6561 1377/1408/6562
f 1379/1409/6563 1371/1404/6564 1378/1402/6565
f 1379/1409/6566 1378/1402/6567 1380/1410/6568
f 1379/1409/6569 1381/1400/6570 1371/1404/6571
f 1381/1400/6572 1368/1398/6573 1358/1389/6574
f 1368/1398/6575 1382/1411/6576 1369/1399/6577
f 1379/1409/6578 1382/1411/6579 1368/1398/6580
f 1379/1409/6581 1368/1398/6582 1381/1400/6583
f 1411/1412/6584 1413/1413/6585 1379/1409/6586
f 1411/1412/6587 1379/1409/6588 1383/1414/6589
f 1379/1409/6590 1413/1413/6591 1382/1411/6592
f 1383/1414/6593 1379/1409/6594 1380/1410/6595
f 1378/1402/6596 1384/1415/6597 1380/1410/6598
f 1383/1414/6599 1380/1410/6600 1386/1416/6601
f 1383/1414/6602 1386/1416/6603 1392/1417/6604
f 1384/1415/6605 1388/1418/6606 1385/1419/6607
f 1384/1415/6608 1385/1419/6609 1380/1410/6610
f 1380/1410/6611 1385/1419/6612 1386/1416/6613
f 1378/1402/6614 1377/1408/6615 1384/1415/6616
f 1377/1408/6617 1376/1407/6618 1384/1415/6619
f 1384/1415/6620 1376/1407/6621 1388/1418/6622
f 1388/1418/6623 1387/1420/6624 1385/1419/6625
f 1386/1416/6626 1385/1419/6627 1389/1421/6628
f 1385/1419/6629 1387/1420/6630 1390/1422/6631
f 1385/1419/6632 1390/1422/6633 1389/1421/6634
f 1391/1423/6635 1386/1416/6636 1389/1421/6637
f 1392/1417/6638 1386/1416/6639 1391/1423/6640
f 1392/1417/6641 1391/1423/6642 1394/1424/6643
f 1411/1412/6644 1383/1414/6645 1393/1425/6646
f 1411/1412/6647 1393/1425/6648 1410/1426/6649
f 1393/1425/6650 1383/1414/6651 1392/1417/6652
f 1393/1425/6653 1392/1417/6654 1394/1424/6655
f 1408/1091/6656 1394/1424/6657 1396/1427/6658
f 1394/1424/6659 1395/1428/6660 1396/1427/6661
f 1394/1424/6662 1391/1423/6663 1395/1428/6664
f 1391/1423/6665 1397/1429/6666 1395/1428/6667
f 1391/1423/6668 1389/1421/6669 1398/1430/6670
f 1391/1423/6671 1398/1430/6672 1397/1429/6673
f 1398/1430/6674 1399/1431/6675 1397/1429/6676
f 1389/1421/6677 1390/1422/6678 1398/1430/6679
f 1390/1422/6680 1400/1432/6681 1398/1430/6682
f 1388/1418/6683 1402/1433/6684 1387/1420/6685
f 1387/1420/6686 1402/1433/6687 1401/1434/6688
f 1387/1420/6689 1401/1434/6690 1400/1432/6691
f 1387/1420/6692 1400/1432/6693 1390/1422/6694
f 1388/1418/6695 1376/1407/6696 1402/1433/6697
f 1401/1434/6698 1403/1230/6699 1405/1217/6700
f 1401/1434/6701 1405/1217/6702 1400/1432/6703
f 1401/1434/6704 1402/1433/6705 1404/1236/6706
f 1401/1434/6707 1404/1236/6708 1403/1230/6709
f 1398/1430/6710 1400/1432/6711 1405/1217/6712
f 1398/1430/6713 1405/1217/6714 1190/1216/6715
f 1398/1430/6716 1190/1216/6717 1399/1431/6718
f 1190/1216/6719 1186/1212/6720 1399/1431/6721
f 1402/1433/6722 1376/1407/6723 1322/1350/6724
f 1402/1433/6725 1322/1350/6726 1404/1236/6727
f 1322/1350/6728 1205/1235/6729 1404/1236/6730
f 1404/1236/6731 1206/1232/6732 1403/1230/6733
f 1405/1217/6734 1403/1230/6735 1191/1218/6736
f 1408/1091/6737 1396/1427/6738 1406/1435/6739
f 1407/1093/6740 1408/1091/6741 1406/1435/6742
f 1408/1091/6743 1070/1090/6744 1394/1424/6745
f 1070/1090/6746 1409/1436/6747 1410/1426/6748
f 1070/1090/6749 1410/1426/6750 1394/1424/6751
f 1394/1424/6752 1410/1426/6753 1393/1425/6754
f 1410/1426/6755 1409/1436/6756 1411/1412/6757
f 1411/1412/6758 1409/1436/6759 1085/1109/6760
f 1409/1436/6761 1070/1090/6762 1084/1108/6763
f 1409/1436/6764 1084/1108/6765 1085/1109/6766
f 1083/1106/6767 1411/1412/6768 1085/1109/6769
f 1412/1437/6770 1411/1412/6771 1083/1106/6772
f 1083/1106/6773 1088/1111/6774 1412/1437/6775
f 1411/1412/6776 1412/1437/6777 1414/1438/6778
f 1412/1437/6779 1416/1439/6780 1414/1438/6781
f 1411/1412/6782 1414/1438/6783 1413/1413/6784
f 1415/1440/6785 1414/1438/6786 1416/1439/6787
f 1088/1111/6788 1416/1439/6789 1412/1437/6790
f 1088/1111/6791 1417/1441/6792 1416/1439/6793
f 1087/1110/6794 1083/1106/6795 1085/1109/6796
f 1087/1110/6797 1086/1107/6798 1083/1106/6799
f 1418/1442/6800 1417/1441/6801 1419/1443/6802
f 1420/1444/6803 1416/1439/6804 1417/1441/6805
f 1420/1444/6806 1417/1441/6807 1418/1442/6808
f 1420/1444/6809 1415/1440/6810 1416/1439/6811
f 1415/1440/6812 1425/1445/6813 1414/1438/6814
f 1415/1440/6815 1421/1446/6816 1425/1445/6817
f 1420/1444/6818 1421/1446/6819 1415/1440/6820
f 1425/1445/6821 1422/1447/6822 1414/1438/6823
f 1422/1447/6824 1413/1413/6825 1414/1438/6826
f 1423/1448/6827 1413/1413/6828 1422/1447/6829
f 1425/1445/6830 1424/1449/6831 1422/1447/6832
f 1425/1445/6833 1421/1446/6834 1427/1450/6835
f 1420/1444/6836 1418/1442/6837 1421/1446/6838
f 1418/1442/6839 1426/1451/6840 1421/1446/6841
f 1421/1446/6842 1426/1451/6843 1427/1450/6844
f 1418/1442/6845 1419/1443/6846 1426/1451/6847
f 1340/1370/6848 1419/1443/6849 1417/1441/6850
f 1419/1443/6851 1428/1452/6852 1426/1451/6853
f 1340/1370/6854 1428/1452/6855 1419/1443/6856
f 1088/1111/6857 1340/1370/6858 1417/1441/6859
f 1340/1370/6860 1341/1371/6861 1428/1452/6862
f 1429/1453/6863 1430/1454/6864 1426/1451/6865
f 1429/1453/6866 1426/1451/6867 1428/1452/6868
f 1429/1453/6869 1428/1452/6870 1431/1455/6871
f 1431/1455/6872 1428/1452/6873 1341/1371/6874
f 1427/1450/6875 1426/1451/6876 1430/1454/6877
f 1430/1454/6878 1432/1456/6879 1427/1450/6880
f 1432/1456/6881 1424/1449/6882 1427/1450/6883
f 1425/1445/6884 1427/1450/6885 1424/1449/6886
f 1353/1384/6887 1423/1448/6888 1424/1449/6889
f 1423/1448/6890 1422/1447/6891 1424/1449/6892
f 1423/1448/6893 1353/1384/6894 1369/1399/6895
f 1343/1373/6896 1353/1384/6897 1432/1456/6898
f 1353/1384/6899 1424/1449/6900 1432/1456/6901
f 1430/1454/6902 1433/1374/6903 1432/1456/6904
f 1429/1453/6905 1433/1374/6906 1430/1454/6907
f 1429/1453/6908 1431/1455/6909 1433/1374/6910
f 1431/1455/6911 1342/1372/6912 1433/1374/6913
f 1341/1371/6914 1342/1372/6915 1431/1455/6916
f 1343/1373/6917 1432/1456/6918 1433/1374/6919
f 1369/1399/6920 1382/1411/6921 1413/1413/6922
f 1369/1399/6923 1413/1413/6924 1423/1448/6925
f 1300/1328/6926 1101/1125/6927 1301/1329/6928
f 1434/1124/6929 1301/1329/6930 1101/1125/6931
f 1435/1457/6932 1302/1330/6933 1301/1329/6934
f 1435/1457/6935 1301/1329/6936 1434/1124/6937
f 1436/1458/6938 1437/1459/6939 1435/1457/6940
f 1436/1458/6941 1435/1457/6942 1434/1124/6943
f 1100/1123/6944 1436/1458/6945 1434/1124/6946
f 1100/1123/6947 1099/1122/6948 1436/1458/6949
f 1436/1458/6950 1099/1122/6951 1438/1460/6952
f 1436/1458/6953 1129/1154/6954 1437/1459/6955
f 1438/1460/6956 1439/1152/6957 1129/1154/6958
f 1438/1460/6959 1129/1154/6960 1436/1458/6961
f 1435/1457/6962 1437/1459/6963 1440/1461/6964
f 1437/1459/6965 1441/1462/6966 1440/1461/6967
f 1435/1457/6968 1440/1461/6969 1302/1330/6970
f 1441/1462/6971 1303/1331/6972 1302/1330/6973
f 1441/1462/6974 1302/1330/6975 1440/1461/6976
f 1441/1462/6977 1437/1459/6978 1442/1463/6979
f 1442/1463/6980 1437/1459/6981 1443/1464/6982
f 1443/1464/6983 1437/1459/6984 1444/1465/6985
f 1443/1464/6986 1444/1465/6987 1445/1466/6988
f 1437/1459/6989 1129/1154/6990 1444/1465/6991
f 1129/1154/6992 1130/1155/6993 1444/1465/6994
f 1114/1127/6995 1439/1152/6996 1438/1460/6997
f 1114/1127/6998 1115/1138/6999 1439/1152/7000
f 1099/1122/7001 1103/1115/7002 1114/1127/7003
f 1099/1122/7004 1114/1127/7005 1438/1460/7006
f 1131/1156/7007 1445/1466/7008 1444/1465/7009
f 1131/1156/7010 1444/1465/7011 1130/1155/7012
f 1443/1464/7013 1445/1466/7014 1305/1326/7015
f 1131/1156/7016 1305/1326/7017 1445/1466/7018
f 1443/1464/7019 1305/1326/7020 1303/1331/7021
f 1443/1464/7022 1303/1331/7023 1442/1463/7024
f 1441/1462/7025 1442/1463/7026 1303/1331/7027
f 1131/1156/7028 1298/1327/7029 1305/1326/7030
f 1298/1327/7031 1131/1156/7032 1299/1157/7033
f 1289/1317/7034 1258/1287/7035 1446/1335/7036
f 1258/1287/7037 1231/1260/7038 1446/1335/7039
f 1447/1467/7040 1204/1234/7041 1446/1335/7042
f 1446/1335/7043 1231/1260/7044 1447/1467/7045
f 1447/1467/7046 1231/1260/7047 1204/1234/7048
f 1178/1204/7049 1223/1253/7050 1175/1200/7051
f 1107/1133/7052 1149/1174/7053 1120/1144/7054
f 1107/1133/7055 1120/1144/7056 1108/1134/7057
f 1149/1174/7058 1122/1146/7059 1120/1144/7060
f 1122/1146/7061 1121/1145/7062 1120/1144/7063
f 1149/1174/7064 1123/1147/7065 1122/1146/7066
f 1149/1174/7067 1148/1173/7068 1123/1147/7069
s 1
f 1448/1468/7070 1450/1469/7071 1455/1470/7072 1449/1471/7073
f 1450/1469/7071 1448/1468/7070 1451/1472/7074 1457/1473/7075
f 1448/1468/7070 1452/1474/7076 1459/1475/7077 1451/1472/7074
f 1453/1476/7078 1448/1468/7070 1454/1477/7079
f 1448/1468/7070 1449/1471/7073 1454/1477/7079
f 1453/1476/7078 1452/1474/7076 1448/1468/7070
f 1449/1471/7073 1455/1470/7072 1465/1478/7080 1456/1479/7081
f 1454/1477/7079 1449/1471/7073 1456/1479/7082 1463/1480/7083
f 1450/1469/7071 1458/1481/7084 1464/1482/7085 1455/1470/7072
f 1458/1481/7084 1450/1469/7071 1457/1473/7075 1466/1483/7086
f 1459/1475/7077 1467/1484/7087 1457/1473/7075 1451/1472/7074
f 1453/1476/7078 1460/1485/7088 1452/1474/7076
f 1460/1485/7088 1469/1486/7089 1459/1475/7077 1452/1474/7076
s off
f 1453/1476/7090 1454/1477/7091 1463/1480/7092 1461/1487/7093
s 1
f 1453/1476/7078 1462/1488/7094 1460/1485/7088
s off
f 1462/1488/7095 1453/1476/7096 1461/1487/7097 1472/1489/7098
s 1
f 1455/1470/7072 1464/1482/7085 1473/1490/7099 1465/1478/7100
s off
f 1456/1479/7101 1465/1478/7102 1461/1487/7103
f 1463/1480/7104 1456/1479/7105 1461/1487/7106
s 1
f 1457/1473/7075 1467/1484/7087 1478/1491/7107 1466/1483/7086
f 1468/1492/7108 1458/1481/7084 1466/1483/7086 1479/1493/7109
f 1458/1481/7084 1468/1492/7108 1477/1494/7110 1464/1482/7085
f 1459/1475/7077 1469/1486/7089 1480/1495/7111 1467/1484/7087
f 1462/1488/7094 1470/1496/7112 1460/1485/7088
f 1460/1485/7088 1470/1496/7112 1482/1497/7113 1471/1498/7114
f 1471/1498/7114 1480/1495/7111 1469/1486/7089 1460/1485/7088
s off
f 1465/1478/7115 1473/1490/7116 1461/1487/7117
f 1461/1487/7118 1473/1490/7119 1474/1499/7120
f 1472/1489/7121 1461/1487/7122 1475/1500/7123
f 1475/1500/7124 1461/1487/7125 1476/1501/7126
f 1476/1501/7127 1461/1487/7128 1474/1499/7129
s 1
f 1470/1496/7112 1462/1488/7094 1472/1489/7130 1475/1500/7131
f 1464/1482/7085 1477/1494/7110 1484/1502/7132 1473/1490/7133
f 1466/1483/7086 1478/1491/7107 1488/1503/7134 1479/1493/7109
f 1480/1495/7111 1489/1504/7135 1478/1491/7107 1467/1484/7087
f 1481/1505/7136 1468/1492/7108 1479/1493/7109 1490/1506/7137
f 1468/1492/7108 1481/1505/7136 1487/1507/7138 1477/1494/7110
f 1482/1497/7113 1470/1496/7112 1475/1500/7139 1476/1501/7140
f 1483/1508/7141 1489/1504/7135 1480/1495/7111 1471/1498/7114
f 1471/1498/7114 1482/1497/7113 1486/1509/7142 1483/1508/7141
s off
f 1474/1499/7143 1473/1490/7144 1485/1510/7145
f 1473/1490/7146 1484/1502/7147 1485/1510/7148
s 1
f 1495/1511/7149 1486/1509/7142 1474/1499/7150 1485/1510/7151
f 1486/1509/7142 1482/1497/7113 1476/1501/7152 1474/1499/7153
f 1477/1494/7110 1487/1507/7138 1493/1512/7154 1484/1502/7155
f 1489/1504/7135 1497/1513/7156 1488/1503/7134 1478/1491/7107
f 1479/1493/7109 1488/1503/7134 1498/1514/7157 1490/1506/7137
f 1491/1515/7158 1481/1505/7136 1490/1506/7137 1499/1516/7159
f 1481/1505/7136 1491/1515/7158 1496/1517/7160 1487/1507/7138
f 1483/1508/7141 1486/1509/7142 1495/1511/7149 1492/1518/7161
f 1492/1518/7161 1497/1513/7156 1489/1504/7135 1483/1508/7141
s off
f 1485/1510/7162 1484/1502/7163 1494/1519/7164
f 1484/1502/7165 1493/1512/7166 1494/1519/7167
s 1
f 1504/1520/7168 1495/1511/7149 1485/1510/7169 1494/1519/7170
f 1487/1507/7138 1496/1517/7160 1502/1521/7171 1493/1512/7172
f 1497/1513/7156 1506/1522/7173 1498/1514/7157 1488/1503/7134
f 1490/1506/7137 1498/1514/7157 1507/1523/7174 1499/1516/7159
f 1500/1524/7175 1491/1515/7158 1499/1516/7159 1508/1525/7176
f 1491/1515/7158 1500/1524/7175 1505/1526/7177 1496/1517/7160
f 1501/1527/7178 1506/1522/7173 1497/1513/7156 1492/1518/7161
f 1492/1518/7161 1495/1511/7149 1504/1520/7168 1501/1527/7178
s off
f 1494/1519/7179 1493/1512/7180 1503/1528/7181
f 1493/1512/7182 1502/1521/7183 1503/1528/7184
s 1
f 1513/1529/7185 1504/1520/7168 1494/1519/7186 1503/1528/7187
f 1496/1517/7160 1505/1526/7177 1511/1530/7188 1502/1521/7189
f 1506/1522/7173 1515/1531/7190 1507/1523/7174 1498/1514/7157
f 1499/1516/7159 1507/1523/7174 1516/1532/7191 1508/1525/7176
f 1509/1533/7192 1500/1524/7175 1508/1525/7176 1517/1534/7193
f 1500/1524/7175 1509/1533/7192 1514/1535/7194 1505/1526/7177
f 1510/1536/7195 1515/1531/7190 1506/1522/7173 1501/1527/7178
f 1501/1527/7178 1504/1520/7168 1513/1529/7185 1510/1536/7195
s off
f 1503/1528/7196 1502/1521/7197 1512/1537/7198
f 1502/1521/7199 1511/1530/7200 1512/1537/7201
s 1
f 1522/1538/7202 1513/1529/7185 1503/1528/7203 1512/1537/7204
f 1505/1526/7177 1514/1535/7194 1520/1539/7205 1511/1530/7206
f 1515/1531/7190 1524/1540/7207 1516/1532/7191 1507/1523/7174
f 1508/1525/7176 1516/1532/7191 1525/1541/7208 1517/1534/7193
f 1518/1542/7209 1509/1533/7192 1517/1534/7193 1526/1543/7210
f 1509/1533/7192 1518/1542/7209 1523/1544/7211 1514/1535/7194
f 1510/1536/7195 1513/1529/7185 1522/1538/7202 1519/1545/7212
f 1519/1545/7212 1524/1540/7207 1515/1531/7190 1510/1536/7195
s off
f 1512/1537/7213 1511/1530/7214 1521/1546/7215
f 1511/1530/7216 1520/1539/7217 1521/1546/7218
s 1
f 1536/1547/7219 1522/1538/7202 1512/1537/7220 1521/1546/7221
f 1514/1535/7194 1523/1544/7211 1532/1548/7222 1520/1539/7223
f 1524/1540/7207 1537/1549/7224 1525/1541/7208 1516/1532/7191
f 1517/1534/7193 1525/1541/7208 1526/1543/7210
f 1527/1550/7225 1518/1542/7209 1526/1543/7210 1539/1551/7226
f 1518/1542/7209 1528/1552/7227 1523/1544/7211
f 1518/1542/7209 1529/1553/7228 1528/1552/7227
f 1518/1542/7209 1527/1550/7225 1529/1553/7228
f 1519/1545/7212 1522/1538/7202 1536/1547/7219 1530/1554/7229
f 1530/1554/7229 1537/1549/7224 1524/1540/7207 1519/1545/7212
s off
f 1521/1546/7230 1520/1539/7231 1531/1555/7232
f 1531/1555/7233 1520/1539/7234 1533/1556/7235
f 1533/1556/7236 1520/1539/7237 1534/1557/7238
f 1534/1557/7239 1520/1539/7240 1535/1558/7241
f 1520/1539/7242 1532/1548/7243 1535/1558/7244
s 1
f 1546/1559/7245 1536/1547/7219 1521/1546/7246 1531/1555/7247
f 1523/1544/7211 1528/1552/7227 1543/1560/7248 1532/1548/7249
f 1537/1549/7224 1538/1561/7250 1525/1541/7208
f 1525/1541/7208 1539/1551/7226 1526/1543/7210
f 1525/1541/7208 1540/1562/7251 1539/1551/7226
f 1538/1561/7250 1541/1563/7252 1525/1541/7208
f 1541/1563/7252 1540/1562/7251 1525/1541/7208
f 1540/1562/7251 1542/1564/7253 1527/1550/7225 1539/1551/7226
f 1527/1550/7225 1542/1564/7253 1544/1565/7254 1529/1553/7228
f 1528/1566/7227 1529/1567/7228 1535/1568/7255 1543/1569/7256
f 1529/1567/7228 1544/1570/7254 1534/1571/7257 1535/1568/7258
f 1530/1554/7229 1536/1547/7219 1546/1559/7245 1545/1572/7259
f 1545/1572/7259 1538/1561/7250 1537/1549/7224 1530/1554/7229
f 1550/1573/7260 1546/1559/7245 1531/1555/7261 1547/1574/7262
s off
f 1547/1574/7263 1531/1555/7264 1533/1556/7265
f 1543/1560/7266 1535/1558/7267 1532/1548/7268
s 1
f 1544/1570/7254 1548/1575/7269 1533/1576/7270 1534/1571/7271
f 1548/1575/7269 1550/1577/7260 1547/1578/7272 1533/1576/7273
f 1549/1579/7274 1541/1563/7252 1538/1561/7250 1545/1572/7259
f 1540/1562/7251 1541/1563/7252 1549/1579/7274 1542/1564/7253
f 1549/1579/7274 1548/1580/7269 1544/1565/7254 1542/1564/7253
f 1545/1572/7259 1546/1559/7245 1550/1573/7260
f 1545/1572/7259 1548/1580/7269 1549/1579/7274
f 1545/1572/7259 1550/1573/7260 1548/1580/7269
